Site,Parameter,Date (LT),Year,Month,Day,Hour,NowCast Conc.,AQI,AQI Category,Raw Conc.,Conc. Unit,Duration,QC Name
Embassy Kathmandu,PM2.5 - Principal,2018-01-01 01:00 AM,2018,1,1,1,127.2,188,Unhealthy,131.0,UG/M3,1 Hr,Valid
Embassy Kathmandu,PM2.5 - Principal,2018-01-01 02:00 AM,2018,1,1,2,106.1,177,Unhealthy,85.0,UG/M3,1 Hr,Valid
Embassy Kathmandu,PM2.5 - Principal,2018-01-01 03:00 AM,2018,1,1,3,90.0,169,Unhealthy,74.0,UG/M3,1 Hr,Valid
Embassy Kathmandu,PM2.5 - Principal,2018-01-01 04:00 AM,2018,1,1,4,84.5,166,Unhealthy,79.0,UG/M3,1 Hr,Valid
Embassy Kathmandu,PM2.5 - Principal,2018-01-01 05:00 AM,2018,1,1,5,84.7,166,Unhealthy,85.0,UG/M3,1 Hr,Valid
Embassy Kathmandu,PM2.5 - Principal,2018-01-01 06:00 AM,2018,1,1,6,85.3,166,Unhealthy,86.0,UG/M3,1 Hr,Valid
Embassy Kathmandu,PM2.5 - Principal,2018-01-01 07:00 AM,2018,1,1,7,92.2,170,Unhealthy,99.0,UG/M3,1 Hr,Valid
Embassy Kathmandu,PM2.5 - Principal,2018-01-01 08:00 AM,2018,1,1,8,111.6,180,Unhealthy,131.0,UG/M3,1 Hr,Valid
Embassy Kathmandu,PM2.5 - Principal,2018-01-01 09:00 AM,2018,1,1,9,130.3,190,Unhealthy,149.0,UG/M3,1 Hr,Valid
Embassy Kathmandu,PM2.5 - Principal,2018-01-01 10:00 AM,2018,1,1,10,139.6,194,Unhealthy,149.0,UG/M3,1 Hr,Valid
Embassy Kathmandu,PM2.5 - Principal,2018-01-01 11:00 AM,2018,1,1,11,131.8,190,Unhealthy,124.0,UG/M3,1 Hr,Valid
Embassy Kathmandu,PM2.5 - Principal,2018-01-01 12:00 PM,2018,1,1,12,89.9,169,Unhealthy,48.0,UG/M3,1 Hr,Valid
Embassy Kathmandu,PM2.5 - Principal,2018-01-01 01:00 PM,2018,1,1,13,56.4,151,Unhealthy,23.0,UG/M3,1 Hr,Valid
Embassy Kathmandu,PM2.5 - Principal,2018-01-01 02:00 PM,2018,1,1,14,36.7,104,Unhealthy for Sensitive Groups,17.0,UG/M3,1 Hr,Valid
Embassy Kathmandu,PM2.5 - Principal,2018-01-01 03:00 PM,2018,1,1,15,31.8,92,Moderate,27.0,UG/M3,1 Hr,Valid
Embassy Kathmandu,PM2.5 - Principal,2018-01-01 04:00 PM,2018,1,1,16,33.9,97,Moderate,36.0,UG/M3,1 Hr,Valid
Embassy Kathmandu,PM2.5 - Principal,2018-01-01 05:00 PM,2018,1,1,17,34.9,99,Moderate,36.0,UG/M3,1 Hr,Valid
Embassy Kathmandu,PM2.5 - Principal,2018-01-01 06:00 PM,2018,1,1,18,43.9,122,Unhealthy for Sensitive Groups,53.0,UG/M3,1 Hr,Valid
Embassy Kathmandu,PM2.5 - Principal,2018-01-01 07:00 PM,2018,1,1,19,76.4,162,Unhealthy,109.0,UG/M3,1 Hr,Valid
Embassy Kathmandu,PM2.5 - Principal,2018-01-01 08:00 PM,2018,1,1,20,79.7,163,Unhealthy,83.0,UG/M3,1 Hr,Valid
Embassy Kathmandu,PM2.5 - Principal,2018-01-01 09:00 PM,2018,1,1,21,72.8,160,Unhealthy,66.0,UG/M3,1 Hr,Valid
Embassy Kathmandu,PM2.5 - Principal,2018-01-01 10:00 PM,2018,1,1,22,65.4,156,Unhealthy,58.0,UG/M3,1 Hr,Valid
Embassy Kathmandu,PM2.5 - Principal,2018-01-01 11:00 PM,2018,1,1,23,85.2,166,Unhealthy,105.0,UG/M3,1 Hr,Valid
Embassy Kathmandu,PM2.5 - Principal,2018-01-02 12:00 AM,2018,1,2,0,65.6,156,Unhealthy,46.0,UG/M3,1 Hr,Valid
Embassy Kathmandu,PM2.5 - Principal,2018-01-02 01:00 AM,2018,1,2,1,62.3,155,Unhealthy,59.0,UG/M3,1 Hr,Valid
Embassy Kathmandu,PM2.5 - Principal,2018-01-02 02:00 AM,2018,1,2,2,59.6,153,Unhealthy,57.0,UG/M3,1 Hr,Valid
Embassy Kathmandu,PM2.5 - Principal,2018-01-02 03:00 AM,2018,1,2,3,50.8,139,Unhealthy for Sensitive Groups,42.0,UG/M3,1 Hr,Valid
Embassy Kathmandu,PM2.5 - Principal,2018-01-02 04:00 AM,2018,1,2,4,46.4,128,Unhealthy for Sensitive Groups,42.0,UG/M3,1 Hr,Valid
Embassy Kathmandu,PM2.5 - Principal,2018-01-02 05:00 AM,2018,1,2,5,50.7,138,Unhealthy for Sensitive Groups,55.0,UG/M3,1 Hr,Valid
Embassy Kathmandu,PM2.5 - Principal,2018-01-02 06:00 AM,2018,1,2,6,56.3,151,Unhealthy,62.0,UG/M3,1 Hr,Valid
Embassy Kathmandu,PM2.5 - Principal,2018-01-02 07:00 AM,2018,1,2,7,57.1,152,Unhealthy,58.0,UG/M3,1 Hr,Valid
Embassy Kathmandu,PM2.5 - Principal,2018-01-02 08:00 AM,2018,1,2,8,73.5,160,Unhealthy,90.0,UG/M3,1 Hr,Valid
Embassy Kathmandu,PM2.5 - Principal,2018-01-02 09:00 AM,2018,1,2,9,97.3,173,Unhealthy,121.0,UG/M3,1 Hr,Valid
Embassy Kathmandu,PM2.5 - Principal,2018-01-02 10:00 AM,2018,1,2,10,103.6,176,Unhealthy,110.0,UG/M3,1 Hr,Valid
Embassy Kathmandu,PM2.5 - Principal,2018-01-02 11:00 AM,2018,1,2,11,82.3,165,Unhealthy,61.0,UG/M3,1 Hr,Valid
Embassy Kathmandu,PM2.5 - Principal,2018-01-02 12:00 PM,2018,1,2,12,57.1,152,Unhealthy,32.0,UG/M3,1 Hr,Valid
Embassy Kathmandu,PM2.5 - Principal,2018-01-02 01:00 PM,2018,1,2,13,40.5,113,Unhealthy for Sensitive Groups,24.0,UG/M3,1 Hr,Valid
Embassy Kathmandu,PM2.5 - Principal,2018-01-02 02:00 PM,2018,1,2,14,34.7,99,Moderate,29.0,UG/M3,1 Hr,Valid
Embassy Kathmandu,PM2.5 - Principal,2018-01-02 03:00 PM,2018,1,2,15,25.3,79,Moderate,16.0,UG/M3,1 Hr,Valid
Embassy Kathmandu,PM2.5 - Principal,2018-01-02 04:00 PM,2018,1,2,16,20.6,69,Moderate,16.0,UG/M3,1 Hr,Valid
Embassy Kathmandu,PM2.5 - Principal,2018-01-02 05:00 PM,2018,1,2,17,20.3,68,Moderate,20.0,UG/M3,1 Hr,Valid
Embassy Kathmandu,PM2.5 - Principal,2018-01-02 06:00 PM,2018,1,2,18,26.6,81,Moderate,33.0,UG/M3,1 Hr,Valid
Embassy Kathmandu,PM2.5 - Principal,2018-01-02 07:00 PM,2018,1,2,19,67.3,157,Unhealthy,108.0,UG/M3,1 Hr,Valid
Embassy Kathmandu,PM2.5 - Principal,2018-01-02 08:00 PM,2018,1,2,20,90.6,169,Unhealthy,114.0,UG/M3,1 Hr,Valid
Embassy Kathmandu,PM2.5 - Principal,2018-01-02 09:00 PM,2018,1,2,21,107.8,178,Unhealthy,125.0,UG/M3,1 Hr,Valid
Embassy Kathmandu,PM2.5 - Principal,2018-01-02 10:00 PM,2018,1,2,22,113.9,181,Unhealthy,120.0,UG/M3,1 Hr,Valid
Embassy Kathmandu,PM2.5 - Principal,2018-01-02 11:00 PM,2018,1,2,23,103.9,176,Unhealthy,94.0,UG/M3,1 Hr,Valid
Embassy Kathmandu,PM2.5 - Principal,2018-01-03 12:00 AM,2018,1,3,0,92.9,170,Unhealthy,82.0,UG/M3,1 Hr,Valid
Embassy Kathmandu,PM2.5 - Principal,2018-01-03 01:00 AM,2018,1,3,1,78.4,163,Unhealthy,64.0,UG/M3,1 Hr,Valid
Embassy Kathmandu,PM2.5 - Principal,2018-01-03 02:00 AM,2018,1,3,2,62.7,155,Unhealthy,47.0,UG/M3,1 Hr,Valid
Embassy Kathmandu,PM2.5 - Principal,2018-01-03 03:00 AM,2018,1,3,3,58.8,153,Unhealthy,55.0,UG/M3,1 Hr,Valid
Embassy Kathmandu,PM2.5 - Principal,2018-01-03 04:00 AM,2018,1,3,4,61.4,154,Unhealthy,64.0,UG/M3,1 Hr,Valid
Embassy Kathmandu,PM2.5 - Principal,2018-01-03 05:00 AM,2018,1,3,5,64.2,155,Unhealthy,67.0,UG/M3,1 Hr,Valid
Embassy Kathmandu,PM2.5 - Principal,2018-01-03 06:00 AM,2018,1,3,6,67.1,157,Unhealthy,70.0,UG/M3,1 Hr,Valid
Embassy Kathmandu,PM2.5 - Principal,2018-01-03 07:00 AM,2018,1,3,7,70.5,159,Unhealthy,74.0,UG/M3,1 Hr,Valid
Embassy Kathmandu,PM2.5 - Principal,2018-01-03 08:00 AM,2018,1,3,8,83.2,165,Unhealthy,96.0,UG/M3,1 Hr,Valid
Embassy Kathmandu,PM2.5 - Principal,2018-01-03 09:00 AM,2018,1,3,9,113.6,181,Unhealthy,144.0,UG/M3,1 Hr,Valid
Embassy Kathmandu,PM2.5 - Principal,2018-01-03 10:00 AM,2018,1,3,10,127.3,188,Unhealthy,141.0,UG/M3,1 Hr,Valid
Embassy Kathmandu,PM2.5 - Principal,2018-01-03 11:00 AM,2018,1,3,11,114.6,182,Unhealthy,102.0,UG/M3,1 Hr,Valid
Embassy Kathmandu,PM2.5 - Principal,2018-01-03 12:00 PM,2018,1,3,12,95.8,172,Unhealthy,77.0,UG/M3,1 Hr,Valid
Embassy Kathmandu,PM2.5 - Principal,2018-01-03 01:00 PM,2018,1,3,13,58.9,153,Unhealthy,22.0,UG/M3,1 Hr,Valid
Embassy Kathmandu,PM2.5 - Principal,2018-01-03 02:00 PM,2018,1,3,14,41.9,117,Unhealthy for Sensitive Groups,25.0,UG/M3,1 Hr,Valid
Embassy Kathmandu,PM2.5 - Principal,2018-01-03 03:00 PM,2018,1,3,15,34.4,98,Moderate,27.0,UG/M3,1 Hr,Valid
Embassy Kathmandu,PM2.5 - Principal,2018-01-03 04:00 PM,2018,1,3,16,28.2,85,Moderate,22.0,UG/M3,1 Hr,Valid
Embassy Kathmandu,PM2.5 - Principal,2018-01-03 05:00 PM,2018,1,3,17,28.1,85,Moderate,28.0,UG/M3,1 Hr,Valid
Embassy Kathmandu,PM2.5 - Principal,2018-01-03 06:00 PM,2018,1,3,18,35.5,101,Unhealthy for Sensitive Groups,43.0,UG/M3,1 Hr,Valid
Embassy Kathmandu,PM2.5 - Principal,2018-01-03 07:00 PM,2018,1,3,19,37.7,106,Unhealthy for Sensitive Groups,40.0,UG/M3,1 Hr,Valid
Embassy Kathmandu,PM2.5 - Principal,2018-01-03 08:00 PM,2018,1,3,20,43.8,121,Unhealthy for Sensitive Groups,50.0,UG/M3,1 Hr,Valid
Embassy Kathmandu,PM2.5 - Principal,2018-01-03 09:00 PM,2018,1,3,21,72.4,160,Unhealthy,101.0,UG/M3,1 Hr,Valid
Embassy Kathmandu,PM2.5 - Principal,2018-01-03 10:00 PM,2018,1,3,22,76.2,162,Unhealthy,80.0,UG/M3,1 Hr,Valid
Embassy Kathmandu,PM2.5 - Principal,2018-01-03 11:00 PM,2018,1,3,23,80.6,164,Unhealthy,85.0,UG/M3,1 Hr,Valid
Embassy Kathmandu,PM2.5 - Principal,2018-01-04 12:00 AM,2018,1,4,0,82.8,165,Unhealthy,85.0,UG/M3,1 Hr,Valid
Embassy Kathmandu,PM2.5 - Principal,2018-01-04 01:00 AM,2018,1,4,1,69.9,158,Unhealthy,57.0,UG/M3,1 Hr,Valid
Embassy Kathmandu,PM2.5 - Principal,2018-01-04 02:00 AM,2018,1,4,2,57.4,152,Unhealthy,45.0,UG/M3,1 Hr,Valid
Embassy Kathmandu,PM2.5 - Principal,2018-01-04 03:00 AM,2018,1,4,3,52.2,142,Unhealthy for Sensitive Groups,47.0,UG/M3,1 Hr,Valid
Embassy Kathmandu,PM2.5 - Principal,2018-01-04 04:00 AM,2018,1,4,4,48.1,132,Unhealthy for Sensitive Groups,44.0,UG/M3,1 Hr,Valid
Embassy Kathmandu,PM2.5 - Principal,2018-01-04 05:00 AM,2018,1,4,5,45.0,124,Unhealthy for Sensitive Groups,42.0,UG/M3,1 Hr,Valid
Embassy Kathmandu,PM2.5 - Principal,2018-01-04 06:00 AM,2018,1,4,6,50.5,138,Unhealthy for Sensitive Groups,56.0,UG/M3,1 Hr,Valid
Embassy Kathmandu,PM2.5 - Principal,2018-01-04 07:00 AM,2018,1,4,7,60.7,154,Unhealthy,71.0,UG/M3,1 Hr,Valid
Embassy Kathmandu,PM2.5 - Principal,2018-01-04 08:00 AM,2018,1,4,8,101.3,175,Unhealthy,142.0,UG/M3,1 Hr,Valid
Embassy Kathmandu,PM2.5 - Principal,2018-01-04 09:00 AM,2018,1,4,9,135.7,192,Unhealthy,170.0,UG/M3,1 Hr,Valid
Embassy Kathmandu,PM2.5 - Principal,2018-01-04 10:00 AM,2018,1,4,10,127.8,188,Unhealthy,120.0,UG/M3,1 Hr,Valid
Embassy Kathmandu,PM2.5 - Principal,2018-01-04 11:00 AM,2018,1,4,11,121.4,185,Unhealthy,115.0,UG/M3,1 Hr,Valid
Embassy Kathmandu,PM2.5 - Principal,2018-01-04 12:00 PM,2018,1,4,12,91.2,169,Unhealthy,61.0,UG/M3,1 Hr,Valid
Embassy Kathmandu,PM2.5 - Principal,2018-01-04 01:00 PM,2018,1,4,13,57.6,152,Unhealthy,24.0,UG/M3,1 Hr,Valid
Embassy Kathmandu,PM2.5 - Principal,2018-01-04 02:00 PM,2018,1,4,14,41.2,115,Unhealthy for Sensitive Groups,25.0,UG/M3,1 Hr,Valid
Embassy Kathmandu,PM2.5 - Principal,2018-01-04 03:00 PM,2018,1,4,15,29.6,88,Moderate,18.0,UG/M3,1 Hr,Valid
Embassy Kathmandu,PM2.5 - Principal,2018-01-04 04:00 PM,2018,1,4,16,36.8,104,Unhealthy for Sensitive Groups,44.0,UG/M3,1 Hr,Valid
Embassy Kathmandu,PM2.5 - Principal,2018-01-04 05:00 PM,2018,1,4,17,35.9,102,Unhealthy for Sensitive Groups,35.0,UG/M3,1 Hr,Valid
Embassy Kathmandu,PM2.5 - Principal,2018-01-04 06:00 PM,2018,1,4,18,38.4,108,Unhealthy for Sensitive Groups,41.0,UG/M3,1 Hr,Valid
Embassy Kathmandu,PM2.5 - Principal,2018-01-04 07:00 PM,2018,1,4,19,43.2,120,Unhealthy for Sensitive Groups,48.0,UG/M3,1 Hr,Valid
Embassy Kathmandu,PM2.5 - Principal,2018-01-04 08:00 PM,2018,1,4,20,55.1,149,Unhealthy for Sensitive Groups,67.0,UG/M3,1 Hr,Valid
Embassy Kathmandu,PM2.5 - Principal,2018-01-04 09:00 PM,2018,1,4,21,84.0,166,Unhealthy,113.0,UG/M3,1 Hr,Valid
Embassy Kathmandu,PM2.5 - Principal,2018-01-04 10:00 PM,2018,1,4,22,92.5,170,Unhealthy,101.0,UG/M3,1 Hr,Valid
Embassy Kathmandu,PM2.5 - Principal,2018-01-04 11:00 PM,2018,1,4,23,90.7,169,Unhealthy,89.0,UG/M3,1 Hr,Valid
Embassy Kathmandu,PM2.5 - Principal,2018-01-05 12:00 AM,2018,1,5,0,76.3,162,Unhealthy,62.0,UG/M3,1 Hr,Valid
Embassy Kathmandu,PM2.5 - Principal,2018-01-05 01:00 AM,2018,1,5,1,68.6,158,Unhealthy,61.0,UG/M3,1 Hr,Valid
Embassy Kathmandu,PM2.5 - Principal,2018-01-05 02:00 AM,2018,1,5,2,57.8,152,Unhealthy,47.0,UG/M3,1 Hr,Valid
Embassy Kathmandu,PM2.5 - Principal,2018-01-05 03:00 AM,2018,1,5,3,52.9,144,Unhealthy for Sensitive Groups,48.0,UG/M3,1 Hr,Valid
Embassy Kathmandu,PM2.5 - Principal,2018-01-05 04:00 AM,2018,1,5,4,54.4,148,Unhealthy for Sensitive Groups,56.0,UG/M3,1 Hr,Valid
Embassy Kathmandu,PM2.5 - Principal,2018-01-05 05:00 AM,2018,1,5,5,53.2,145,Unhealthy for Sensitive Groups,52.0,UG/M3,1 Hr,Valid
Embassy Kathmandu,PM2.5 - Principal,2018-01-05 06:00 AM,2018,1,5,6,56.1,151,Unhealthy,59.0,UG/M3,1 Hr,Valid
Embassy Kathmandu,PM2.5 - Principal,2018-01-05 07:00 AM,2018,1,5,7,67.5,157,Unhealthy,79.0,UG/M3,1 Hr,Valid
Embassy Kathmandu,PM2.5 - Principal,2018-01-05 08:00 AM,2018,1,5,8,103.7,176,Unhealthy,140.0,UG/M3,1 Hr,Valid
Embassy Kathmandu,PM2.5 - Principal,2018-01-05 09:00 AM,2018,1,5,9,112.8,181,Unhealthy,122.0,UG/M3,1 Hr,Valid
Embassy Kathmandu,PM2.5 - Principal,2018-01-05 10:00 AM,2018,1,5,10,103.4,176,Unhealthy,94.0,UG/M3,1 Hr,Valid
Embassy Kathmandu,PM2.5 - Principal,2018-01-05 11:00 AM,2018,1,5,11,100.7,174,Unhealthy,98.0,UG/M3,1 Hr,Valid
Embassy Kathmandu,PM2.5 - Principal,2018-01-05 12:00 PM,2018,1,5,12,74.8,161,Unhealthy,49.0,UG/M3,1 Hr,Valid
Embassy Kathmandu,PM2.5 - Principal,2018-01-05 01:00 PM,2018,1,5,13,51.4,140,Unhealthy for Sensitive Groups,28.0,UG/M3,1 Hr,Valid
Embassy Kathmandu,PM2.5 - Principal,2018-01-05 02:00 PM,2018,1,5,14,37.7,106,Unhealthy for Sensitive Groups,24.0,UG/M3,1 Hr,Valid
Embassy Kathmandu,PM2.5 - Principal,2018-01-05 03:00 PM,2018,1,5,15,37.8,107,Unhealthy for Sensitive Groups,38.0,UG/M3,1 Hr,Valid
Embassy Kathmandu,PM2.5 - Principal,2018-01-05 04:00 PM,2018,1,5,16,34.9,99,Moderate,32.0,UG/M3,1 Hr,Valid
Embassy Kathmandu,PM2.5 - Principal,2018-01-05 05:00 PM,2018,1,5,17,32.4,94,Moderate,30.0,UG/M3,1 Hr,Valid
Embassy Kathmandu,PM2.5 - Principal,2018-01-05 06:00 PM,2018,1,5,18,39.2,110,Unhealthy for Sensitive Groups,46.0,UG/M3,1 Hr,Valid
Embassy Kathmandu,PM2.5 - Principal,2018-01-05 07:00 PM,2018,1,5,19,43.6,121,Unhealthy for Sensitive Groups,48.0,UG/M3,1 Hr,Valid
Embassy Kathmandu,PM2.5 - Principal,2018-01-05 08:00 PM,2018,1,5,20,47.2,130,Unhealthy for Sensitive Groups,51.0,UG/M3,1 Hr,Valid
Embassy Kathmandu,PM2.5 - Principal,2018-01-05 09:00 PM,2018,1,5,21,54.1,147,Unhealthy for Sensitive Groups,61.0,UG/M3,1 Hr,Valid
Embassy Kathmandu,PM2.5 - Principal,2018-01-05 10:00 PM,2018,1,5,22,72.5,160,Unhealthy,91.0,UG/M3,1 Hr,Valid
Embassy Kathmandu,PM2.5 - Principal,2018-01-05 11:00 PM,2018,1,5,23,80.2,164,Unhealthy,88.0,UG/M3,1 Hr,Valid
Embassy Kathmandu,PM2.5 - Principal,2018-01-06 12:00 AM,2018,1,6,0,70.1,159,Unhealthy,60.0,UG/M3,1 Hr,Valid
Embassy Kathmandu,PM2.5 - Principal,2018-01-06 01:00 AM,2018,1,6,1,66.5,157,Unhealthy,63.0,UG/M3,1 Hr,Valid
Embassy Kathmandu,PM2.5 - Principal,2018-01-06 02:00 AM,2018,1,6,2,60.2,153,Unhealthy,54.0,UG/M3,1 Hr,Valid
Embassy Kathmandu,PM2.5 - Principal,2018-01-06 03:00 AM,2018,1,6,3,56.6,152,Unhealthy,53.0,UG/M3,1 Hr,Valid
Embassy Kathmandu,PM2.5 - Principal,2018-01-06 04:00 AM,2018,1,6,4,50.3,137,Unhealthy for Sensitive Groups,44.0,UG/M3,1 Hr,Valid
Embassy Kathmandu,PM2.5 - Principal,2018-01-06 05:00 AM,2018,1,6,5,55.1,149,Unhealthy for Sensitive Groups,60.0,UG/M3,1 Hr,Valid
Embassy Kathmandu,PM2.5 - Principal,2018-01-06 06:00 AM,2018,1,6,6,65.5,156,Unhealthy,76.0,UG/M3,1 Hr,Valid
Embassy Kathmandu,PM2.5 - Principal,2018-01-06 07:00 AM,2018,1,6,7,73.7,160,Unhealthy,82.0,UG/M3,1 Hr,Valid
Embassy Kathmandu,PM2.5 - Principal,2018-01-06 08:00 AM,2018,1,6,8,98.9,173,Unhealthy,124.0,UG/M3,1 Hr,Valid
Embassy Kathmandu,PM2.5 - Principal,2018-01-06 09:00 AM,2018,1,6,9,152.4,203,Very Unhealthy,206.0,UG/M3,1 Hr,Valid
Embassy Kathmandu,PM2.5 - Principal,2018-01-06 10:00 AM,2018,1,6,10,165.2,216,Very Unhealthy,178.0,UG/M3,1 Hr,Valid
Embassy Kathmandu,PM2.5 - Principal,2018-01-06 11:00 AM,2018,1,6,11,173.6,224,Very Unhealthy,182.0,UG/M3,1 Hr,Valid
Embassy Kathmandu,PM2.5 - Principal,2018-01-06 12:00 PM,2018,1,6,12,135.3,192,Unhealthy,97.0,UG/M3,1 Hr,Valid
Embassy Kathmandu,PM2.5 - Principal,2018-01-06 01:00 PM,2018,1,6,13,100.6,174,Unhealthy,66.0,UG/M3,1 Hr,Valid
Embassy Kathmandu,PM2.5 - Principal,2018-01-06 02:00 PM,2018,1,6,14,64.3,156,Unhealthy,28.0,UG/M3,1 Hr,Valid
Embassy Kathmandu,PM2.5 - Principal,2018-01-06 03:00 PM,2018,1,6,15,43.1,120,Unhealthy for Sensitive Groups,22.0,UG/M3,1 Hr,Valid
Embassy Kathmandu,PM2.5 - Principal,2018-01-06 04:00 PM,2018,1,6,16,32.5,94,Moderate,22.0,UG/M3,1 Hr,Valid
Embassy Kathmandu,PM2.5 - Principal,2018-01-06 05:00 PM,2018,1,6,17,28.7,86,Moderate,25.0,UG/M3,1 Hr,Valid
Embassy Kathmandu,PM2.5 - Principal,2018-01-06 06:00 PM,2018,1,6,18,32.3,93,Moderate,36.0,UG/M3,1 Hr,Valid
Embassy Kathmandu,PM2.5 - Principal,2018-01-06 07:00 PM,2018,1,6,19,35.6,101,Unhealthy for Sensitive Groups,39.0,UG/M3,1 Hr,Valid
Embassy Kathmandu,PM2.5 - Principal,2018-01-06 08:00 PM,2018,1,6,20,46.3,128,Unhealthy for Sensitive Groups,57.0,UG/M3,1 Hr,Valid
Embassy Kathmandu,PM2.5 - Principal,2018-01-06 09:00 PM,2018,1,6,21,67.1,157,Unhealthy,88.0,UG/M3,1 Hr,Valid
Embassy Kathmandu,PM2.5 - Principal,2018-01-06 10:00 PM,2018,1,6,22,80.5,164,Unhealthy,94.0,UG/M3,1 Hr,Valid
Embassy Kathmandu,PM2.5 - Principal,2018-01-06 11:00 PM,2018,1,6,23,81.7,165,Unhealthy,83.0,UG/M3,1 Hr,Valid
Embassy Kathmandu,PM2.5 - Principal,2018-01-07 12:00 AM,2018,1,7,0,76.8,162,Unhealthy,72.0,UG/M3,1 Hr,Valid
Embassy Kathmandu,PM2.5 - Principal,2018-01-07 01:00 AM,2018,1,7,1,62.4,155,Unhealthy,48.0,UG/M3,1 Hr,Valid
Embassy Kathmandu,PM2.5 - Principal,2018-01-07 02:00 AM,2018,1,7,2,52.2,142,Unhealthy for Sensitive Groups,42.0,UG/M3,1 Hr,Valid
Embassy Kathmandu,PM2.5 - Principal,2018-01-07 03:00 AM,2018,1,7,3,50.1,137,Unhealthy for Sensitive Groups,48.0,UG/M3,1 Hr,Valid
Embassy Kathmandu,PM2.5 - Principal,2018-01-07 04:00 AM,2018,1,7,4,51.5,140,Unhealthy for Sensitive Groups,53.0,UG/M3,1 Hr,Valid
Embassy Kathmandu,PM2.5 - Principal,2018-01-07 05:00 AM,2018,1,7,5,53.2,145,Unhealthy for Sensitive Groups,55.0,UG/M3,1 Hr,Valid
Embassy Kathmandu,PM2.5 - Principal,2018-01-07 06:00 AM,2018,1,7,6,61.6,154,Unhealthy,70.0,UG/M3,1 Hr,Valid
Embassy Kathmandu,PM2.5 - Principal,2018-01-07 07:00 AM,2018,1,7,7,67.3,157,Unhealthy,73.0,UG/M3,1 Hr,Valid
Embassy Kathmandu,PM2.5 - Principal,2018-01-07 08:00 AM,2018,1,7,8,99.1,174,Unhealthy,131.0,UG/M3,1 Hr,Valid
Embassy Kathmandu,PM2.5 - Principal,2018-01-07 09:00 AM,2018,1,7,9,148.0,199,Unhealthy,197.0,UG/M3,1 Hr,Valid
Embassy Kathmandu,PM2.5 - Principal,2018-01-07 10:00 AM,2018,1,7,10,163.5,214,Very Unhealthy,179.0,UG/M3,1 Hr,Valid
Embassy Kathmandu,PM2.5 - Principal,2018-01-07 11:00 AM,2018,1,7,11,148.7,199,Unhealthy,134.0,UG/M3,1 Hr,Valid
Embassy Kathmandu,PM2.5 - Principal,2018-01-07 12:00 PM,2018,1,7,12,97.8,173,Unhealthy,47.0,UG/M3,1 Hr,Valid
Embassy Kathmandu,PM2.5 - Principal,2018-01-07 01:00 PM,2018,1,7,13,64.9,156,Unhealthy,32.0,UG/M3,1 Hr,Valid
Embassy Kathmandu,PM2.5 - Principal,2018-01-07 02:00 PM,2018,1,7,14,54.4,148,Unhealthy for Sensitive Groups,44.0,UG/M3,1 Hr,Valid
Embassy Kathmandu,PM2.5 - Principal,2018-01-07 03:00 PM,2018,1,7,15,49.7,136,Unhealthy for Sensitive Groups,45.0,UG/M3,1 Hr,Valid
Embassy Kathmandu,PM2.5 - Principal,2018-01-07 04:00 PM,2018,1,7,16,38.3,108,Unhealthy for Sensitive Groups,27.0,UG/M3,1 Hr,Valid
Embassy Kathmandu,PM2.5 - Principal,2018-01-07 05:00 PM,2018,1,7,17,34.1,97,Moderate,30.0,UG/M3,1 Hr,Valid
Embassy Kathmandu,PM2.5 - Principal,2018-01-07 06:00 PM,2018,1,7,18,41.0,115,Unhealthy for Sensitive Groups,48.0,UG/M3,1 Hr,Valid
Embassy Kathmandu,PM2.5 - Principal,2018-01-07 07:00 PM,2018,1,7,19,49.5,135,Unhealthy for Sensitive Groups,58.0,UG/M3,1 Hr,Valid
Embassy Kathmandu,PM2.5 - Principal,2018-01-07 08:00 PM,2018,1,7,20,89.7,169,Unhealthy,130.0,UG/M3,1 Hr,Valid
Embassy Kathmandu,PM2.5 - Principal,2018-01-07 09:00 PM,2018,1,7,21,100.3,174,Unhealthy,111.0,UG/M3,1 Hr,Valid
Embassy Kathmandu,PM2.5 - Principal,2018-01-07 10:00 PM,2018,1,7,22,103.1,176,Unhealthy,106.0,UG/M3,1 Hr,Valid
Embassy Kathmandu,PM2.5 - Principal,2018-01-07 11:00 PM,2018,1,7,23,101.0,174,Unhealthy,99.0,UG/M3,1 Hr,Valid
Embassy Kathmandu,PM2.5 - Principal,2018-01-08 12:00 AM,2018,1,8,0,104.0,176,Unhealthy,107.0,UG/M3,1 Hr,Valid
Embassy Kathmandu,PM2.5 - Principal,2018-01-08 01:00 AM,2018,1,8,1,106.5,177,Unhealthy,109.0,UG/M3,1 Hr,Valid
Embassy Kathmandu,PM2.5 - Principal,2018-01-08 02:00 AM,2018,1,8,2,92.7,170,Unhealthy,79.0,UG/M3,1 Hr,Valid
Embassy Kathmandu,PM2.5 - Principal,2018-01-08 03:00 AM,2018,1,8,3,76.8,162,Unhealthy,61.0,UG/M3,1 Hr,Valid
Embassy Kathmandu,PM2.5 - Principal,2018-01-08 04:00 AM,2018,1,8,4,75.9,162,Unhealthy,75.0,UG/M3,1 Hr,Valid
Embassy Kathmandu,PM2.5 - Principal,2018-01-08 05:00 AM,2018,1,8,5,117.4,183,Unhealthy,159.0,UG/M3,1 Hr,Valid
Embassy Kathmandu,PM2.5 - Principal,2018-01-08 06:00 AM,2018,1,8,6,98.7,173,Unhealthy,80.0,UG/M3,1 Hr,Valid
Embassy Kathmandu,PM2.5 - Principal,2018-01-08 07:00 AM,2018,1,8,7,96.8,172,Unhealthy,95.0,UG/M3,1 Hr,Valid
Embassy Kathmandu,PM2.5 - Principal,2018-01-08 08:00 AM,2018,1,8,8,109.9,179,Unhealthy,123.0,UG/M3,1 Hr,Valid
Embassy Kathmandu,PM2.5 - Principal,2018-01-08 09:00 AM,2018,1,8,9,148.9,199,Unhealthy,188.0,UG/M3,1 Hr,Valid
Embassy Kathmandu,PM2.5 - Principal,2018-01-08 10:00 AM,2018,1,8,10,141.9,196,Unhealthy,135.0,UG/M3,1 Hr,Valid
Embassy Kathmandu,PM2.5 - Principal,2018-01-08 11:00 AM,2018,1,8,11,89.4,169,Unhealthy,37.0,UG/M3,1 Hr,Valid
Embassy Kathmandu,PM2.5 - Principal,2018-01-08 12:00 PM,2018,1,8,12,59.2,153,Unhealthy,29.0,UG/M3,1 Hr,Valid
Embassy Kathmandu,PM2.5 - Principal,2018-01-08 01:00 PM,2018,1,8,13,42.1,117,Unhealthy for Sensitive Groups,25.0,UG/M3,1 Hr,Valid
Embassy Kathmandu,PM2.5 - Principal,2018-01-08 02:00 PM,2018,1,8,14,33.0,95,Moderate,24.0,UG/M3,1 Hr,Valid
Embassy Kathmandu,PM2.5 - Principal,2018-01-08 03:00 PM,2018,1,8,15,35.0,99,Moderate,37.0,UG/M3,1 Hr,Valid
Embassy Kathmandu,PM2.5 - Principal,2018-01-08 04:00 PM,2018,1,8,16,40.0,112,Unhealthy for Sensitive Groups,45.0,UG/M3,1 Hr,Valid
Embassy Kathmandu,PM2.5 - Principal,2018-01-08 05:00 PM,2018,1,8,17,42.4,118,Unhealthy for Sensitive Groups,45.0,UG/M3,1 Hr,Valid
Embassy Kathmandu,PM2.5 - Principal,2018-01-08 06:00 PM,2018,1,8,18,48.2,132,Unhealthy for Sensitive Groups,54.0,UG/M3,1 Hr,Valid
Embassy Kathmandu,PM2.5 - Principal,2018-01-08 07:00 PM,2018,1,8,19,62.6,155,Unhealthy,77.0,UG/M3,1 Hr,Valid
Embassy Kathmandu,PM2.5 - Principal,2018-01-08 08:00 PM,2018,1,8,20,99.8,174,Unhealthy,137.0,UG/M3,1 Hr,Valid
Embassy Kathmandu,PM2.5 - Principal,2018-01-08 09:00 PM,2018,1,8,21,117.8,183,Unhealthy,136.0,UG/M3,1 Hr,Valid
Embassy Kathmandu,PM2.5 - Principal,2018-01-08 10:00 PM,2018,1,8,22,114.4,181,Unhealthy,111.0,UG/M3,1 Hr,Valid
Embassy Kathmandu,PM2.5 - Principal,2018-01-08 11:00 PM,2018,1,8,23,103.2,176,Unhealthy,92.0,UG/M3,1 Hr,Valid
Embassy Kathmandu,PM2.5 - Principal,2018-01-09 12:00 AM,2018,1,9,0,88.1,168,Unhealthy,73.0,UG/M3,1 Hr,Valid
Embassy Kathmandu,PM2.5 - Principal,2018-01-09 01:00 AM,2018,1,9,1,83.0,165,Unhealthy,78.0,UG/M3,1 Hr,Valid
Embassy Kathmandu,PM2.5 - Principal,2018-01-09 02:00 AM,2018,1,9,2,79.0,163,Unhealthy,75.0,UG/M3,1 Hr,Valid
Embassy Kathmandu,PM2.5 - Principal,2018-01-09 03:00 AM,2018,1,9,3,79.5,163,Unhealthy,80.0,UG/M3,1 Hr,Valid
Embassy Kathmandu,PM2.5 - Principal,2018-01-09 04:00 AM,2018,1,9,4,81.2,164,Unhealthy,83.0,UG/M3,1 Hr,Valid
Embassy Kathmandu,PM2.5 - Principal,2018-01-09 05:00 AM,2018,1,9,5,82.6,165,Unhealthy,84.0,UG/M3,1 Hr,Valid
Embassy Kathmandu,PM2.5 - Principal,2018-01-09 06:00 AM,2018,1,9,6,93.0,170,Unhealthy,105.0,UG/M3,1 Hr,Valid
Embassy Kathmandu,PM2.5 - Principal,2018-01-09 07:00 AM,2018,1,9,7,107.5,178,Unhealthy,124.0,UG/M3,1 Hr,Valid
Embassy Kathmandu,PM2.5 - Principal,2018-01-09 08:00 AM,2018,1,9,8,120.1,184,Unhealthy,135.0,UG/M3,1 Hr,Valid
Embassy Kathmandu,PM2.5 - Principal,2018-01-09 09:00 AM,2018,1,9,9,162.4,213,Very Unhealthy,203.0,UG/M3,1 Hr,Valid
Embassy Kathmandu,PM2.5 - Principal,2018-01-09 10:00 AM,2018,1,9,10,166.2,217,Very Unhealthy,170.0,UG/M3,1 Hr,Valid
Embassy Kathmandu,PM2.5 - Principal,2018-01-09 11:00 AM,2018,1,9,11,125.6,187,Unhealthy,85.0,UG/M3,1 Hr,Valid
Embassy Kathmandu,PM2.5 - Principal,2018-01-09 12:00 PM,2018,1,9,12,92.3,170,Unhealthy,59.0,UG/M3,1 Hr,Valid
Embassy Kathmandu,PM2.5 - Principal,2018-01-09 01:00 PM,2018,1,9,13,65.6,156,Unhealthy,39.0,UG/M3,1 Hr,Valid
Embassy Kathmandu,PM2.5 - Principal,2018-01-09 02:00 PM,2018,1,9,14,55.8,151,Unhealthy,46.0,UG/M3,1 Hr,Valid
Embassy Kathmandu,PM2.5 - Principal,2018-01-09 03:00 PM,2018,1,9,15,59.9,153,Unhealthy,64.0,UG/M3,1 Hr,Valid
Embassy Kathmandu,PM2.5 - Principal,2018-01-09 04:00 PM,2018,1,9,16,76.9,162,Unhealthy,94.0,UG/M3,1 Hr,Valid
Embassy Kathmandu,PM2.5 - Principal,2018-01-09 05:00 PM,2018,1,9,17,63.9,155,Unhealthy,51.0,UG/M3,1 Hr,Valid
Embassy Kathmandu,PM2.5 - Principal,2018-01-09 06:00 PM,2018,1,9,18,59.4,153,Unhealthy,55.0,UG/M3,1 Hr,Valid
Embassy Kathmandu,PM2.5 - Principal,2018-01-09 07:00 PM,2018,1,9,19,68.2,158,Unhealthy,77.0,UG/M3,1 Hr,Valid
Embassy Kathmandu,PM2.5 - Principal,2018-01-09 08:00 PM,2018,1,9,20,75.1,161,Unhealthy,82.0,UG/M3,1 Hr,Valid
Embassy Kathmandu,PM2.5 - Principal,2018-01-09 09:00 PM,2018,1,9,21,114.0,181,Unhealthy,153.0,UG/M3,1 Hr,Valid
Embassy Kathmandu,PM2.5 - Principal,2018-01-09 10:00 PM,2018,1,9,22,117.5,183,Unhealthy,121.0,UG/M3,1 Hr,Valid
Embassy Kathmandu,PM2.5 - Principal,2018-01-09 11:00 PM,2018,1,9,23,122.7,186,Unhealthy,128.0,UG/M3,1 Hr,Valid
Embassy Kathmandu,PM2.5 - Principal,2018-01-10 12:00 AM,2018,1,10,0,134.8,192,Unhealthy,147.0,UG/M3,1 Hr,Valid
Embassy Kathmandu,PM2.5 - Principal,2018-01-10 01:00 AM,2018,1,10,1,117.4,183,Unhealthy,100.0,UG/M3,1 Hr,Valid
Embassy Kathmandu,PM2.5 - Principal,2018-01-10 02:00 AM,2018,1,10,2,104.7,176,Unhealthy,92.0,UG/M3,1 Hr,Valid
Embassy Kathmandu,PM2.5 - Principal,2018-01-10 03:00 AM,2018,1,10,3,89.3,168,Unhealthy,74.0,UG/M3,1 Hr,Valid
Embassy Kathmandu,PM2.5 - Principal,2018-01-10 04:00 AM,2018,1,10,4,91.6,170,Unhealthy,94.0,UG/M3,1 Hr,Valid
Embassy Kathmandu,PM2.5 - Principal,2018-01-10 05:00 AM,2018,1,10,5,89.3,168,Unhealthy,87.0,UG/M3,1 Hr,Valid
Embassy Kathmandu,PM2.5 - Principal,2018-01-10 06:00 AM,2018,1,10,6,91.1,169,Unhealthy,93.0,UG/M3,1 Hr,Valid
Embassy Kathmandu,PM2.5 - Principal,2018-01-10 07:00 AM,2018,1,10,7,113.5,181,Unhealthy,136.0,UG/M3,1 Hr,Valid
Embassy Kathmandu,PM2.5 - Principal,2018-01-10 08:00 AM,2018,1,10,8,149.8,200,Unhealthy,186.0,UG/M3,1 Hr,Valid
Embassy Kathmandu,PM2.5 - Principal,2018-01-10 09:00 AM,2018,1,10,9,191.4,242,Very Unhealthy,233.0,UG/M3,1 Hr,Valid
Embassy Kathmandu,PM2.5 - Principal,2018-01-10 10:00 AM,2018,1,10,10,223.2,273,Very Unhealthy,255.0,UG/M3,1 Hr,Valid
Embassy Kathmandu,PM2.5 - Principal,2018-01-10 11:00 AM,2018,1,10,11,195.1,245,Very Unhealthy,167.0,UG/M3,1 Hr,Valid
Embassy Kathmandu,PM2.5 - Principal,2018-01-10 12:00 PM,2018,1,10,12,140.5,195,Unhealthy,86.0,UG/M3,1 Hr,Valid
Embassy Kathmandu,PM2.5 - Principal,2018-01-10 01:00 PM,2018,1,10,13,113.7,181,Unhealthy,87.0,UG/M3,1 Hr,Valid
Embassy Kathmandu,PM2.5 - Principal,2018-01-10 02:00 PM,2018,1,10,14,93.8,171,Unhealthy,74.0,UG/M3,1 Hr,Valid
Embassy Kathmandu,PM2.5 - Principal,2018-01-10 03:00 PM,2018,1,10,15,80.9,164,Unhealthy,68.0,UG/M3,1 Hr,Valid
Embassy Kathmandu,PM2.5 - Principal,2018-01-10 04:00 PM,2018,1,10,16,63.9,155,Unhealthy,47.0,UG/M3,1 Hr,Valid
Embassy Kathmandu,PM2.5 - Principal,2018-01-10 05:00 PM,2018,1,10,17,56.9,152,Unhealthy,50.0,UG/M3,1 Hr,Valid
Embassy Kathmandu,PM2.5 - Principal,2018-01-10 06:00 PM,2018,1,10,18,57.9,152,Unhealthy,59.0,UG/M3,1 Hr,Valid
Embassy Kathmandu,PM2.5 - Principal,2018-01-10 07:00 PM,2018,1,10,19,78.4,163,Unhealthy,99.0,UG/M3,1 Hr,Valid
Embassy Kathmandu,PM2.5 - Principal,2018-01-10 08:00 PM,2018,1,10,20,110.2,179,Unhealthy,142.0,UG/M3,1 Hr,Valid
Embassy Kathmandu,PM2.5 - Principal,2018-01-10 09:00 PM,2018,1,10,21,149.1,199,Unhealthy,188.0,UG/M3,1 Hr,Valid
Embassy Kathmandu,PM2.5 - Principal,2018-01-10 10:00 PM,2018,1,10,22,149.5,200,Unhealthy,150.0,UG/M3,1 Hr,Valid
Embassy Kathmandu,PM2.5 - Principal,2018-01-10 11:00 PM,2018,1,10,23,135.7,192,Unhealthy,122.0,UG/M3,1 Hr,Valid
Embassy Kathmandu,PM2.5 - Principal,2018-01-11 12:00 AM,2018,1,11,0,118.8,184,Unhealthy,102.0,UG/M3,1 Hr,Valid
Embassy Kathmandu,PM2.5 - Principal,2018-01-11 01:00 AM,2018,1,11,1,103.4,176,Unhealthy,88.0,UG/M3,1 Hr,Valid
Embassy Kathmandu,PM2.5 - Principal,2018-01-11 02:00 AM,2018,1,11,2,103.2,176,Unhealthy,103.0,UG/M3,1 Hr,Valid
Embassy Kathmandu,PM2.5 - Principal,2018-01-11 03:00 AM,2018,1,11,3,98.1,173,Unhealthy,93.0,UG/M3,1 Hr,Valid
Embassy Kathmandu,PM2.5 - Principal,2018-01-11 04:00 AM,2018,1,11,4,95.0,171,Unhealthy,92.0,UG/M3,1 Hr,Valid
Embassy Kathmandu,PM2.5 - Principal,2018-01-11 05:00 AM,2018,1,11,5,93.5,171,Unhealthy,92.0,UG/M3,1 Hr,Valid
Embassy Kathmandu,PM2.5 - Principal,2018-01-11 06:00 AM,2018,1,11,6,92.7,170,Unhealthy,92.0,UG/M3,1 Hr,Valid
Embassy Kathmandu,PM2.5 - Principal,2018-01-11 07:00 AM,2018,1,11,7,103.8,176,Unhealthy,115.0,UG/M3,1 Hr,Valid
Embassy Kathmandu,PM2.5 - Principal,2018-01-11 08:00 AM,2018,1,11,8,127.4,188,Unhealthy,151.0,UG/M3,1 Hr,Valid
Embassy Kathmandu,PM2.5 - Principal,2018-01-11 09:00 AM,2018,1,11,9,154.7,205,Very Unhealthy,182.0,UG/M3,1 Hr,Valid
Embassy Kathmandu,PM2.5 - Principal,2018-01-11 10:00 AM,2018,1,11,10,140.8,195,Unhealthy,127.0,UG/M3,1 Hr,Valid
Embassy Kathmandu,PM2.5 - Principal,2018-01-11 11:00 AM,2018,1,11,11,122.4,186,Unhealthy,104.0,UG/M3,1 Hr,Valid
Embassy Kathmandu,PM2.5 - Principal,2018-01-11 12:00 PM,2018,1,11,12,96.2,172,Unhealthy,70.0,UG/M3,1 Hr,Valid
Embassy Kathmandu,PM2.5 - Principal,2018-01-11 01:00 PM,2018,1,11,13,82.6,165,Unhealthy,69.0,UG/M3,1 Hr,Valid
Embassy Kathmandu,PM2.5 - Principal,2018-01-11 02:00 PM,2018,1,11,14,82.7,165,Unhealthy,83.0,UG/M3,1 Hr,Valid
Embassy Kathmandu,PM2.5 - Principal,2018-01-11 03:00 PM,2018,1,11,15,78.3,163,Unhealthy,74.0,UG/M3,1 Hr,Valid
Embassy Kathmandu,PM2.5 - Principal,2018-01-11 04:00 PM,2018,1,11,16,69.6,158,Unhealthy,61.0,UG/M3,1 Hr,Valid
Embassy Kathmandu,PM2.5 - Principal,2018-01-11 05:00 PM,2018,1,11,17,62.8,155,Unhealthy,56.0,UG/M3,1 Hr,Valid
Embassy Kathmandu,PM2.5 - Principal,2018-01-11 06:00 PM,2018,1,11,18,69.4,158,Unhealthy,76.0,UG/M3,1 Hr,Valid
Embassy Kathmandu,PM2.5 - Principal,2018-01-11 07:00 PM,2018,1,11,19,80.2,164,Unhealthy,91.0,UG/M3,1 Hr,Valid
Embassy Kathmandu,PM2.5 - Principal,2018-01-11 08:00 PM,2018,1,11,20,111.6,180,Unhealthy,143.0,UG/M3,1 Hr,Valid
Embassy Kathmandu,PM2.5 - Principal,2018-01-11 09:00 PM,2018,1,11,21,137.2,193,Unhealthy,163.0,UG/M3,1 Hr,Valid
Embassy Kathmandu,PM2.5 - Principal,2018-01-11 10:00 PM,2018,1,11,22,127.6,188,Unhealthy,118.0,UG/M3,1 Hr,Valid
Embassy Kathmandu,PM2.5 - Principal,2018-01-11 11:00 PM,2018,1,11,23,128.3,189,Unhealthy,129.0,UG/M3,1 Hr,Valid
Embassy Kathmandu,PM2.5 - Principal,2018-01-12 12:00 AM,2018,1,12,0,142.6,196,Unhealthy,157.0,UG/M3,1 Hr,Valid
Embassy Kathmandu,PM2.5 - Principal,2018-01-12 01:00 AM,2018,1,12,1,136.3,193,Unhealthy,130.0,UG/M3,1 Hr,Valid
Embassy Kathmandu,PM2.5 - Principal,2018-01-12 02:00 AM,2018,1,12,2,115.6,182,Unhealthy,95.0,UG/M3,1 Hr,Valid
Embassy Kathmandu,PM2.5 - Principal,2018-01-12 03:00 AM,2018,1,12,3,103.3,176,Unhealthy,91.0,UG/M3,1 Hr,Valid
Embassy Kathmandu,PM2.5 - Principal,2018-01-12 04:00 AM,2018,1,12,4,102.6,175,Unhealthy,102.0,UG/M3,1 Hr,Valid
Embassy Kathmandu,PM2.5 - Principal,2018-01-12 05:00 AM,2018,1,12,5,95.3,172,Unhealthy,88.0,UG/M3,1 Hr,Valid
Embassy Kathmandu,PM2.5 - Principal,2018-01-12 06:00 AM,2018,1,12,6,99.9,174,Unhealthy,104.0,UG/M3,1 Hr,Valid
Embassy Kathmandu,PM2.5 - Principal,2018-01-12 07:00 AM,2018,1,12,7,109.6,179,Unhealthy,121.0,UG/M3,1 Hr,Valid
Embassy Kathmandu,PM2.5 - Principal,2018-01-12 08:00 AM,2018,1,12,8,120.3,184,Unhealthy,133.0,UG/M3,1 Hr,Valid
Embassy Kathmandu,PM2.5 - Principal,2018-01-12 09:00 AM,2018,1,12,9,174.3,225,Very Unhealthy,227.0,UG/M3,1 Hr,Valid
Embassy Kathmandu,PM2.5 - Principal,2018-01-12 10:00 AM,2018,1,12,10,189.6,240,Very Unhealthy,205.0,UG/M3,1 Hr,Valid
Embassy Kathmandu,PM2.5 - Principal,2018-01-12 11:00 AM,2018,1,12,11,180.8,231,Very Unhealthy,172.0,UG/M3,1 Hr,Valid
Embassy Kathmandu,PM2.5 - Principal,2018-01-12 12:00 PM,2018,1,12,12,126.4,188,Unhealthy,72.0,UG/M3,1 Hr,Valid
Embassy Kathmandu,PM2.5 - Principal,2018-01-12 01:00 PM,2018,1,12,13,103.2,176,Unhealthy,80.0,UG/M3,1 Hr,Valid
Embassy Kathmandu,PM2.5 - Principal,2018-01-12 02:00 PM,2018,1,12,14,91.0,169,Unhealthy,79.0,UG/M3,1 Hr,Valid
Embassy Kathmandu,PM2.5 - Principal,2018-01-12 03:00 PM,2018,1,12,15,72.5,160,Unhealthy,54.0,UG/M3,1 Hr,Valid
Embassy Kathmandu,PM2.5 - Principal,2018-01-12 04:00 PM,2018,1,12,16,64.2,155,Unhealthy,56.0,UG/M3,1 Hr,Valid
Embassy Kathmandu,PM2.5 - Principal,2018-01-12 05:00 PM,2018,1,12,17,56.1,151,Unhealthy,48.0,UG/M3,1 Hr,Valid
Embassy Kathmandu,PM2.5 - Principal,2018-01-12 06:00 PM,2018,1,12,18,55.5,151,Unhealthy,55.0,UG/M3,1 Hr,Valid
Embassy Kathmandu,PM2.5 - Principal,2018-01-12 07:00 PM,2018,1,12,19,59.7,153,Unhealthy,64.0,UG/M3,1 Hr,Valid
Embassy Kathmandu,PM2.5 - Principal,2018-01-12 08:00 PM,2018,1,12,20,73.8,160,Unhealthy,88.0,UG/M3,1 Hr,Valid
Embassy Kathmandu,PM2.5 - Principal,2018-01-12 09:00 PM,2018,1,12,21,116.4,182,Unhealthy,159.0,UG/M3,1 Hr,Valid
Embassy Kathmandu,PM2.5 - Principal,2018-01-12 10:00 PM,2018,1,12,22,155.2,206,Very Unhealthy,194.0,UG/M3,1 Hr,Valid
Embassy Kathmandu,PM2.5 - Principal,2018-01-12 11:00 PM,2018,1,12,23,162.1,212,Very Unhealthy,169.0,UG/M3,1 Hr,Valid
Embassy Kathmandu,PM2.5 - Principal,2018-01-13 12:00 AM,2018,1,13,0,161.0,211,Very Unhealthy,160.0,UG/M3,1 Hr,Valid
Embassy Kathmandu,PM2.5 - Principal,2018-01-13 01:00 AM,2018,1,13,1,146.0,198,Unhealthy,131.0,UG/M3,1 Hr,Valid
Embassy Kathmandu,PM2.5 - Principal,2018-01-13 02:00 AM,2018,1,13,2,126.5,188,Unhealthy,107.0,UG/M3,1 Hr,Valid
Embassy Kathmandu,PM2.5 - Principal,2018-01-13 03:00 AM,2018,1,13,3,109.2,179,Unhealthy,92.0,UG/M3,1 Hr,Valid
Embassy Kathmandu,PM2.5 - Principal,2018-01-13 04:00 AM,2018,1,13,4,103.6,176,Unhealthy,98.0,UG/M3,1 Hr,Valid
Embassy Kathmandu,PM2.5 - Principal,2018-01-13 05:00 AM,2018,1,13,5,96.8,172,Unhealthy,90.0,UG/M3,1 Hr,Valid
Embassy Kathmandu,PM2.5 - Principal,2018-01-13 06:00 AM,2018,1,13,6,97.4,173,Unhealthy,98.0,UG/M3,1 Hr,Valid
Embassy Kathmandu,PM2.5 - Principal,2018-01-13 07:00 AM,2018,1,13,7,100.7,174,Unhealthy,104.0,UG/M3,1 Hr,Valid
Embassy Kathmandu,PM2.5 - Principal,2018-01-13 08:00 AM,2018,1,13,8,126.3,188,Unhealthy,152.0,UG/M3,1 Hr,Valid
Embassy Kathmandu,PM2.5 - Principal,2018-01-13 09:00 AM,2018,1,13,9,165.6,216,Very Unhealthy,205.0,UG/M3,1 Hr,Valid
Embassy Kathmandu,PM2.5 - Principal,2018-01-13 10:00 AM,2018,1,13,10,190.3,240,Very Unhealthy,215.0,UG/M3,1 Hr,Valid
Embassy Kathmandu,PM2.5 - Principal,2018-01-13 11:00 AM,2018,1,13,11,201.6,252,Very Unhealthy,213.0,UG/M3,1 Hr,Valid
Embassy Kathmandu,PM2.5 - Principal,2018-01-13 12:00 PM,2018,1,13,12,157.8,208,Very Unhealthy,114.0,UG/M3,1 Hr,Valid
Embassy Kathmandu,PM2.5 - Principal,2018-01-13 01:00 PM,2018,1,13,13,107.9,178,Unhealthy,58.0,UG/M3,1 Hr,Valid
Embassy Kathmandu,PM2.5 - Principal,2018-01-13 02:00 PM,2018,1,13,14,88.9,168,Unhealthy,70.0,UG/M3,1 Hr,Valid
Embassy Kathmandu,PM2.5 - Principal,2018-01-13 03:00 PM,2018,1,13,15,67.4,157,Unhealthy,46.0,UG/M3,1 Hr,Valid
Embassy Kathmandu,PM2.5 - Principal,2018-01-13 04:00 PM,2018,1,13,16,54.7,148,Unhealthy for Sensitive Groups,42.0,UG/M3,1 Hr,Valid
Embassy Kathmandu,PM2.5 - Principal,2018-01-13 05:00 PM,2018,1,13,17,47.3,130,Unhealthy for Sensitive Groups,40.0,UG/M3,1 Hr,Valid
Embassy Kathmandu,PM2.5 - Principal,2018-01-13 06:00 PM,2018,1,13,18,50.1,137,Unhealthy for Sensitive Groups,53.0,UG/M3,1 Hr,Valid
Embassy Kathmandu,PM2.5 - Principal,2018-01-13 07:00 PM,2018,1,13,19,51.0,139,Unhealthy for Sensitive Groups,52.0,UG/M3,1 Hr,Valid
Embassy Kathmandu,PM2.5 - Principal,2018-01-13 08:00 PM,2018,1,13,20,48.5,133,Unhealthy for Sensitive Groups,46.0,UG/M3,1 Hr,Valid
Embassy Kathmandu,PM2.5 - Principal,2018-01-13 09:00 PM,2018,1,13,21,62.7,155,Unhealthy,77.0,UG/M3,1 Hr,Valid
Embassy Kathmandu,PM2.5 - Principal,2018-01-13 10:00 PM,2018,1,13,22,97.3,173,Unhealthy,132.0,UG/M3,1 Hr,Valid
Embassy Kathmandu,PM2.5 - Principal,2018-01-13 11:00 PM,2018,1,13,23,91.6,170,Unhealthy,86.0,UG/M3,1 Hr,Valid
Embassy Kathmandu,PM2.5 - Principal,2018-01-14 12:00 AM,2018,1,14,0,100.3,174,Unhealthy,109.0,UG/M3,1 Hr,Valid
Embassy Kathmandu,PM2.5 - Principal,2018-01-14 01:00 AM,2018,1,14,1,94.1,171,Unhealthy,88.0,UG/M3,1 Hr,Valid
Embassy Kathmandu,PM2.5 - Principal,2018-01-14 02:00 AM,2018,1,14,2,76.5,162,Unhealthy,59.0,UG/M3,1 Hr,Valid
Embassy Kathmandu,PM2.5 - Principal,2018-01-14 03:00 AM,2018,1,14,3,67.2,157,Unhealthy,58.0,UG/M3,1 Hr,Valid
Embassy Kathmandu,PM2.5 - Principal,2018-01-14 04:00 AM,2018,1,14,4,59.6,153,Unhealthy,52.0,UG/M3,1 Hr,Valid
Embassy Kathmandu,PM2.5 - Principal,2018-01-14 05:00 AM,2018,1,14,5,61.8,154,Unhealthy,64.0,UG/M3,1 Hr,Valid
Embassy Kathmandu,PM2.5 - Principal,2018-01-14 06:00 AM,2018,1,14,6,62.9,155,Unhealthy,64.0,UG/M3,1 Hr,Valid
Embassy Kathmandu,PM2.5 - Principal,2018-01-14 07:00 AM,2018,1,14,7,69.9,158,Unhealthy,77.0,UG/M3,1 Hr,Valid
Embassy Kathmandu,PM2.5 - Principal,2018-01-14 08:00 AM,2018,1,14,8,109.9,179,Unhealthy,150.0,UG/M3,1 Hr,Valid
Embassy Kathmandu,PM2.5 - Principal,2018-01-14 09:00 AM,2018,1,14,9,155.5,206,Very Unhealthy,201.0,UG/M3,1 Hr,Valid
Embassy Kathmandu,PM2.5 - Principal,2018-01-14 10:00 AM,2018,1,14,10,185.7,236,Very Unhealthy,216.0,UG/M3,1 Hr,Valid
Embassy Kathmandu,PM2.5 - Principal,2018-01-14 11:00 AM,2018,1,14,11,168.8,219,Very Unhealthy,152.0,UG/M3,1 Hr,Valid
Embassy Kathmandu,PM2.5 - Principal,2018-01-14 12:00 PM,2018,1,14,12,127.4,188,Unhealthy,86.0,UG/M3,1 Hr,Valid
Embassy Kathmandu,PM2.5 - Principal,2018-01-14 01:00 PM,2018,1,14,13,79.2,163,Unhealthy,31.0,UG/M3,1 Hr,Valid
Embassy Kathmandu,PM2.5 - Principal,2018-01-14 02:00 PM,2018,1,14,14,55.1,149,Unhealthy for Sensitive Groups,31.0,UG/M3,1 Hr,Valid
Embassy Kathmandu,PM2.5 - Principal,2018-01-14 03:00 PM,2018,1,14,15,55.5,151,Unhealthy,56.0,UG/M3,1 Hr,Valid
Embassy Kathmandu,PM2.5 - Principal,2018-01-14 04:00 PM,2018,1,14,16,54.2,147,Unhealthy for Sensitive Groups,53.0,UG/M3,1 Hr,Valid
Embassy Kathmandu,PM2.5 - Principal,2018-01-14 05:00 PM,2018,1,14,17,49.6,136,Unhealthy for Sensitive Groups,45.0,UG/M3,1 Hr,Valid
Embassy Kathmandu,PM2.5 - Principal,2018-01-14 06:00 PM,2018,1,14,18,51.3,140,Unhealthy for Sensitive Groups,53.0,UG/M3,1 Hr,Valid
Embassy Kathmandu,PM2.5 - Principal,2018-01-14 07:00 PM,2018,1,14,19,53.1,144,Unhealthy for Sensitive Groups,55.0,UG/M3,1 Hr,Valid
Embassy Kathmandu,PM2.5 - Principal,2018-01-14 08:00 PM,2018,1,14,20,55.0,149,Unhealthy for Sensitive Groups,57.0,UG/M3,1 Hr,Valid
Embassy Kathmandu,PM2.5 - Principal,2018-01-14 09:00 PM,2018,1,14,21,71.0,159,Unhealthy,87.0,UG/M3,1 Hr,Valid
Embassy Kathmandu,PM2.5 - Principal,2018-01-14 10:00 PM,2018,1,14,22,84.9,166,Unhealthy,99.0,UG/M3,1 Hr,Valid
Embassy Kathmandu,PM2.5 - Principal,2018-01-14 11:00 PM,2018,1,14,23,102.9,175,Unhealthy,121.0,UG/M3,1 Hr,Valid
Embassy Kathmandu,PM2.5 - Principal,2018-01-15 12:00 AM,2018,1,15,0,100.4,174,Unhealthy,98.0,UG/M3,1 Hr,Valid
Embassy Kathmandu,PM2.5 - Principal,2018-01-15 01:00 AM,2018,1,15,1,95.7,172,Unhealthy,91.0,UG/M3,1 Hr,Valid
Embassy Kathmandu,PM2.5 - Principal,2018-01-15 02:00 AM,2018,1,15,2,84.8,166,Unhealthy,74.0,UG/M3,1 Hr,Valid
Embassy Kathmandu,PM2.5 - Principal,2018-01-15 03:00 AM,2018,1,15,3,67.9,157,Unhealthy,51.0,UG/M3,1 Hr,Valid
Embassy Kathmandu,PM2.5 - Principal,2018-01-15 04:00 AM,2018,1,15,4,67.9,157,Unhealthy,68.0,UG/M3,1 Hr,Valid
Embassy Kathmandu,PM2.5 - Principal,2018-01-15 05:00 AM,2018,1,15,5,66.4,157,Unhealthy,65.0,UG/M3,1 Hr,Valid
Embassy Kathmandu,PM2.5 - Principal,2018-01-15 06:00 AM,2018,1,15,6,69.7,158,Unhealthy,73.0,UG/M3,1 Hr,Valid
Embassy Kathmandu,PM2.5 - Principal,2018-01-15 07:00 AM,2018,1,15,7,80.8,164,Unhealthy,92.0,UG/M3,1 Hr,Valid
Embassy Kathmandu,PM2.5 - Principal,2018-01-15 08:00 AM,2018,1,15,8,124.9,187,Unhealthy,169.0,UG/M3,1 Hr,Valid
Embassy Kathmandu,PM2.5 - Principal,2018-01-15 09:00 AM,2018,1,15,9,165.4,216,Very Unhealthy,206.0,UG/M3,1 Hr,Valid
Embassy Kathmandu,PM2.5 - Principal,2018-01-15 10:00 AM,2018,1,15,10,187.7,238,Very Unhealthy,210.0,UG/M3,1 Hr,Valid
Embassy Kathmandu,PM2.5 - Principal,2018-01-15 11:00 AM,2018,1,15,11,183.8,234,Very Unhealthy,180.0,UG/M3,1 Hr,Valid
Embassy Kathmandu,PM2.5 - Principal,2018-01-15 12:00 PM,2018,1,15,12,120.4,185,Unhealthy,57.0,UG/M3,1 Hr,Valid
Embassy Kathmandu,PM2.5 - Principal,2018-01-15 01:00 PM,2018,1,15,13,74.7,161,Unhealthy,29.0,UG/M3,1 Hr,Valid
Embassy Kathmandu,PM2.5 - Principal,2018-01-15 02:00 PM,2018,1,15,14,47.8,131,Unhealthy for Sensitive Groups,21.0,UG/M3,1 Hr,Valid
Embassy Kathmandu,PM2.5 - Principal,2018-01-15 03:00 PM,2018,1,15,15,42.9,119,Unhealthy for Sensitive Groups,38.0,UG/M3,1 Hr,Valid
Embassy Kathmandu,PM2.5 - Principal,2018-01-15 04:00 PM,2018,1,15,16,40.9,114,Unhealthy for Sensitive Groups,39.0,UG/M3,1 Hr,Valid
Embassy Kathmandu,PM2.5 - Principal,2018-01-15 05:00 PM,2018,1,15,17,57.9,152,Unhealthy,75.0,UG/M3,1 Hr,Valid
Embassy Kathmandu,PM2.5 - Principal,2018-01-15 06:00 PM,2018,1,15,18,55.4,150,Unhealthy for Sensitive Groups,53.0,UG/M3,1 Hr,Valid
Embassy Kathmandu,PM2.5 - Principal,2018-01-15 07:00 PM,2018,1,15,19,52.7,143,Unhealthy for Sensitive Groups,50.0,UG/M3,1 Hr,Valid
Embassy Kathmandu,PM2.5 - Principal,2018-01-15 08:00 PM,2018,1,15,20,49.8,136,Unhealthy for Sensitive Groups,47.0,UG/M3,1 Hr,Valid
Embassy Kathmandu,PM2.5 - Principal,2018-01-15 09:00 PM,2018,1,15,21,74.4,161,Unhealthy,99.0,UG/M3,1 Hr,Valid
Embassy Kathmandu,PM2.5 - Principal,2018-01-15 10:00 PM,2018,1,15,22,75.1,161,Unhealthy,76.0,UG/M3,1 Hr,Valid
Embassy Kathmandu,PM2.5 - Principal,2018-01-15 11:00 PM,2018,1,15,23,83.5,165,Unhealthy,92.0,UG/M3,1 Hr,Valid
Embassy Kathmandu,PM2.5 - Principal,2018-01-16 12:00 AM,2018,1,16,0,85.2,166,Unhealthy,87.0,UG/M3,1 Hr,Valid
Embassy Kathmandu,PM2.5 - Principal,2018-01-16 01:00 AM,2018,1,16,1,72.1,160,Unhealthy,59.0,UG/M3,1 Hr,Valid
Embassy Kathmandu,PM2.5 - Principal,2018-01-16 02:00 AM,2018,1,16,2,59.5,153,Unhealthy,47.0,UG/M3,1 Hr,Valid
Embassy Kathmandu,PM2.5 - Principal,2018-01-16 03:00 AM,2018,1,16,3,57.2,152,Unhealthy,55.0,UG/M3,1 Hr,Valid
Embassy Kathmandu,PM2.5 - Principal,2018-01-16 04:00 AM,2018,1,16,4,50.6,138,Unhealthy for Sensitive Groups,44.0,UG/M3,1 Hr,Valid
Embassy Kathmandu,PM2.5 - Principal,2018-01-16 05:00 AM,2018,1,16,5,57.3,152,Unhealthy,64.0,UG/M3,1 Hr,Valid
Embassy Kathmandu,PM2.5 - Principal,2018-01-16 06:00 AM,2018,1,16,6,57.6,152,Unhealthy,58.0,UG/M3,1 Hr,Valid
Embassy Kathmandu,PM2.5 - Principal,2018-01-16 07:00 AM,2018,1,16,7,64.3,156,Unhealthy,71.0,UG/M3,1 Hr,Valid
Embassy Kathmandu,PM2.5 - Principal,2018-01-16 08:00 AM,2018,1,16,8,82.1,165,Unhealthy,100.0,UG/M3,1 Hr,Valid
Embassy Kathmandu,PM2.5 - Principal,2018-01-16 09:00 AM,2018,1,16,9,119.0,184,Unhealthy,156.0,UG/M3,1 Hr,Valid
Embassy Kathmandu,PM2.5 - Principal,2018-01-16 10:00 AM,2018,1,16,10,122.0,185,Unhealthy,125.0,UG/M3,1 Hr,Valid
Embassy Kathmandu,PM2.5 - Principal,2018-01-16 11:00 AM,2018,1,16,11,100.5,174,Unhealthy,79.0,UG/M3,1 Hr,Valid
Embassy Kathmandu,PM2.5 - Principal,2018-01-16 12:00 PM,2018,1,16,12,67.2,157,Unhealthy,34.0,UG/M3,1 Hr,Valid
Embassy Kathmandu,PM2.5 - Principal,2018-01-16 01:00 PM,2018,1,16,13,50.1,137,Unhealthy for Sensitive Groups,33.0,UG/M3,1 Hr,Valid
Embassy Kathmandu,PM2.5 - Principal,2018-01-16 02:00 PM,2018,1,16,14,42.5,118,Unhealthy for Sensitive Groups,35.0,UG/M3,1 Hr,Valid
Embassy Kathmandu,PM2.5 - Principal,2018-01-16 03:00 PM,2018,1,16,15,41.2,115,Unhealthy for Sensitive Groups,40.0,UG/M3,1 Hr,Valid
Embassy Kathmandu,PM2.5 - Principal,2018-01-16 04:00 PM,2018,1,16,16,46.6,128,Unhealthy for Sensitive Groups,52.0,UG/M3,1 Hr,Valid
Embassy Kathmandu,PM2.5 - Principal,2018-01-16 05:00 PM,2018,1,16,17,44.8,124,Unhealthy for Sensitive Groups,43.0,UG/M3,1 Hr,Valid
Embassy Kathmandu,PM2.5 - Principal,2018-01-16 06:00 PM,2018,1,16,18,45.9,127,Unhealthy for Sensitive Groups,47.0,UG/M3,1 Hr,Valid
Embassy Kathmandu,PM2.5 - Principal,2018-01-16 07:00 PM,2018,1,16,19,48.4,133,Unhealthy for Sensitive Groups,51.0,UG/M3,1 Hr,Valid
Embassy Kathmandu,PM2.5 - Principal,2018-01-16 08:00 PM,2018,1,16,20,58.2,152,Unhealthy,68.0,UG/M3,1 Hr,Valid
Embassy Kathmandu,PM2.5 - Principal,2018-01-16 09:00 PM,2018,1,16,21,72.1,160,Unhealthy,86.0,UG/M3,1 Hr,Valid
Embassy Kathmandu,PM2.5 - Principal,2018-01-16 10:00 PM,2018,1,16,22,75.0,161,Unhealthy,78.0,UG/M3,1 Hr,Valid
Embassy Kathmandu,PM2.5 - Principal,2018-01-16 11:00 PM,2018,1,16,23,88.0,168,Unhealthy,101.0,UG/M3,1 Hr,Valid
Embassy Kathmandu,PM2.5 - Principal,2018-01-17 12:00 AM,2018,1,17,0,93.0,170,Unhealthy,98.0,UG/M3,1 Hr,Valid
Embassy Kathmandu,PM2.5 - Principal,2018-01-17 01:00 AM,2018,1,17,1,85.0,166,Unhealthy,77.0,UG/M3,1 Hr,Valid
Embassy Kathmandu,PM2.5 - Principal,2018-01-17 02:00 AM,2018,1,17,2,77.0,162,Unhealthy,69.0,UG/M3,1 Hr,Valid
Embassy Kathmandu,PM2.5 - Principal,2018-01-17 03:00 AM,2018,1,17,3,74.0,161,Unhealthy,71.0,UG/M3,1 Hr,Valid
Embassy Kathmandu,PM2.5 - Principal,2018-01-17 04:00 AM,2018,1,17,4,67.0,157,Unhealthy,60.0,UG/M3,1 Hr,Valid
Embassy Kathmandu,PM2.5 - Principal,2018-01-17 05:00 AM,2018,1,17,5,79.0,163,Unhealthy,91.0,UG/M3,1 Hr,Valid
Embassy Kathmandu,PM2.5 - Principal,2018-01-17 06:00 AM,2018,1,17,6,76.0,162,Unhealthy,73.0,UG/M3,1 Hr,Valid
Embassy Kathmandu,PM2.5 - Principal,2018-01-17 07:00 AM,2018,1,17,7,80.5,164,Unhealthy,87.0,UG/M3,1 Hr,Valid
Embassy Kathmandu,PM2.5 - Principal,2018-01-17 08:00 AM,2018,1,17,8,122.2,185,Unhealthy,163.0,UG/M3,1 Hr,Valid
Embassy Kathmandu,PM2.5 - Principal,2018-01-17 09:00 AM,2018,1,17,9,145.1,197,Unhealthy,168.0,UG/M3,1 Hr,Valid
Embassy Kathmandu,PM2.5 - Principal,2018-01-17 10:00 AM,2018,1,17,10,149.0,199,Unhealthy,153.0,UG/M3,1 Hr,Valid
Embassy Kathmandu,PM2.5 - Principal,2018-01-17 11:00 AM,2018,1,17,11,134.0,192,Unhealthy,119.0,UG/M3,1 Hr,Valid
Embassy Kathmandu,PM2.5 - Principal,2018-01-17 12:00 PM,2018,1,17,12,108.0,178,Unhealthy,82.0,UG/M3,1 Hr,Valid
Embassy Kathmandu,PM2.5 - Principal,2018-01-17 01:00 PM,2018,1,17,13,77.5,162,Unhealthy,47.0,UG/M3,1 Hr,Valid
Embassy Kathmandu,PM2.5 - Principal,2018-01-17 02:00 PM,2018,1,17,14,56.2,151,Unhealthy,35.0,UG/M3,1 Hr,Valid
Embassy Kathmandu,PM2.5 - Principal,2018-01-17 03:00 PM,2018,1,17,15,55.1,149,Unhealthy for Sensitive Groups,54.0,UG/M3,1 Hr,Valid
Embassy Kathmandu,PM2.5 - Principal,2018-01-17 04:00 PM,2018,1,17,16,48.0,132,Unhealthy for Sensitive Groups,41.0,UG/M3,1 Hr,Valid
Embassy Kathmandu,PM2.5 - Principal,2018-01-17 05:00 PM,2018,1,17,17,45.5,126,Unhealthy for Sensitive Groups,43.0,UG/M3,1 Hr,Valid
Embassy Kathmandu,PM2.5 - Principal,2018-01-17 06:00 PM,2018,1,17,18,44.7,124,Unhealthy for Sensitive Groups,44.0,UG/M3,1 Hr,Valid
Embassy Kathmandu,PM2.5 - Principal,2018-01-17 07:00 PM,2018,1,17,19,46.8,129,Unhealthy for Sensitive Groups,49.0,UG/M3,1 Hr,Valid
Embassy Kathmandu,PM2.5 - Principal,2018-01-17 08:00 PM,2018,1,17,20,52.9,144,Unhealthy for Sensitive Groups,59.0,UG/M3,1 Hr,Valid
Embassy Kathmandu,PM2.5 - Principal,2018-01-17 09:00 PM,2018,1,17,21,60.4,154,Unhealthy,68.0,UG/M3,1 Hr,Valid
Embassy Kathmandu,PM2.5 - Principal,2018-01-17 10:00 PM,2018,1,17,22,94.2,171,Unhealthy,128.0,UG/M3,1 Hr,Valid
Embassy Kathmandu,PM2.5 - Principal,2018-01-17 11:00 PM,2018,1,17,23,81.6,164,Unhealthy,69.0,UG/M3,1 Hr,Valid
Embassy Kathmandu,PM2.5 - Principal,2018-01-18 12:00 AM,2018,1,18,0,86.3,167,Unhealthy,91.0,UG/M3,1 Hr,Valid
Embassy Kathmandu,PM2.5 - Principal,2018-01-18 01:00 AM,2018,1,18,1,86.1,167,Unhealthy,86.0,UG/M3,1 Hr,Valid
Embassy Kathmandu,PM2.5 - Principal,2018-01-18 02:00 AM,2018,1,18,2,78.0,163,Unhealthy,70.0,UG/M3,1 Hr,Valid
Embassy Kathmandu,PM2.5 - Principal,2018-01-18 03:00 AM,2018,1,18,3,67.5,157,Unhealthy,57.0,UG/M3,1 Hr,Valid
Embassy Kathmandu,PM2.5 - Principal,2018-01-18 04:00 AM,2018,1,18,4,63.7,155,Unhealthy,60.0,UG/M3,1 Hr,Valid
Embassy Kathmandu,PM2.5 - Principal,2018-01-18 05:00 AM,2018,1,18,5,59.8,153,Unhealthy,56.0,UG/M3,1 Hr,Valid
Embassy Kathmandu,PM2.5 - Principal,2018-01-18 06:00 AM,2018,1,18,6,61.4,154,Unhealthy,63.0,UG/M3,1 Hr,Valid
Embassy Kathmandu,PM2.5 - Principal,2018-01-18 07:00 AM,2018,1,18,7,78.7,163,Unhealthy,96.0,UG/M3,1 Hr,Valid
Embassy Kathmandu,PM2.5 - Principal,2018-01-18 08:00 AM,2018,1,18,8,93.8,171,Unhealthy,109.0,UG/M3,1 Hr,Valid
Embassy Kathmandu,PM2.5 - Principal,2018-01-18 09:00 AM,2018,1,18,9,156.9,207,Very Unhealthy,220.0,UG/M3,1 Hr,Valid
Embassy Kathmandu,PM2.5 - Principal,2018-01-18 10:00 AM,2018,1,18,10,189.4,240,Very Unhealthy,222.0,UG/M3,1 Hr,Valid
Embassy Kathmandu,PM2.5 - Principal,2018-01-18 11:00 AM,2018,1,18,11,152.2,203,Very Unhealthy,115.0,UG/M3,1 Hr,Valid
Embassy Kathmandu,PM2.5 - Principal,2018-01-18 12:00 PM,2018,1,18,12,116.6,183,Unhealthy,81.0,UG/M3,1 Hr,Valid
Embassy Kathmandu,PM2.5 - Principal,2018-01-18 01:00 PM,2018,1,18,13,87.3,167,Unhealthy,58.0,UG/M3,1 Hr,Valid
Embassy Kathmandu,PM2.5 - Principal,2018-01-18 02:00 PM,2018,1,18,14,78.1,163,Unhealthy,69.0,UG/M3,1 Hr,Valid
Embassy Kathmandu,PM2.5 - Principal,2018-01-18 03:00 PM,2018,1,18,15,64.0,155,Unhealthy,50.0,UG/M3,1 Hr,Valid
Embassy Kathmandu,PM2.5 - Principal,2018-01-18 04:00 PM,2018,1,18,16,52.0,142,Unhealthy for Sensitive Groups,40.0,UG/M3,1 Hr,Valid
Embassy Kathmandu,PM2.5 - Principal,2018-01-18 05:00 PM,2018,1,18,17,47.0,129,Unhealthy for Sensitive Groups,42.0,UG/M3,1 Hr,Valid
Embassy Kathmandu,PM2.5 - Principal,2018-01-18 06:00 PM,2018,1,18,18,45.5,126,Unhealthy for Sensitive Groups,44.0,UG/M3,1 Hr,Valid
Embassy Kathmandu,PM2.5 - Principal,2018-01-18 07:00 PM,2018,1,18,19,49.7,136,Unhealthy for Sensitive Groups,54.0,UG/M3,1 Hr,Valid
Embassy Kathmandu,PM2.5 - Principal,2018-01-18 08:00 PM,2018,1,18,20,51.3,140,Unhealthy for Sensitive Groups,53.0,UG/M3,1 Hr,Valid
Embassy Kathmandu,PM2.5 - Principal,2018-01-18 09:00 PM,2018,1,18,21,65.6,156,Unhealthy,80.0,UG/M3,1 Hr,Valid
Embassy Kathmandu,PM2.5 - Principal,2018-01-18 10:00 PM,2018,1,18,22,83.3,165,Unhealthy,101.0,UG/M3,1 Hr,Valid
Embassy Kathmandu,PM2.5 - Principal,2018-01-18 11:00 PM,2018,1,18,23,93.1,170,Unhealthy,103.0,UG/M3,1 Hr,Valid
Embassy Kathmandu,PM2.5 - Principal,2018-01-19 12:00 AM,2018,1,19,0,110.5,179,Unhealthy,128.0,UG/M3,1 Hr,Valid
Embassy Kathmandu,PM2.5 - Principal,2018-01-19 01:00 AM,2018,1,19,1,107.2,178,Unhealthy,104.0,UG/M3,1 Hr,Valid
Embassy Kathmandu,PM2.5 - Principal,2018-01-19 02:00 AM,2018,1,19,2,85.6,167,Unhealthy,64.0,UG/M3,1 Hr,Valid
Embassy Kathmandu,PM2.5 - Principal,2018-01-19 03:00 AM,2018,1,19,3,88.8,168,Unhealthy,92.0,UG/M3,1 Hr,Valid
Embassy Kathmandu,PM2.5 - Principal,2018-01-19 04:00 AM,2018,1,19,4,83.9,166,Unhealthy,79.0,UG/M3,1 Hr,Valid
Embassy Kathmandu,PM2.5 - Principal,2018-01-19 05:00 AM,2018,1,19,5,80.9,164,Unhealthy,78.0,UG/M3,1 Hr,Valid
Embassy Kathmandu,PM2.5 - Principal,2018-01-19 06:00 AM,2018,1,19,6,81.9,165,Unhealthy,83.0,UG/M3,1 Hr,Valid
Embassy Kathmandu,PM2.5 - Principal,2018-01-19 07:00 AM,2018,1,19,7,94.4,171,Unhealthy,107.0,UG/M3,1 Hr,Valid
Embassy Kathmandu,PM2.5 - Principal,2018-01-19 08:00 AM,2018,1,19,8,128.2,189,Unhealthy,162.0,UG/M3,1 Hr,Valid
Embassy Kathmandu,PM2.5 - Principal,2018-01-19 09:00 AM,2018,1,19,9,160.6,211,Very Unhealthy,193.0,UG/M3,1 Hr,Valid
Embassy Kathmandu,PM2.5 - Principal,2018-01-19 10:00 AM,2018,1,19,10,131.3,190,Unhealthy,102.0,UG/M3,1 Hr,Valid
Embassy Kathmandu,PM2.5 - Principal,2018-01-19 11:00 AM,2018,1,19,11,99.1,174,Unhealthy,67.0,UG/M3,1 Hr,Valid
Embassy Kathmandu,PM2.5 - Principal,2018-01-19 12:00 PM,2018,1,19,12,79.0,163,Unhealthy,59.0,UG/M3,1 Hr,Valid
Embassy Kathmandu,PM2.5 - Principal,2018-01-19 01:00 PM,2018,1,19,13,65.5,156,Unhealthy,52.0,UG/M3,1 Hr,Valid
Embassy Kathmandu,PM2.5 - Principal,2018-01-19 02:00 PM,2018,1,19,14,64.2,155,Unhealthy,63.0,UG/M3,1 Hr,Valid
Embassy Kathmandu,PM2.5 - Principal,2018-01-19 03:00 PM,2018,1,19,15,61.6,154,Unhealthy,59.0,UG/M3,1 Hr,Valid
Embassy Kathmandu,PM2.5 - Principal,2018-01-19 04:00 PM,2018,1,19,16,56.8,152,Unhealthy,52.0,UG/M3,1 Hr,Valid
Embassy Kathmandu,PM2.5 - Principal,2018-01-19 05:00 PM,2018,1,19,17,57.4,152,Unhealthy,58.0,UG/M3,1 Hr,Valid
Embassy Kathmandu,PM2.5 - Principal,2018-01-19 06:00 PM,2018,1,19,18,54.6,148,Unhealthy for Sensitive Groups,52.0,UG/M3,1 Hr,Valid
Embassy Kathmandu,PM2.5 - Principal,2018-01-19 07:00 PM,2018,1,19,19,75.8,161,Unhealthy,97.0,UG/M3,1 Hr,Valid
Embassy Kathmandu,PM2.5 - Principal,2018-01-19 08:00 PM,2018,1,19,20,92.9,170,Unhealthy,110.0,UG/M3,1 Hr,Valid
Embassy Kathmandu,PM2.5 - Principal,2018-01-19 09:00 PM,2018,1,19,21,107.4,178,Unhealthy,122.0,UG/M3,1 Hr,Valid
Embassy Kathmandu,PM2.5 - Principal,2018-01-19 10:00 PM,2018,1,19,22,105.2,177,Unhealthy,103.0,UG/M3,1 Hr,Valid
Embassy Kathmandu,PM2.5 - Principal,2018-01-19 11:00 PM,2018,1,19,23,105.6,177,Unhealthy,106.0,UG/M3,1 Hr,Valid
Embassy Kathmandu,PM2.5 - Principal,2018-01-20 12:00 AM,2018,1,20,0,107.3,178,Unhealthy,109.0,UG/M3,1 Hr,Valid
Embassy Kathmandu,PM2.5 - Principal,2018-01-20 01:00 AM,2018,1,20,1,103.6,176,Unhealthy,100.0,UG/M3,1 Hr,Valid
Embassy Kathmandu,PM2.5 - Principal,2018-01-20 02:00 AM,2018,1,20,2,94.3,171,Unhealthy,85.0,UG/M3,1 Hr,Valid
Embassy Kathmandu,PM2.5 - Principal,2018-01-20 03:00 AM,2018,1,20,3,84.1,166,Unhealthy,74.0,UG/M3,1 Hr,Valid
Embassy Kathmandu,PM2.5 - Principal,2018-01-20 04:00 AM,2018,1,20,4,87.0,167,Unhealthy,90.0,UG/M3,1 Hr,Valid
Embassy Kathmandu,PM2.5 - Principal,2018-01-20 05:00 AM,2018,1,20,5,90.0,169,Unhealthy,93.0,UG/M3,1 Hr,Valid
Embassy Kathmandu,PM2.5 - Principal,2018-01-20 06:00 AM,2018,1,20,6,85.1,166,Unhealthy,77.0,UG/M3,1 Hr,Valid
Embassy Kathmandu,PM2.5 - Principal,2018-01-20 07:00 AM,2018,1,20,7,95.6,172,Unhealthy,112.0,UG/M3,1 Hr,Valid
Embassy Kathmandu,PM2.5 - Principal,2018-01-20 08:00 AM,2018,1,20,8,119.4,184,Unhealthy,143.0,UG/M3,1 Hr,Valid
Embassy Kathmandu,PM2.5 - Principal,2018-01-20 09:00 AM,2018,1,20,9,168.7,219,Very Unhealthy,217.0,UG/M3,1 Hr,Valid
Embassy Kathmandu,PM2.5 - Principal,2018-01-20 10:00 AM,2018,1,20,10,158.8,209,Very Unhealthy,149.0,UG/M3,1 Hr,Valid
Embassy Kathmandu,PM2.5 - Principal,2018-01-20 11:00 AM,2018,1,20,11,134.9,192,Unhealthy,111.0,UG/M3,1 Hr,Valid
Embassy Kathmandu,PM2.5 - Principal,2018-01-20 12:00 PM,2018,1,20,12,112.9,181,Unhealthy,91.0,UG/M3,1 Hr,Valid
Embassy Kathmandu,PM2.5 - Principal,2018-01-20 01:00 PM,2018,1,20,13,96.9,172,Unhealthy,81.0,UG/M3,1 Hr,Valid
Embassy Kathmandu,PM2.5 - Principal,2018-01-20 02:00 PM,2018,1,20,14,82.9,165,Unhealthy,69.0,UG/M3,1 Hr,Valid
Embassy Kathmandu,PM2.5 - Principal,2018-01-20 03:00 PM,2018,1,20,15,68.9,158,Unhealthy,55.0,UG/M3,1 Hr,Valid
Embassy Kathmandu,PM2.5 - Principal,2018-01-20 04:00 PM,2018,1,20,16,52.9,144,Unhealthy for Sensitive Groups,37.0,UG/M3,1 Hr,Valid
Embassy Kathmandu,PM2.5 - Principal,2018-01-20 05:00 PM,2018,1,20,17,47.9,132,Unhealthy for Sensitive Groups,43.0,UG/M3,1 Hr,Valid
Embassy Kathmandu,PM2.5 - Principal,2018-01-20 06:00 PM,2018,1,20,18,48.9,134,Unhealthy for Sensitive Groups,50.0,UG/M3,1 Hr,Valid
Embassy Kathmandu,PM2.5 - Principal,2018-01-20 07:00 PM,2018,1,20,19,52.9,144,Unhealthy for Sensitive Groups,57.0,UG/M3,1 Hr,Valid
Embassy Kathmandu,PM2.5 - Principal,2018-01-20 08:00 PM,2018,1,20,20,55.9,151,Unhealthy,59.0,UG/M3,1 Hr,Valid
Embassy Kathmandu,PM2.5 - Principal,2018-01-20 09:00 PM,2018,1,20,21,69.9,158,Unhealthy,84.0,UG/M3,1 Hr,Valid
Embassy Kathmandu,PM2.5 - Principal,2018-01-20 10:00 PM,2018,1,20,22,73.9,161,Unhealthy,78.0,UG/M3,1 Hr,Valid
Embassy Kathmandu,PM2.5 - Principal,2018-01-20 11:00 PM,2018,1,20,23,77.9,163,Unhealthy,82.0,UG/M3,1 Hr,Valid
Embassy Kathmandu,PM2.5 - Principal,2018-01-21 12:00 AM,2018,1,21,0,76.4,162,Unhealthy,75.0,UG/M3,1 Hr,Valid
Embassy Kathmandu,PM2.5 - Principal,2018-01-21 01:00 AM,2018,1,21,1,65.7,156,Unhealthy,55.0,UG/M3,1 Hr,Valid
Embassy Kathmandu,PM2.5 - Principal,2018-01-21 02:00 AM,2018,1,21,2,61.3,154,Unhealthy,57.0,UG/M3,1 Hr,Valid
Embassy Kathmandu,PM2.5 - Principal,2018-01-21 03:00 AM,2018,1,21,3,64.1,155,Unhealthy,67.0,UG/M3,1 Hr,Valid
Embassy Kathmandu,PM2.5 - Principal,2018-01-21 04:00 AM,2018,1,21,4,69.4,158,Unhealthy,75.0,UG/M3,1 Hr,Valid
Embassy Kathmandu,PM2.5 - Principal,2018-01-21 05:00 AM,2018,1,21,5,68.9,158,Unhealthy,69.0,UG/M3,1 Hr,Valid
Embassy Kathmandu,PM2.5 - Principal,2018-01-21 06:00 AM,2018,1,21,6,69.9,158,Unhealthy,72.0,UG/M3,1 Hr,Valid
Embassy Kathmandu,PM2.5 - Principal,2018-01-21 07:00 AM,2018,1,21,7,75.3,161,Unhealthy,85.0,UG/M3,1 Hr,Valid
Embassy Kathmandu,PM2.5 - Principal,2018-01-21 08:00 AM,2018,1,21,8,106.4,177,Unhealthy,135.0,UG/M3,1 Hr,Valid
Embassy Kathmandu,PM2.5 - Principal,2018-01-21 09:00 AM,2018,1,21,9,135.2,192,Unhealthy,164.0,UG/M3,1 Hr,Valid
Embassy Kathmandu,PM2.5 - Principal,2018-01-21 10:00 AM,2018,1,21,10,126.1,187,Unhealthy,117.0,UG/M3,1 Hr,Valid
Embassy Kathmandu,PM2.5 - Principal,2018-01-21 11:00 AM,2018,1,21,11,93.5,171,Unhealthy,61.0,UG/M3,1 Hr,Valid
Embassy Kathmandu,PM2.5 - Principal,2018-01-21 12:00 PM,2018,1,21,12,69.2,158,Unhealthy,45.0,UG/M3,1 Hr,Valid
Embassy Kathmandu,PM2.5 - Principal,2018-01-21 01:00 PM,2018,1,21,13,52.6,143,Unhealthy for Sensitive Groups,36.0,UG/M3,1 Hr,Valid
Embassy Kathmandu,PM2.5 - Principal,2018-01-21 02:00 PM,2018,1,21,14,46.8,129,Unhealthy for Sensitive Groups,41.0,UG/M3,1 Hr,Valid
Embassy Kathmandu,PM2.5 - Principal,2018-01-21 03:00 PM,2018,1,21,15,49.9,136,Unhealthy for Sensitive Groups,53.0,UG/M3,1 Hr,Valid
Embassy Kathmandu,PM2.5 - Principal,2018-01-21 04:00 PM,2018,1,21,16,60.9,154,Unhealthy,72.0,UG/M3,1 Hr,Valid
Embassy Kathmandu,PM2.5 - Principal,2018-01-21 05:00 PM,2018,1,21,17,62.4,155,Unhealthy,64.0,UG/M3,1 Hr,Valid
Embassy Kathmandu,PM2.5 - Principal,2018-01-21 06:00 PM,2018,1,21,18,64.7,156,Unhealthy,67.0,UG/M3,1 Hr,Valid
Embassy Kathmandu,PM2.5 - Principal,2018-01-21 07:00 PM,2018,1,21,19,64.3,156,Unhealthy,64.0,UG/M3,1 Hr,Valid
Embassy Kathmandu,PM2.5 - Principal,2018-01-21 08:00 PM,2018,1,21,20,61.6,154,Unhealthy,59.0,UG/M3,1 Hr,Valid
Embassy Kathmandu,PM2.5 - Principal,2018-01-21 09:00 PM,2018,1,21,21,63.3,155,Unhealthy,65.0,UG/M3,1 Hr,Valid
Embassy Kathmandu,PM2.5 - Principal,2018-01-21 10:00 PM,2018,1,21,22,75.6,161,Unhealthy,88.0,UG/M3,1 Hr,Valid
Embassy Kathmandu,PM2.5 - Principal,2018-01-21 11:00 PM,2018,1,21,23,97.3,173,Unhealthy,119.0,UG/M3,1 Hr,Valid
Embassy Kathmandu,PM2.5 - Principal,2018-01-22 12:00 AM,2018,1,22,0,97.6,173,Unhealthy,98.0,UG/M3,1 Hr,Valid
Embassy Kathmandu,PM2.5 - Principal,2018-01-22 01:00 AM,2018,1,22,1,92.3,170,Unhealthy,87.0,UG/M3,1 Hr,Valid
Embassy Kathmandu,PM2.5 - Principal,2018-01-22 02:00 AM,2018,1,22,2,82.6,165,Unhealthy,73.0,UG/M3,1 Hr,Valid
Embassy Kathmandu,PM2.5 - Principal,2018-01-22 03:00 AM,2018,1,22,3,77.8,163,Unhealthy,73.0,UG/M3,1 Hr,Valid
Embassy Kathmandu,PM2.5 - Principal,2018-01-22 04:00 AM,2018,1,22,4,74.4,161,Unhealthy,71.0,UG/M3,1 Hr,Valid
Embassy Kathmandu,PM2.5 - Principal,2018-01-22 05:00 AM,2018,1,22,5,71.7,159,Unhealthy,69.0,UG/M3,1 Hr,Valid
Embassy Kathmandu,PM2.5 - Principal,2018-01-22 06:00 AM,2018,1,22,6,71.8,159,Unhealthy,72.0,UG/M3,1 Hr,Valid
Embassy Kathmandu,PM2.5 - Principal,2018-01-22 07:00 AM,2018,1,22,7,83.9,166,Unhealthy,96.0,UG/M3,1 Hr,Valid
Embassy Kathmandu,PM2.5 - Principal,2018-01-22 08:00 AM,2018,1,22,8,99.3,174,Unhealthy,119.0,UG/M3,1 Hr,Valid
Embassy Kathmandu,PM2.5 - Principal,2018-01-22 09:00 AM,2018,1,22,9,140.7,195,Unhealthy,180.0,UG/M3,1 Hr,Valid
Embassy Kathmandu,PM2.5 - Principal,2018-01-22 10:00 AM,2018,1,22,10,155.8,206,Very Unhealthy,171.0,UG/M3,1 Hr,Valid
Embassy Kathmandu,PM2.5 - Principal,2018-01-22 11:00 AM,2018,1,22,11,158.4,209,Very Unhealthy,161.0,UG/M3,1 Hr,Valid
Embassy Kathmandu,PM2.5 - Principal,2018-01-22 12:00 PM,2018,1,22,12,134.7,192,Unhealthy,111.0,UG/M3,1 Hr,Valid
Embassy Kathmandu,PM2.5 - Principal,2018-01-22 01:00 PM,2018,1,22,13,99.8,174,Unhealthy,65.0,UG/M3,1 Hr,Valid
Embassy Kathmandu,PM2.5 - Principal,2018-01-22 02:00 PM,2018,1,22,14,70.9,159,Unhealthy,42.0,UG/M3,1 Hr,Valid
Embassy Kathmandu,PM2.5 - Principal,2018-01-22 03:00 PM,2018,1,22,15,62.4,155,Unhealthy,54.0,UG/M3,1 Hr,Valid
Embassy Kathmandu,PM2.5 - Principal,2018-01-22 04:00 PM,2018,1,22,16,59.7,153,Unhealthy,57.0,UG/M3,1 Hr,Valid
Embassy Kathmandu,PM2.5 - Principal,2018-01-22 05:00 PM,2018,1,22,17,53.3,145,Unhealthy for Sensitive Groups,47.0,UG/M3,1 Hr,Valid
Embassy Kathmandu,PM2.5 - Principal,2018-01-22 06:00 PM,2018,1,22,18,55.6,151,Unhealthy,58.0,UG/M3,1 Hr,Valid
Embassy Kathmandu,PM2.5 - Principal,2018-01-22 07:00 PM,2018,1,22,19,57.8,152,Unhealthy,60.0,UG/M3,1 Hr,Valid
Embassy Kathmandu,PM2.5 - Principal,2018-01-22 08:00 PM,2018,1,22,20,76.4,162,Unhealthy,95.0,UG/M3,1 Hr,Valid
Embassy Kathmandu,PM2.5 - Principal,2018-01-22 09:00 PM,2018,1,22,21,91.6,170,Unhealthy,107.0,UG/M3,1 Hr,Valid
Embassy Kathmandu,PM2.5 - Principal,2018-01-22 10:00 PM,2018,1,22,22,96.3,172,Unhealthy,101.0,UG/M3,1 Hr,Valid
Embassy Kathmandu,PM2.5 - Principal,2018-01-22 11:00 PM,2018,1,22,23,93.6,171,Unhealthy,91.0,UG/M3,1 Hr,Valid
Embassy Kathmandu,PM2.5 - Principal,2018-01-23 12:00 AM,2018,1,23,0,90.8,169,Unhealthy,88.0,UG/M3,1 Hr,Valid
Embassy Kathmandu,PM2.5 - Principal,2018-01-23 01:00 AM,2018,1,23,1,84.4,166,Unhealthy,78.0,UG/M3,1 Hr,Valid
Embassy Kathmandu,PM2.5 - Principal,2018-01-23 02:00 AM,2018,1,23,2,80.2,164,Unhealthy,76.0,UG/M3,1 Hr,Valid
Embassy Kathmandu,PM2.5 - Principal,2018-01-23 03:00 AM,2018,1,23,3,80.6,164,Unhealthy,81.0,UG/M3,1 Hr,Valid
Embassy Kathmandu,PM2.5 - Principal,2018-01-23 04:00 AM,2018,1,23,4,73.8,160,Unhealthy,67.0,UG/M3,1 Hr,Valid
Embassy Kathmandu,PM2.5 - Principal,2018-01-23 05:00 AM,2018,1,23,5,67.4,157,Unhealthy,59.0,UG/M3,1 Hr,Valid
Embassy Kathmandu,PM2.5 - Principal,2018-01-23 06:00 AM,2018,1,23,6,78.1,163,Unhealthy,91.0,UG/M3,1 Hr,Valid
Embassy Kathmandu,PM2.5 - Principal,2018-01-23 07:00 AM,2018,1,23,7,83.0,165,Unhealthy,89.0,UG/M3,1 Hr,Valid
Embassy Kathmandu,PM2.5 - Principal,2018-01-23 08:00 AM,2018,1,23,8,102.9,175,Unhealthy,122.0,UG/M3,1 Hr,Valid
Embassy Kathmandu,PM2.5 - Principal,2018-01-23 09:00 AM,2018,1,23,9,142.9,196,Unhealthy,183.0,UG/M3,1 Hr,Valid
Embassy Kathmandu,PM2.5 - Principal,2018-01-23 10:00 AM,2018,1,23,10,133.9,191,Unhealthy,125.0,UG/M3,1 Hr,Valid
Embassy Kathmandu,PM2.5 - Principal,2018-01-23 11:00 AM,2018,1,23,11,125.9,187,Unhealthy,118.0,UG/M3,1 Hr,Valid
Embassy Kathmandu,PM2.5 - Principal,2018-01-23 12:00 PM,2018,1,23,12,97.9,173,Unhealthy,70.0,UG/M3,1 Hr,Valid
Embassy Kathmandu,PM2.5 - Principal,2018-01-23 01:00 PM,2018,1,23,13,79.4,163,Unhealthy,61.0,UG/M3,1 Hr,Valid
Embassy Kathmandu,PM2.5 - Principal,2018-01-23 02:00 PM,2018,1,23,14,70.7,159,Unhealthy,62.0,UG/M3,1 Hr,Valid
Embassy Kathmandu,PM2.5 - Principal,2018-01-23 03:00 PM,2018,1,23,15,64.8,156,Unhealthy,59.0,UG/M3,1 Hr,Valid
Embassy Kathmandu,PM2.5 - Principal,2018-01-23 04:00 PM,2018,1,23,16,55.9,151,Unhealthy,47.0,UG/M3,1 Hr,Valid
Embassy Kathmandu,PM2.5 - Principal,2018-01-23 05:00 PM,2018,1,23,17,51.4,140,Unhealthy for Sensitive Groups,47.0,UG/M3,1 Hr,Valid
Embassy Kathmandu,PM2.5 - Principal,2018-01-23 06:00 PM,2018,1,23,18,56.7,152,Unhealthy,62.0,UG/M3,1 Hr,Valid
Embassy Kathmandu,PM2.5 - Principal,2018-01-23 07:00 PM,2018,1,23,19,75.3,161,Unhealthy,94.0,UG/M3,1 Hr,Valid
Embassy Kathmandu,PM2.5 - Principal,2018-01-23 08:00 PM,2018,1,23,20,106.1,177,Unhealthy,137.0,UG/M3,1 Hr,Valid
Embassy Kathmandu,PM2.5 - Principal,2018-01-23 09:00 PM,2018,1,23,21,104.5,176,Unhealthy,103.0,UG/M3,1 Hr,Valid
Embassy Kathmandu,PM2.5 - Principal,2018-01-23 10:00 PM,2018,1,23,22,104.2,176,Unhealthy,104.0,UG/M3,1 Hr,Valid
Embassy Kathmandu,PM2.5 - Principal,2018-01-23 11:00 PM,2018,1,23,23,97.6,173,Unhealthy,91.0,UG/M3,1 Hr,Valid
Embassy Kathmandu,PM2.5 - Principal,2018-01-24 12:00 AM,2018,1,24,0,96.3,172,Unhealthy,95.0,UG/M3,1 Hr,Valid
Embassy Kathmandu,PM2.5 - Principal,2018-01-24 01:00 AM,2018,1,24,1,87.6,168,Unhealthy,79.0,UG/M3,1 Hr,Valid
Embassy Kathmandu,PM2.5 - Principal,2018-01-24 02:00 AM,2018,1,24,2,82.8,165,Unhealthy,78.0,UG/M3,1 Hr,Valid
Embassy Kathmandu,PM2.5 - Principal,2018-01-24 03:00 AM,2018,1,24,3,81.4,164,Unhealthy,80.0,UG/M3,1 Hr,Valid
Embassy Kathmandu,PM2.5 - Principal,2018-01-24 04:00 AM,2018,1,24,4,83.2,165,Unhealthy,85.0,UG/M3,1 Hr,Valid
Embassy Kathmandu,PM2.5 - Principal,2018-01-24 05:00 AM,2018,1,24,5,82.6,165,Unhealthy,82.0,UG/M3,1 Hr,Valid
Embassy Kathmandu,PM2.5 - Principal,2018-01-24 06:00 AM,2018,1,24,6,93.3,171,Unhealthy,107.0,UG/M3,1 Hr,Valid
Embassy Kathmandu,PM2.5 - Principal,2018-01-24 07:00 AM,2018,1,24,7,108.2,178,Unhealthy,128.0,UG/M3,1 Hr,Valid
Embassy Kathmandu,PM2.5 - Principal,2018-01-24 08:00 AM,2018,1,24,8,119.3,184,Unhealthy,135.0,UG/M3,1 Hr,Valid
Embassy Kathmandu,PM2.5 - Principal,2018-01-24 09:00 AM,2018,1,24,9,111.5,180,Unhealthy,101.0,UG/M3,1 Hr,Valid
Embassy Kathmandu,PM2.5 - Principal,2018-01-24 10:00 AM,2018,1,24,10,87.5,168,Unhealthy,63.0,UG/M3,1 Hr,Valid
Embassy Kathmandu,PM2.5 - Principal,2018-01-24 11:00 AM,2018,1,24,11,73.7,160,Unhealthy,60.0,UG/M3,1 Hr,Valid
Embassy Kathmandu,PM2.5 - Principal,2018-01-24 12:00 PM,2018,1,24,12,56.3,151,Unhealthy,39.0,UG/M3,1 Hr,Valid
Embassy Kathmandu,PM2.5 - Principal,2018-01-24 01:00 PM,2018,1,24,13,39.6,111,Unhealthy for Sensitive Groups,23.0,UG/M3,1 Hr,Valid
Embassy Kathmandu,PM2.5 - Principal,2018-01-24 02:00 PM,2018,1,24,14,33.3,96,Moderate,27.0,UG/M3,1 Hr,Valid
Embassy Kathmandu,PM2.5 - Principal,2018-01-24 03:00 PM,2018,1,24,15,30.1,89,Moderate,27.0,UG/M3,1 Hr,Valid
Embassy Kathmandu,PM2.5 - Principal,2018-01-24 04:00 PM,2018,1,24,16,28.5,85,Moderate,27.0,UG/M3,1 Hr,Valid
Embassy Kathmandu,PM2.5 - Principal,2018-01-24 05:00 PM,2018,1,24,17,38.7,109,Unhealthy for Sensitive Groups,49.0,UG/M3,1 Hr,Valid
Embassy Kathmandu,PM2.5 - Principal,2018-01-24 06:00 PM,2018,1,24,18,59.8,153,Unhealthy,81.0,UG/M3,1 Hr,Valid
Embassy Kathmandu,PM2.5 - Principal,2018-01-24 07:00 PM,2018,1,24,19,77.9,163,Unhealthy,96.0,UG/M3,1 Hr,Valid
Embassy Kathmandu,PM2.5 - Principal,2018-01-24 08:00 PM,2018,1,24,20,85.4,166,Unhealthy,93.0,UG/M3,1 Hr,Valid
Embassy Kathmandu,PM2.5 - Principal,2018-01-24 09:00 PM,2018,1,24,21,73.2,160,Unhealthy,61.0,UG/M3,1 Hr,Valid
Embassy Kathmandu,PM2.5 - Principal,2018-01-24 10:00 PM,2018,1,24,22,66.6,157,Unhealthy,60.0,UG/M3,1 Hr,Valid
Embassy Kathmandu,PM2.5 - Principal,2018-01-24 11:00 PM,2018,1,24,23,63.8,155,Unhealthy,61.0,UG/M3,1 Hr,Valid
Embassy Kathmandu,PM2.5 - Principal,2018-01-25 12:00 AM,2018,1,25,0,55.4,150,Unhealthy for Sensitive Groups,47.0,UG/M3,1 Hr,Valid
Embassy Kathmandu,PM2.5 - Principal,2018-01-25 01:00 AM,2018,1,25,1,56.7,152,Unhealthy,58.0,UG/M3,1 Hr,Valid
Embassy Kathmandu,PM2.5 - Principal,2018-01-25 02:00 AM,2018,1,25,2,56.8,152,Unhealthy,57.0,UG/M3,1 Hr,Valid
Embassy Kathmandu,PM2.5 - Principal,2018-01-25 03:00 AM,2018,1,25,3,52.9,144,Unhealthy for Sensitive Groups,49.0,UG/M3,1 Hr,Valid
Embassy Kathmandu,PM2.5 - Principal,2018-01-25 04:00 AM,2018,1,25,4,54.9,149,Unhealthy for Sensitive Groups,57.0,UG/M3,1 Hr,Valid
Embassy Kathmandu,PM2.5 - Principal,2018-01-25 05:00 AM,2018,1,25,5,56.4,151,Unhealthy,58.0,UG/M3,1 Hr,Valid
Embassy Kathmandu,PM2.5 - Principal,2018-01-25 06:00 AM,2018,1,25,6,80.2,164,Unhealthy,104.0,UG/M3,1 Hr,Valid
Embassy Kathmandu,PM2.5 - Principal,2018-01-25 07:00 AM,2018,1,25,7,90.6,169,Unhealthy,101.0,UG/M3,1 Hr,Valid
Embassy Kathmandu,PM2.5 - Principal,2018-01-25 08:00 AM,2018,1,25,8,103.8,176,Unhealthy,117.0,UG/M3,1 Hr,Valid
Embassy Kathmandu,PM2.5 - Principal,2018-01-25 09:00 AM,2018,1,25,9,124.9,187,Unhealthy,146.0,UG/M3,1 Hr,Valid
Embassy Kathmandu,PM2.5 - Principal,2018-01-25 10:00 AM,2018,1,25,10,130.4,190,Unhealthy,136.0,UG/M3,1 Hr,Valid
Embassy Kathmandu,PM2.5 - Principal,2018-01-25 11:00 AM,2018,1,25,11,113.2,181,Unhealthy,96.0,UG/M3,1 Hr,Valid
Embassy Kathmandu,PM2.5 - Principal,2018-01-25 12:00 PM,2018,1,25,12,95.1,171,Unhealthy,77.0,UG/M3,1 Hr,Valid
Embassy Kathmandu,PM2.5 - Principal,2018-01-25 01:00 PM,2018,1,25,13,69.5,158,Unhealthy,44.0,UG/M3,1 Hr,Valid
Embassy Kathmandu,PM2.5 - Principal,2018-01-25 02:00 PM,2018,1,25,14,56.7,152,Unhealthy,44.0,UG/M3,1 Hr,Valid
Embassy Kathmandu,PM2.5 - Principal,2018-01-25 03:00 PM,2018,1,25,15,45.8,126,Unhealthy for Sensitive Groups,35.0,UG/M3,1 Hr,Valid
Embassy Kathmandu,PM2.5 - Principal,2018-01-25 04:00 PM,2018,1,25,16,37.9,107,Unhealthy for Sensitive Groups,30.0,UG/M3,1 Hr,Valid
Embassy Kathmandu,PM2.5 - Principal,2018-01-25 05:00 PM,2018,1,25,17,38.9,109,Unhealthy for Sensitive Groups,40.0,UG/M3,1 Hr,Valid
Embassy Kathmandu,PM2.5 - Principal,2018-01-25 06:00 PM,2018,1,25,18,38.9,109,Unhealthy for Sensitive Groups,39.0,UG/M3,1 Hr,Valid
Embassy Kathmandu,PM2.5 - Principal,2018-01-25 07:00 PM,2018,1,25,19,48.4,133,Unhealthy for Sensitive Groups,58.0,UG/M3,1 Hr,Valid
Embassy Kathmandu,PM2.5 - Principal,2018-01-25 08:00 PM,2018,1,25,20,55.2,150,Unhealthy for Sensitive Groups,62.0,UG/M3,1 Hr,Valid
Embassy Kathmandu,PM2.5 - Principal,2018-01-25 09:00 PM,2018,1,25,21,80.6,164,Unhealthy,106.0,UG/M3,1 Hr,Valid
Embassy Kathmandu,PM2.5 - Principal,2018-01-25 10:00 PM,2018,1,25,22,101.3,175,Unhealthy,122.0,UG/M3,1 Hr,Valid
Embassy Kathmandu,PM2.5 - Principal,2018-01-25 11:00 PM,2018,1,25,23,82.1,165,Unhealthy,63.0,UG/M3,1 Hr,Valid
Embassy Kathmandu,PM2.5 - Principal,2018-01-26 12:00 AM,2018,1,26,0,83.0,165,Unhealthy,84.0,UG/M3,1 Hr,Valid
Embassy Kathmandu,PM2.5 - Principal,2018-01-26 01:00 AM,2018,1,26,1,84.0,166,Unhealthy,85.0,UG/M3,1 Hr,Valid
Embassy Kathmandu,PM2.5 - Principal,2018-01-26 02:00 AM,2018,1,26,2,71.5,159,Unhealthy,59.0,UG/M3,1 Hr,Valid
Embassy Kathmandu,PM2.5 - Principal,2018-01-26 03:00 AM,2018,1,26,3,64.2,155,Unhealthy,57.0,UG/M3,1 Hr,Valid
Embassy Kathmandu,PM2.5 - Principal,2018-01-26 04:00 AM,2018,1,26,4,69.6,158,Unhealthy,75.0,UG/M3,1 Hr,Valid
Embassy Kathmandu,PM2.5 - Principal,2018-01-26 05:00 AM,2018,1,26,5,65.3,156,Unhealthy,61.0,UG/M3,1 Hr,Valid
Embassy Kathmandu,PM2.5 - Principal,2018-01-26 06:00 AM,2018,1,26,6,68.1,158,Unhealthy,71.0,UG/M3,1 Hr,Valid
Embassy Kathmandu,PM2.5 - Principal,2018-01-26 07:00 AM,2018,1,26,7,81.0,164,Unhealthy,94.0,UG/M3,1 Hr,Valid
Embassy Kathmandu,PM2.5 - Principal,2018-01-26 08:00 AM,2018,1,26,8,121.0,185,Unhealthy,161.0,UG/M3,1 Hr,Valid
Embassy Kathmandu,PM2.5 - Principal,2018-01-26 09:00 AM,2018,1,26,9,181.0,231,Very Unhealthy,241.0,UG/M3,1 Hr,Valid
Embassy Kathmandu,PM2.5 - Principal,2018-01-26 10:00 AM,2018,1,26,10,199.5,250,Very Unhealthy,218.0,UG/M3,1 Hr,Valid
Embassy Kathmandu,PM2.5 - Principal,2018-01-26 11:00 AM,2018,1,26,11,150.7,201,Very Unhealthy,102.0,UG/M3,1 Hr,Valid
Embassy Kathmandu,PM2.5 - Principal,2018-01-26 12:00 PM,2018,1,26,12,104.3,176,Unhealthy,58.0,UG/M3,1 Hr,Valid
Embassy Kathmandu,PM2.5 - Principal,2018-01-26 01:00 PM,2018,1,26,13,73.1,160,Unhealthy,42.0,UG/M3,1 Hr,Valid
Embassy Kathmandu,PM2.5 - Principal,2018-01-26 02:00 PM,2018,1,26,14,60.5,154,Unhealthy,48.0,UG/M3,1 Hr,Valid
Embassy Kathmandu,PM2.5 - Principal,2018-01-26 03:00 PM,2018,1,26,15,59.7,153,Unhealthy,59.0,UG/M3,1 Hr,Valid
Embassy Kathmandu,PM2.5 - Principal,2018-01-26 04:00 PM,2018,1,26,16,49.8,136,Unhealthy for Sensitive Groups,40.0,UG/M3,1 Hr,Valid
Embassy Kathmandu,PM2.5 - Principal,2018-01-26 05:00 PM,2018,1,26,17,48.4,133,Unhealthy for Sensitive Groups,47.0,UG/M3,1 Hr,Valid
Embassy Kathmandu,PM2.5 - Principal,2018-01-26 06:00 PM,2018,1,26,18,53.2,145,Unhealthy for Sensitive Groups,58.0,UG/M3,1 Hr,Valid
Embassy Kathmandu,PM2.5 - Principal,2018-01-26 07:00 PM,2018,1,26,19,56.1,151,Unhealthy,59.0,UG/M3,1 Hr,Valid
Embassy Kathmandu,PM2.5 - Principal,2018-01-26 08:00 PM,2018,1,26,20,57.5,152,Unhealthy,59.0,UG/M3,1 Hr,Valid
Embassy Kathmandu,PM2.5 - Principal,2018-01-26 09:00 PM,2018,1,26,21,56.2,151,Unhealthy,55.0,UG/M3,1 Hr,Valid
Embassy Kathmandu,PM2.5 - Principal,2018-01-26 10:00 PM,2018,1,26,22,60.6,154,Unhealthy,65.0,UG/M3,1 Hr,Valid
Embassy Kathmandu,PM2.5 - Principal,2018-01-26 11:00 PM,2018,1,26,23,63.0,155,Unhealthy,68.0,UG/M3,1 Hr,Valid
Embassy Kathmandu,PM2.5 - Principal,2018-01-27 12:00 AM,2018,1,27,0,60.9,154,Unhealthy,58.0,UG/M3,1 Hr,Valid
Embassy Kathmandu,PM2.5 - Principal,2018-01-27 01:00 AM,2018,1,27,1,57.3,152,Unhealthy,52.0,UG/M3,1 Hr,Valid
Embassy Kathmandu,PM2.5 - Principal,2018-01-27 02:00 AM,2018,1,27,2,58.8,153,Unhealthy,61.0,UG/M3,1 Hr,Valid
Embassy Kathmandu,PM2.5 - Principal,2018-01-27 03:00 AM,2018,1,27,3,60.9,154,Unhealthy,64.0,UG/M3,1 Hr,Valid
Embassy Kathmandu,PM2.5 - Principal,2018-01-27 04:00 AM,2018,1,27,4,60.3,153,Unhealthy,60.0,UG/M3,1 Hr,Valid
Embassy Kathmandu,PM2.5 - Principal,2018-01-27 05:00 AM,2018,1,27,5,60.7,154,Unhealthy,62.0,UG/M3,1 Hr,Valid
Embassy Kathmandu,PM2.5 - Principal,2018-01-27 06:00 AM,2018,1,27,6,62.3,155,Unhealthy,67.0,UG/M3,1 Hr,Valid
Embassy Kathmandu,PM2.5 - Principal,2018-01-27 07:00 AM,2018,1,27,7,64.8,156,Unhealthy,71.0,UG/M3,1 Hr,Valid
Embassy Kathmandu,PM2.5 - Principal,2018-01-27 08:00 AM,2018,1,27,8,96.3,172,Unhealthy,125.0,UG/M3,1 Hr,Valid
Embassy Kathmandu,PM2.5 - Principal,2018-01-27 09:00 AM,2018,1,27,9,128.6,189,Unhealthy,161.0,UG/M3,1 Hr,Valid
Embassy Kathmandu,PM2.5 - Principal,2018-01-27 10:00 AM,2018,1,27,10,133.8,191,Unhealthy,139.0,UG/M3,1 Hr,Valid
Embassy Kathmandu,PM2.5 - Principal,2018-01-27 11:00 AM,2018,1,27,11,123.4,186,Unhealthy,113.0,UG/M3,1 Hr,Valid
Embassy Kathmandu,PM2.5 - Principal,2018-01-27 12:00 PM,2018,1,27,12,97.2,173,Unhealthy,71.0,UG/M3,1 Hr,Valid
Embassy Kathmandu,PM2.5 - Principal,2018-01-27 01:00 PM,2018,1,27,13,77.1,162,Unhealthy,57.0,UG/M3,1 Hr,Valid
Embassy Kathmandu,PM2.5 - Principal,2018-01-27 02:00 PM,2018,1,27,14,68.0,157,Unhealthy,59.0,UG/M3,1 Hr,Valid
Embassy Kathmandu,PM2.5 - Principal,2018-01-27 03:00 PM,2018,1,27,15,53.0,144,Unhealthy for Sensitive Groups,38.0,UG/M3,1 Hr,Valid
Embassy Kathmandu,PM2.5 - Principal,2018-01-27 04:00 PM,2018,1,27,16,43.0,119,Unhealthy for Sensitive Groups,33.0,UG/M3,1 Hr,Valid
Embassy Kathmandu,PM2.5 - Principal,2018-01-27 05:00 PM,2018,1,27,17,40.0,112,Unhealthy for Sensitive Groups,37.0,UG/M3,1 Hr,Valid
Embassy Kathmandu,PM2.5 - Principal,2018-01-27 06:00 PM,2018,1,27,18,45.4,125,Unhealthy for Sensitive Groups,51.0,UG/M3,1 Hr,Valid
Embassy Kathmandu,PM2.5 - Principal,2018-01-27 07:00 PM,2018,1,27,19,49.7,136,Unhealthy for Sensitive Groups,54.0,UG/M3,1 Hr,Valid
Embassy Kathmandu,PM2.5 - Principal,2018-01-27 08:00 PM,2018,1,27,20,63.3,155,Unhealthy,77.0,UG/M3,1 Hr,Valid
Embassy Kathmandu,PM2.5 - Principal,2018-01-27 09:00 PM,2018,1,27,21,88.6,168,Unhealthy,114.0,UG/M3,1 Hr,Valid
Embassy Kathmandu,PM2.5 - Principal,2018-01-27 10:00 PM,2018,1,27,22,106.8,177,Unhealthy,125.0,UG/M3,1 Hr,Valid
Embassy Kathmandu,PM2.5 - Principal,2018-01-27 11:00 PM,2018,1,27,23,109.9,179,Unhealthy,113.0,UG/M3,1 Hr,Valid
Embassy Kathmandu,PM2.5 - Principal,2018-01-28 12:00 AM,2018,1,28,0,88.4,168,Unhealthy,67.0,UG/M3,1 Hr,Valid
Embassy Kathmandu,PM2.5 - Principal,2018-01-28 01:00 AM,2018,1,28,1,80.7,164,Unhealthy,73.0,UG/M3,1 Hr,Valid
Embassy Kathmandu,PM2.5 - Principal,2018-01-28 02:00 AM,2018,1,28,2,77.8,163,Unhealthy,75.0,UG/M3,1 Hr,Valid
Embassy Kathmandu,PM2.5 - Principal,2018-01-28 03:00 AM,2018,1,28,3,72.4,160,Unhealthy,67.0,UG/M3,1 Hr,Valid
Embassy Kathmandu,PM2.5 - Principal,2018-01-28 04:00 AM,2018,1,28,4,68.2,158,Unhealthy,64.0,UG/M3,1 Hr,Valid
Embassy Kathmandu,PM2.5 - Principal,2018-01-28 05:00 AM,2018,1,28,5,65.6,156,Unhealthy,63.0,UG/M3,1 Hr,Valid
Embassy Kathmandu,PM2.5 - Principal,2018-01-28 06:00 AM,2018,1,28,6,76.3,162,Unhealthy,87.0,UG/M3,1 Hr,Valid
Embassy Kathmandu,PM2.5 - Principal,2018-01-28 07:00 AM,2018,1,28,7,85.0,166,Unhealthy,94.0,UG/M3,1 Hr,Valid
Embassy Kathmandu,PM2.5 - Principal,2018-01-28 08:00 AM,2018,1,28,8,127.0,188,Unhealthy,169.0,UG/M3,1 Hr,Valid
Embassy Kathmandu,PM2.5 - Principal,2018-01-28 09:00 AM,2018,1,28,9,160.5,211,Very Unhealthy,194.0,UG/M3,1 Hr,Valid
Embassy Kathmandu,PM2.5 - Principal,2018-01-28 10:00 AM,2018,1,28,10,163.7,214,Very Unhealthy,167.0,UG/M3,1 Hr,Valid
Embassy Kathmandu,PM2.5 - Principal,2018-01-28 11:00 AM,2018,1,28,11,135.3,192,Unhealthy,107.0,UG/M3,1 Hr,Valid
Embassy Kathmandu,PM2.5 - Principal,2018-01-28 12:00 PM,2018,1,28,12,108.1,178,Unhealthy,81.0,UG/M3,1 Hr,Valid
Embassy Kathmandu,PM2.5 - Principal,2018-01-28 01:00 PM,2018,1,28,13,79.5,163,Unhealthy,51.0,UG/M3,1 Hr,Valid
Embassy Kathmandu,PM2.5 - Principal,2018-01-28 02:00 PM,2018,1,28,14,70.7,159,Unhealthy,62.0,UG/M3,1 Hr,Valid
Embassy Kathmandu,PM2.5 - Principal,2018-01-28 03:00 PM,2018,1,28,15,61.3,154,Unhealthy,52.0,UG/M3,1 Hr,Valid
Embassy Kathmandu,PM2.5 - Principal,2018-01-28 04:00 PM,2018,1,28,16,51.6,141,Unhealthy for Sensitive Groups,42.0,UG/M3,1 Hr,Valid
Embassy Kathmandu,PM2.5 - Principal,2018-01-28 05:00 PM,2018,1,28,17,53.3,145,Unhealthy for Sensitive Groups,55.0,UG/M3,1 Hr,Valid
Embassy Kathmandu,PM2.5 - Principal,2018-01-28 06:00 PM,2018,1,28,18,58.1,152,Unhealthy,63.0,UG/M3,1 Hr,Valid
Embassy Kathmandu,PM2.5 - Principal,2018-01-28 07:00 PM,2018,1,28,19,62.5,155,Unhealthy,67.0,UG/M3,1 Hr,Valid
Embassy Kathmandu,PM2.5 - Principal,2018-01-28 08:00 PM,2018,1,28,20,83.2,165,Unhealthy,104.0,UG/M3,1 Hr,Valid
Embassy Kathmandu,PM2.5 - Principal,2018-01-28 09:00 PM,2018,1,28,21,113.1,181,Unhealthy,143.0,UG/M3,1 Hr,Valid
Embassy Kathmandu,PM2.5 - Principal,2018-01-28 10:00 PM,2018,1,28,22,128.5,189,Unhealthy,144.0,UG/M3,1 Hr,Valid
Embassy Kathmandu,PM2.5 - Principal,2018-01-28 11:00 PM,2018,1,28,23,124.7,187,Unhealthy,121.0,UG/M3,1 Hr,Valid
Embassy Kathmandu,PM2.5 - Principal,2018-01-29 12:00 AM,2018,1,29,0,111.8,180,Unhealthy,99.0,UG/M3,1 Hr,Valid
Embassy Kathmandu,PM2.5 - Principal,2018-01-29 01:00 AM,2018,1,29,1,100.9,174,Unhealthy,90.0,UG/M3,1 Hr,Valid
Embassy Kathmandu,PM2.5 - Principal,2018-01-29 02:00 AM,2018,1,29,2,98.9,173,Unhealthy,97.0,UG/M3,1 Hr,Valid
Embassy Kathmandu,PM2.5 - Principal,2018-01-29 03:00 AM,2018,1,29,3,89.9,169,Unhealthy,81.0,UG/M3,1 Hr,Valid
Embassy Kathmandu,PM2.5 - Principal,2018-01-29 04:00 AM,2018,1,29,4,97.0,172,Unhealthy,104.0,UG/M3,1 Hr,Valid
Embassy Kathmandu,PM2.5 - Principal,2018-01-29 05:00 AM,2018,1,29,5,92.5,170,Unhealthy,88.0,UG/M3,1 Hr,Valid
Embassy Kathmandu,PM2.5 - Principal,2018-01-29 06:00 AM,2018,1,29,6,111.2,180,Unhealthy,130.0,UG/M3,1 Hr,Valid
Embassy Kathmandu,PM2.5 - Principal,2018-01-29 07:00 AM,2018,1,29,7,112.2,180,Unhealthy,116.0,UG/M3,1 Hr,Valid
Embassy Kathmandu,PM2.5 - Principal,2018-01-29 08:00 AM,2018,1,29,8,131.1,190,Unhealthy,152.0,UG/M3,1 Hr,Valid
Embassy Kathmandu,PM2.5 - Principal,2018-01-29 09:00 AM,2018,1,29,9,173.9,224,Very Unhealthy,215.0,UG/M3,1 Hr,Valid
Embassy Kathmandu,PM2.5 - Principal,2018-01-29 10:00 AM,2018,1,29,10,161.9,212,Very Unhealthy,150.0,UG/M3,1 Hr,Valid
Embassy Kathmandu,PM2.5 - Principal,2018-01-29 11:00 AM,2018,1,29,11,137.9,194,Unhealthy,114.0,UG/M3,1 Hr,Valid
Embassy Kathmandu,PM2.5 - Principal,2018-01-29 12:00 PM,2018,1,29,12,120.9,185,Unhealthy,104.0,UG/M3,1 Hr,Valid
Embassy Kathmandu,PM2.5 - Principal,2018-01-29 01:00 PM,2018,1,29,13,94.9,171,Unhealthy,69.0,UG/M3,1 Hr,Valid
Embassy Kathmandu,PM2.5 - Principal,2018-01-29 02:00 PM,2018,1,29,14,92.9,170,Unhealthy,91.0,UG/M3,1 Hr,Valid
Embassy Kathmandu,PM2.5 - Principal,2018-01-29 03:00 PM,2018,1,29,15,79.9,164,Unhealthy,67.0,UG/M3,1 Hr,Valid
Embassy Kathmandu,PM2.5 - Principal,2018-01-29 04:00 PM,2018,1,29,16,69.4,158,Unhealthy,59.0,UG/M3,1 Hr,Valid
Embassy Kathmandu,PM2.5 - Principal,2018-01-29 05:00 PM,2018,1,29,17,67.7,157,Unhealthy,66.0,UG/M3,1 Hr,Valid
Embassy Kathmandu,PM2.5 - Principal,2018-01-29 06:00 PM,2018,1,29,18,72.8,160,Unhealthy,78.0,UG/M3,1 Hr,Valid
Embassy Kathmandu,PM2.5 - Principal,2018-01-29 07:00 PM,2018,1,29,19,78.4,163,Unhealthy,84.0,UG/M3,1 Hr,Valid
Embassy Kathmandu,PM2.5 - Principal,2018-01-29 08:00 PM,2018,1,29,20,88.7,168,Unhealthy,99.0,UG/M3,1 Hr,Valid
Embassy Kathmandu,PM2.5 - Principal,2018-01-29 09:00 PM,2018,1,29,21,91.8,170,Unhealthy,95.0,UG/M3,1 Hr,Valid
Embassy Kathmandu,PM2.5 - Principal,2018-01-29 10:00 PM,2018,1,29,22,113.4,181,Unhealthy,135.0,UG/M3,1 Hr,Valid
Embassy Kathmandu,PM2.5 - Principal,2018-01-29 11:00 PM,2018,1,29,23,115.2,182,Unhealthy,117.0,UG/M3,1 Hr,Valid
Embassy Kathmandu,PM2.5 - Principal,2018-01-30 12:00 AM,2018,1,30,0,110.1,179,Unhealthy,105.0,UG/M3,1 Hr,Valid
Embassy Kathmandu,PM2.5 - Principal,2018-01-30 01:00 AM,2018,1,30,1,105.0,177,Unhealthy,100.0,UG/M3,1 Hr,Valid
Embassy Kathmandu,PM2.5 - Principal,2018-01-30 02:00 AM,2018,1,30,2,100.5,174,Unhealthy,96.0,UG/M3,1 Hr,Valid
Embassy Kathmandu,PM2.5 - Principal,2018-01-30 03:00 AM,2018,1,30,3,101.2,175,Unhealthy,102.0,UG/M3,1 Hr,Valid
Embassy Kathmandu,PM2.5 - Principal,2018-01-30 04:00 AM,2018,1,30,4,104.6,176,Unhealthy,108.0,UG/M3,1 Hr,Valid
Embassy Kathmandu,PM2.5 - Principal,2018-01-30 05:00 AM,2018,1,30,5,106.7,177,Unhealthy,110.0,UG/M3,1 Hr,Valid
Embassy Kathmandu,PM2.5 - Principal,2018-01-30 06:00 AM,2018,1,30,6,111.6,180,Unhealthy,120.0,UG/M3,1 Hr,Valid
Embassy Kathmandu,PM2.5 - Principal,2018-01-30 07:00 AM,2018,1,30,7,138.0,194,Unhealthy,170.0,UG/M3,1 Hr,Valid
Embassy Kathmandu,PM2.5 - Principal,2018-01-30 08:00 AM,2018,1,30,8,159.6,210,Very Unhealthy,181.0,UG/M3,1 Hr,Valid
Embassy Kathmandu,PM2.5 - Principal,2018-01-30 09:00 AM,2018,1,30,9,173.3,224,Very Unhealthy,187.0,UG/M3,1 Hr,Valid
Embassy Kathmandu,PM2.5 - Principal,2018-01-30 10:00 AM,2018,1,30,10,192.6,243,Very Unhealthy,211.0,UG/M3,1 Hr,Valid
Embassy Kathmandu,PM2.5 - Principal,2018-01-30 11:00 AM,2018,1,30,11,163.8,214,Very Unhealthy,135.0,UG/M3,1 Hr,Valid
Embassy Kathmandu,PM2.5 - Principal,2018-01-30 12:00 PM,2018,1,30,12,136.9,193,Unhealthy,110.0,UG/M3,1 Hr,Valid
Embassy Kathmandu,PM2.5 - Principal,2018-01-30 01:00 PM,2018,1,30,13,115.9,182,Unhealthy,95.0,UG/M3,1 Hr,Valid
Embassy Kathmandu,PM2.5 - Principal,2018-01-30 02:00 PM,2018,1,30,14,88.9,168,Unhealthy,62.0,UG/M3,1 Hr,Valid
Embassy Kathmandu,PM2.5 - Principal,2018-01-30 03:00 PM,2018,1,30,15,70.9,159,Unhealthy,53.0,UG/M3,1 Hr,Valid
Embassy Kathmandu,PM2.5 - Principal,2018-01-30 04:00 PM,2018,1,30,16,65.4,156,Unhealthy,60.0,UG/M3,1 Hr,Valid
Embassy Kathmandu,PM2.5 - Principal,2018-01-30 05:00 PM,2018,1,30,17,64.7,156,Unhealthy,64.0,UG/M3,1 Hr,Valid
Embassy Kathmandu,PM2.5 - Principal,2018-01-30 06:00 PM,2018,1,30,18,67.3,157,Unhealthy,70.0,UG/M3,1 Hr,Valid
Embassy Kathmandu,PM2.5 - Principal,2018-01-30 07:00 PM,2018,1,30,19,75.1,161,Unhealthy,83.0,UG/M3,1 Hr,Valid
Embassy Kathmandu,PM2.5 - Principal,2018-01-30 08:00 PM,2018,1,30,20,79.0,163,Unhealthy,83.0,UG/M3,1 Hr,Valid
Embassy Kathmandu,PM2.5 - Principal,2018-01-30 09:00 PM,2018,1,30,21,104.0,176,Unhealthy,129.0,UG/M3,1 Hr,Valid
Embassy Kathmandu,PM2.5 - Principal,2018-01-30 10:00 PM,2018,1,30,22,110.5,179,Unhealthy,117.0,UG/M3,1 Hr,Valid
Embassy Kathmandu,PM2.5 - Principal,2018-01-30 11:00 PM,2018,1,30,23,99.2,174,Unhealthy,88.0,UG/M3,1 Hr,Valid
Embassy Kathmandu,PM2.5 - Principal,2018-01-31 12:00 AM,2018,1,31,0,96.6,172,Unhealthy,94.0,UG/M3,1 Hr,Valid
Embassy Kathmandu,PM2.5 - Principal,2018-01-31 01:00 AM,2018,1,31,1,91.8,170,Unhealthy,87.0,UG/M3,1 Hr,Valid
Embassy Kathmandu,PM2.5 - Principal,2018-01-31 02:00 AM,2018,1,31,2,89.4,169,Unhealthy,87.0,UG/M3,1 Hr,Valid
Embassy Kathmandu,PM2.5 - Principal,2018-01-31 03:00 AM,2018,1,31,3,93.7,171,Unhealthy,98.0,UG/M3,1 Hr,Valid
Embassy Kathmandu,PM2.5 - Principal,2018-01-31 04:00 AM,2018,1,31,4,93.3,171,Unhealthy,93.0,UG/M3,1 Hr,Valid
Embassy Kathmandu,PM2.5 - Principal,2018-01-31 05:00 AM,2018,1,31,5,89.5,169,Unhealthy,85.0,UG/M3,1 Hr,Valid
Embassy Kathmandu,PM2.5 - Principal,2018-01-31 06:00 AM,2018,1,31,6,97.1,172,Unhealthy,109.0,UG/M3,1 Hr,Valid
Embassy Kathmandu,PM2.5 - Principal,2018-01-31 07:00 AM,2018,1,31,7,98.9,173,Unhealthy,102.0,UG/M3,1 Hr,Valid
Embassy Kathmandu,PM2.5 - Principal,2018-01-31 08:00 AM,2018,1,31,8,107.4,178,Unhealthy,124.0,UG/M3,1 Hr,Valid
Embassy Kathmandu,PM2.5 - Principal,2018-01-31 09:00 AM,2018,1,31,9,140.4,195,Unhealthy,169.0,UG/M3,1 Hr,Valid
Embassy Kathmandu,PM2.5 - Principal,2018-01-31 10:00 AM,2018,1,31,10,143.2,196,Unhealthy,146.0,UG/M3,1 Hr,Valid
Embassy Kathmandu,PM2.5 - Principal,2018-01-31 11:00 AM,2018,1,31,11,143.6,196,Unhealthy,144.0,UG/M3,1 Hr,Valid
Embassy Kathmandu,PM2.5 - Principal,2018-01-31 12:00 PM,2018,1,31,12,123.9,186,Unhealthy,104.0,UG/M3,1 Hr,Valid
Embassy Kathmandu,PM2.5 - Principal,2018-01-31 01:00 PM,2018,1,31,13,116.5,182,Unhealthy,109.0,UG/M3,1 Hr,Valid
Embassy Kathmandu,PM2.5 - Principal,2018-01-31 02:00 PM,2018,1,31,14,108.3,178,Unhealthy,100.0,UG/M3,1 Hr,Valid
Embassy Kathmandu,PM2.5 - Principal,2018-01-31 03:00 PM,2018,1,31,15,103.1,176,Unhealthy,98.0,UG/M3,1 Hr,Valid
Embassy Kathmandu,PM2.5 - Principal,2018-01-31 04:00 PM,2018,1,31,16,98.6,173,Unhealthy,94.0,UG/M3,1 Hr,Valid
Embassy Kathmandu,PM2.5 - Principal,2018-01-31 05:00 PM,2018,1,31,17,96.1,172,Unhealthy,92.0,UG/M3,1 Hr,Valid
Embassy Kathmandu,PM2.5 - Principal,2018-01-31 06:00 PM,2018,1,31,18,97.9,173,Unhealthy,100.0,UG/M3,1 Hr,Valid
Embassy Kathmandu,PM2.5 - Principal,2018-01-31 07:00 PM,2018,1,31,19,104.3,176,Unhealthy,112.0,UG/M3,1 Hr,Valid
Embassy Kathmandu,PM2.5 - Principal,2018-01-31 08:00 PM,2018,1,31,20,111.0,180,Unhealthy,119.0,UG/M3,1 Hr,Valid
Embassy Kathmandu,PM2.5 - Principal,2018-01-31 09:00 PM,2018,1,31,21,119.9,184,Unhealthy,138.0,UG/M3,1 Hr,Valid
Embassy Kathmandu,PM2.5 - Principal,2018-01-31 10:00 PM,2018,1,31,22,146.1,198,Unhealthy,172.0,UG/M3,1 Hr,Valid
Embassy Kathmandu,PM2.5 - Principal,2018-01-31 11:00 PM,2018,1,31,23,151.6,202,Very Unhealthy,158.0,UG/M3,1 Hr,Valid
Embassy Kathmandu,PM2.5 - Principal,2018-02-01 12:00 AM,2018,2,1,0,162.9,213,Very Unhealthy,175.0,UG/M3,1 Hr,Valid
Embassy Kathmandu,PM2.5 - Principal,2018-02-01 01:00 AM,2018,2,1,1,162.5,213,Very Unhealthy,162.0,UG/M3,1 Hr,Valid
Embassy Kathmandu,PM2.5 - Principal,2018-02-01 02:00 AM,2018,2,1,2,162.7,213,Very Unhealthy,163.0,UG/M3,1 Hr,Valid
Embassy Kathmandu,PM2.5 - Principal,2018-02-01 03:00 AM,2018,2,1,3,158.1,209,Very Unhealthy,153.0,UG/M3,1 Hr,Valid
Embassy Kathmandu,PM2.5 - Principal,2018-02-01 04:00 AM,2018,2,1,4,144.8,197,Unhealthy,130.0,UG/M3,1 Hr,Valid
Embassy Kathmandu,PM2.5 - Principal,2018-02-01 05:00 AM,2018,2,1,5,135.8,192,Unhealthy,122.0,UG/M3,1 Hr,Valid
Embassy Kathmandu,PM2.5 - Principal,2018-02-01 06:00 AM,2018,2,1,6,130.8,190,Unhealthy,117.0,UG/M3,1 Hr,Valid
Embassy Kathmandu,PM2.5 - Principal,2018-02-01 07:00 AM,2018,2,1,7,133.5,191,Unhealthy,136.0,UG/M3,1 Hr,Valid
Embassy Kathmandu,PM2.5 - Principal,2018-02-01 08:00 AM,2018,2,1,8,129.7,189,Unhealthy,122.0,UG/M3,1 Hr,Valid
Embassy Kathmandu,PM2.5 - Principal,2018-02-01 09:00 AM,2018,2,1,9,131.1,190,Unhealthy,134.0,UG/M3,1 Hr,Valid
Embassy Kathmandu,PM2.5 - Principal,2018-02-01 10:00 AM,2018,2,1,10,148.0,199,Unhealthy,180.0,UG/M3,1 Hr,Valid
Embassy Kathmandu,PM2.5 - Principal,2018-02-01 11:00 AM,2018,2,1,11,151.1,202,Very Unhealthy,157.0,UG/M3,1 Hr,Valid
Embassy Kathmandu,PM2.5 - Principal,2018-02-01 12:00 PM,2018,2,1,12,126.7,188,Unhealthy,95.0,UG/M3,1 Hr,Valid
Embassy Kathmandu,PM2.5 - Principal,2018-02-01 01:00 PM,2018,2,1,13,101.7,175,Unhealthy,78.0,UG/M3,1 Hr,Valid
Embassy Kathmandu,PM2.5 - Principal,2018-02-01 02:00 PM,2018,2,1,14,89.8,169,Unhealthy,78.0,UG/M3,1 Hr,Valid
Embassy Kathmandu,PM2.5 - Principal,2018-02-01 03:00 PM,2018,2,1,15,78.9,163,Unhealthy,68.0,UG/M3,1 Hr,Valid
Embassy Kathmandu,PM2.5 - Principal,2018-02-01 04:00 PM,2018,2,1,16,74.9,161,Unhealthy,71.0,UG/M3,1 Hr,Valid
Embassy Kathmandu,PM2.5 - Principal,2018-02-01 05:00 PM,2018,2,1,17,74.4,161,Unhealthy,74.0,UG/M3,1 Hr,Valid
Embassy Kathmandu,PM2.5 - Principal,2018-02-01 06:00 PM,2018,2,1,18,78.7,163,Unhealthy,83.0,UG/M3,1 Hr,Valid
Embassy Kathmandu,PM2.5 - Principal,2018-02-01 07:00 PM,2018,2,1,19,82.8,165,Unhealthy,87.0,UG/M3,1 Hr,Valid
Embassy Kathmandu,PM2.5 - Principal,2018-02-01 08:00 PM,2018,2,1,20,98.9,173,Unhealthy,115.0,UG/M3,1 Hr,Valid
Embassy Kathmandu,PM2.5 - Principal,2018-02-01 09:00 PM,2018,2,1,21,105.9,177,Unhealthy,113.0,UG/M3,1 Hr,Valid
Embassy Kathmandu,PM2.5 - Principal,2018-02-01 10:00 PM,2018,2,1,22,117.4,183,Unhealthy,129.0,UG/M3,1 Hr,Valid
Embassy Kathmandu,PM2.5 - Principal,2018-02-01 11:00 PM,2018,2,1,23,118.0,183,Unhealthy,120.0,UG/M3,1 Hr,Valid
Embassy Kathmandu,PM2.5 - Principal,2018-02-02 12:00 AM,2018,2,2,0,116.1,182,Unhealthy,114.0,UG/M3,1 Hr,Valid
Embassy Kathmandu,PM2.5 - Principal,2018-02-02 01:00 AM,2018,2,2,1,115.6,182,Unhealthy,115.0,UG/M3,1 Hr,Valid
Embassy Kathmandu,PM2.5 - Principal,2018-02-02 02:00 AM,2018,2,2,2,106.8,177,Unhealthy,97.0,UG/M3,1 Hr,Valid
Embassy Kathmandu,PM2.5 - Principal,2018-02-02 03:00 AM,2018,2,2,3,94.0,171,Unhealthy,78.0,UG/M3,1 Hr,Valid
Embassy Kathmandu,PM2.5 - Principal,2018-02-02 04:00 AM,2018,2,2,4,92.4,170,Unhealthy,89.0,UG/M3,1 Hr,Valid
Embassy Kathmandu,PM2.5 - Principal,2018-02-02 05:00 AM,2018,2,2,5,95.5,172,Unhealthy,99.0,UG/M3,1 Hr,Valid
Embassy Kathmandu,PM2.5 - Principal,2018-02-02 06:00 AM,2018,2,2,6,104.0,176,Unhealthy,117.0,UG/M3,1 Hr,Valid
Embassy Kathmandu,PM2.5 - Principal,2018-02-02 07:00 AM,2018,2,2,7,109.6,179,Unhealthy,118.0,UG/M3,1 Hr,Valid
Embassy Kathmandu,PM2.5 - Principal,2018-02-02 08:00 AM,2018,2,2,8,139.4,194,Unhealthy,167.0,UG/M3,1 Hr,Valid
Embassy Kathmandu,PM2.5 - Principal,2018-02-02 09:00 AM,2018,2,2,9,179.2,229,Very Unhealthy,219.0,UG/M3,1 Hr,Valid
Embassy Kathmandu,PM2.5 - Principal,2018-02-02 10:00 AM,2018,2,2,10,204.1,254,Very Unhealthy,229.0,UG/M3,1 Hr,Valid
Embassy Kathmandu,PM2.5 - Principal,2018-02-02 11:00 AM,2018,2,2,11,184.0,234,Very Unhealthy,164.0,UG/M3,1 Hr,Valid
Embassy Kathmandu,PM2.5 - Principal,2018-02-02 12:00 PM,2018,2,2,12,150.0,200,Unhealthy,116.0,UG/M3,1 Hr,Valid
Embassy Kathmandu,PM2.5 - Principal,2018-02-02 01:00 PM,2018,2,2,13,127.5,188,Unhealthy,105.0,UG/M3,1 Hr,Valid
Embassy Kathmandu,PM2.5 - Principal,2018-02-02 02:00 PM,2018,2,2,14,117.2,183,Unhealthy,107.0,UG/M3,1 Hr,Valid
Embassy Kathmandu,PM2.5 - Principal,2018-02-02 03:00 PM,2018,2,2,15,104.6,176,Unhealthy,92.0,UG/M3,1 Hr,Valid
Embassy Kathmandu,PM2.5 - Principal,2018-02-02 04:00 PM,2018,2,2,16,88.8,168,Unhealthy,73.0,UG/M3,1 Hr,Valid
Embassy Kathmandu,PM2.5 - Principal,2018-02-02 05:00 PM,2018,2,2,17,81.9,165,Unhealthy,75.0,UG/M3,1 Hr,Valid
Embassy Kathmandu,PM2.5 - Principal,2018-02-02 06:00 PM,2018,2,2,18,83.9,166,Unhealthy,86.0,UG/M3,1 Hr,Valid
Embassy Kathmandu,PM2.5 - Principal,2018-02-02 07:00 PM,2018,2,2,19,89.4,169,Unhealthy,95.0,UG/M3,1 Hr,Valid
Embassy Kathmandu,PM2.5 - Principal,2018-02-02 08:00 PM,2018,2,2,20,93.7,171,Unhealthy,98.0,UG/M3,1 Hr,Valid
Embassy Kathmandu,PM2.5 - Principal,2018-02-02 09:00 PM,2018,2,2,21,97.3,173,Unhealthy,101.0,UG/M3,1 Hr,Valid
Embassy Kathmandu,PM2.5 - Principal,2018-02-02 10:00 PM,2018,2,2,22,106.6,177,Unhealthy,116.0,UG/M3,1 Hr,Valid
Embassy Kathmandu,PM2.5 - Principal,2018-02-02 11:00 PM,2018,2,2,23,107.9,178,Unhealthy,116.0,UG/M3,1 Hr,Valid
Embassy Kathmandu,PM2.5 - Principal,2018-02-03 12:00 AM,2018,2,3,0,107.1,178,Unhealthy,106.0,UG/M3,1 Hr,Valid
Embassy Kathmandu,PM2.5 - Principal,2018-02-03 01:00 AM,2018,2,3,1,102.6,175,Unhealthy,95.0,UG/M3,1 Hr,Valid
Embassy Kathmandu,PM2.5 - Principal,2018-02-03 02:00 AM,2018,2,3,2,98.3,173,Unhealthy,91.0,UG/M3,1 Hr,Valid
Embassy Kathmandu,PM2.5 - Principal,2018-02-03 03:00 AM,2018,2,3,3,96.3,172,Unhealthy,93.0,UG/M3,1 Hr,Valid
Embassy Kathmandu,PM2.5 - Principal,2018-02-03 04:00 AM,2018,2,3,4,95.6,172,Unhealthy,94.0,UG/M3,1 Hr,Valid
Embassy Kathmandu,PM2.5 - Principal,2018-02-03 05:00 AM,2018,2,3,5,104.5,176,Unhealthy,123.0,UG/M3,1 Hr,Valid
Embassy Kathmandu,PM2.5 - Principal,2018-02-03 06:00 AM,2018,2,3,6,114.8,182,Unhealthy,135.0,UG/M3,1 Hr,Valid
Embassy Kathmandu,PM2.5 - Principal,2018-02-03 07:00 AM,2018,2,3,7,124.9,187,Unhealthy,141.0,UG/M3,1 Hr,Valid
Embassy Kathmandu,PM2.5 - Principal,2018-02-03 08:00 AM,2018,2,3,8,138.4,194,Unhealthy,154.0,UG/M3,1 Hr,Valid
Embassy Kathmandu,PM2.5 - Principal,2018-02-03 09:00 AM,2018,2,3,9,178.8,229,Very Unhealthy,215.0,UG/M3,1 Hr,Valid
Embassy Kathmandu,PM2.5 - Principal,2018-02-03 10:00 AM,2018,2,3,10,198.4,248,Very Unhealthy,218.0,UG/M3,1 Hr,Valid
Embassy Kathmandu,PM2.5 - Principal,2018-02-03 11:00 AM,2018,2,3,11,183.7,234,Very Unhealthy,169.0,UG/M3,1 Hr,Valid
Embassy Kathmandu,PM2.5 - Principal,2018-02-03 12:00 PM,2018,2,3,12,154.8,205,Very Unhealthy,126.0,UG/M3,1 Hr,Valid
Embassy Kathmandu,PM2.5 - Principal,2018-02-03 01:00 PM,2018,2,3,13,122.4,186,Unhealthy,90.0,UG/M3,1 Hr,Valid
Embassy Kathmandu,PM2.5 - Principal,2018-02-03 02:00 PM,2018,2,3,14,90.7,169,Unhealthy,59.0,UG/M3,1 Hr,Valid
Embassy Kathmandu,PM2.5 - Principal,2018-02-03 03:00 PM,2018,2,3,15,71.3,159,Unhealthy,52.0,UG/M3,1 Hr,Valid
Embassy Kathmandu,PM2.5 - Principal,2018-02-03 04:00 PM,2018,2,3,16,57.6,152,Unhealthy,44.0,UG/M3,1 Hr,Valid
Embassy Kathmandu,PM2.5 - Principal,2018-02-03 05:00 PM,2018,2,3,17,57.3,152,Unhealthy,57.0,UG/M3,1 Hr,Valid
Embassy Kathmandu,PM2.5 - Principal,2018-02-03 06:00 PM,2018,2,3,18,70.1,159,Unhealthy,83.0,UG/M3,1 Hr,Valid
Embassy Kathmandu,PM2.5 - Principal,2018-02-03 07:00 PM,2018,2,3,19,85.0,166,Unhealthy,100.0,UG/M3,1 Hr,Valid
Embassy Kathmandu,PM2.5 - Principal,2018-02-03 08:00 PM,2018,2,3,20,91.5,170,Unhealthy,98.0,UG/M3,1 Hr,Valid
Embassy Kathmandu,PM2.5 - Principal,2018-02-03 09:00 PM,2018,2,3,21,92.7,170,Unhealthy,94.0,UG/M3,1 Hr,Valid
Embassy Kathmandu,PM2.5 - Principal,2018-02-03 10:00 PM,2018,2,3,22,99.8,174,Unhealthy,107.0,UG/M3,1 Hr,Valid
Embassy Kathmandu,PM2.5 - Principal,2018-02-03 11:00 PM,2018,2,3,23,100.4,174,Unhealthy,101.0,UG/M3,1 Hr,Valid
Embassy Kathmandu,PM2.5 - Principal,2018-02-04 12:00 AM,2018,2,4,0,99.2,174,Unhealthy,98.0,UG/M3,1 Hr,Valid
Embassy Kathmandu,PM2.5 - Principal,2018-02-04 01:00 AM,2018,2,4,1,97.6,173,Unhealthy,96.0,UG/M3,1 Hr,Valid
Embassy Kathmandu,PM2.5 - Principal,2018-02-04 02:00 AM,2018,2,4,2,92.3,170,Unhealthy,87.0,UG/M3,1 Hr,Valid
Embassy Kathmandu,PM2.5 - Principal,2018-02-04 03:00 AM,2018,2,4,3,85.6,167,Unhealthy,79.0,UG/M3,1 Hr,Valid
Embassy Kathmandu,PM2.5 - Principal,2018-02-04 04:00 AM,2018,2,4,4,83.8,166,Unhealthy,81.0,UG/M3,1 Hr,Valid
Embassy Kathmandu,PM2.5 - Principal,2018-02-04 05:00 AM,2018,2,4,5,89.6,169,Unhealthy,94.0,UG/M3,1 Hr,Valid
Embassy Kathmandu,PM2.5 - Principal,2018-02-04 06:00 AM,2018,2,4,6,88.6,168,Unhealthy,86.0,UG/M3,1 Hr,Valid
Embassy Kathmandu,PM2.5 - Principal,2018-02-04 07:00 AM,2018,2,4,7,98.9,173,Unhealthy,120.0,UG/M3,1 Hr,Valid
Embassy Kathmandu,PM2.5 - Principal,2018-02-04 08:00 AM,2018,2,4,8,124.4,187,Unhealthy,149.0,UG/M3,1 Hr,Valid
Embassy Kathmandu,PM2.5 - Principal,2018-02-04 09:00 AM,2018,2,4,9,158.6,209,Very Unhealthy,191.0,UG/M3,1 Hr,Valid
Embassy Kathmandu,PM2.5 - Principal,2018-02-04 10:00 AM,2018,2,4,10,179.3,230,Very Unhealthy,200.0,UG/M3,1 Hr,Valid
Embassy Kathmandu,PM2.5 - Principal,2018-02-04 11:00 AM,2018,2,4,11,203.6,254,Very Unhealthy,228.0,UG/M3,1 Hr,Valid
Embassy Kathmandu,PM2.5 - Principal,2018-02-04 12:00 PM,2018,2,4,12,162.3,213,Very Unhealthy,121.0,UG/M3,1 Hr,Valid
Embassy Kathmandu,PM2.5 - Principal,2018-02-04 01:00 PM,2018,2,4,13,91.1,169,Unhealthy,20.0,UG/M3,1 Hr,Valid
Embassy Kathmandu,PM2.5 - Principal,2018-02-04 02:00 PM,2018,2,4,14,54.0,147,Unhealthy for Sensitive Groups,17.0,UG/M3,1 Hr,Valid
Embassy Kathmandu,PM2.5 - Principal,2018-02-04 03:00 PM,2018,2,4,15,35.0,99,Moderate,16.0,UG/M3,1 Hr,Valid
Embassy Kathmandu,PM2.5 - Principal,2018-02-04 04:00 PM,2018,2,4,16,30.0,89,Moderate,25.0,UG/M3,1 Hr,Valid
Embassy Kathmandu,PM2.5 - Principal,2018-02-04 05:00 PM,2018,2,4,17,33.4,96,Moderate,37.0,UG/M3,1 Hr,Valid
Embassy Kathmandu,PM2.5 - Principal,2018-02-04 06:00 PM,2018,2,4,18,37.7,106,Unhealthy for Sensitive Groups,42.0,UG/M3,1 Hr,Valid
Embassy Kathmandu,PM2.5 - Principal,2018-02-04 07:00 PM,2018,2,4,19,50.8,139,Unhealthy for Sensitive Groups,64.0,UG/M3,1 Hr,Valid
Embassy Kathmandu,PM2.5 - Principal,2018-02-04 08:00 PM,2018,2,4,20,55.4,150,Unhealthy for Sensitive Groups,60.0,UG/M3,1 Hr,Valid
Embassy Kathmandu,PM2.5 - Principal,2018-02-04 09:00 PM,2018,2,4,21,69.6,158,Unhealthy,84.0,UG/M3,1 Hr,Valid
Embassy Kathmandu,PM2.5 - Principal,2018-02-04 10:00 PM,2018,2,4,22,80.8,164,Unhealthy,92.0,UG/M3,1 Hr,Valid
Embassy Kathmandu,PM2.5 - Principal,2018-02-04 11:00 PM,2018,2,4,23,100.4,174,Unhealthy,120.0,UG/M3,1 Hr,Valid
Embassy Kathmandu,PM2.5 - Principal,2018-02-05 12:00 AM,2018,2,5,0,94.1,171,Unhealthy,88.0,UG/M3,1 Hr,Valid
Embassy Kathmandu,PM2.5 - Principal,2018-02-05 01:00 AM,2018,2,5,1,81.1,164,Unhealthy,68.0,UG/M3,1 Hr,Valid
Embassy Kathmandu,PM2.5 - Principal,2018-02-05 02:00 AM,2018,2,5,2,77.0,162,Unhealthy,73.0,UG/M3,1 Hr,Valid
Embassy Kathmandu,PM2.5 - Principal,2018-02-05 03:00 AM,2018,2,5,3,77.0,162,Unhealthy,77.0,UG/M3,1 Hr,Valid
Embassy Kathmandu,PM2.5 - Principal,2018-02-05 04:00 AM,2018,2,5,4,73.0,160,Unhealthy,69.0,UG/M3,1 Hr,Valid
Embassy Kathmandu,PM2.5 - Principal,2018-02-05 05:00 AM,2018,2,5,5,71.5,159,Unhealthy,70.0,UG/M3,1 Hr,Valid
Embassy Kathmandu,PM2.5 - Principal,2018-02-05 06:00 AM,2018,2,5,6,73.2,160,Unhealthy,75.0,UG/M3,1 Hr,Valid
Embassy Kathmandu,PM2.5 - Principal,2018-02-05 07:00 AM,2018,2,5,7,77.1,162,Unhealthy,81.0,UG/M3,1 Hr,Valid
Embassy Kathmandu,PM2.5 - Principal,2018-02-05 08:00 AM,2018,2,5,8,102.2,175,Unhealthy,130.0,UG/M3,1 Hr,Valid
Embassy Kathmandu,PM2.5 - Principal,2018-02-05 09:00 AM,2018,2,5,9,151.3,202,Very Unhealthy,199.0,UG/M3,1 Hr,Valid
Embassy Kathmandu,PM2.5 - Principal,2018-02-05 10:00 AM,2018,2,5,10,182.1,232,Very Unhealthy,213.0,UG/M3,1 Hr,Valid
Embassy Kathmandu,PM2.5 - Principal,2018-02-05 11:00 AM,2018,2,5,11,173.0,223,Very Unhealthy,164.0,UG/M3,1 Hr,Valid
Embassy Kathmandu,PM2.5 - Principal,2018-02-05 12:00 PM,2018,2,5,12,141.5,195,Unhealthy,110.0,UG/M3,1 Hr,Valid
Embassy Kathmandu,PM2.5 - Principal,2018-02-05 01:00 PM,2018,2,5,13,95.7,172,Unhealthy,50.0,UG/M3,1 Hr,Valid
Embassy Kathmandu,PM2.5 - Principal,2018-02-05 02:00 PM,2018,2,5,14,61.8,154,Unhealthy,28.0,UG/M3,1 Hr,Valid
Embassy Kathmandu,PM2.5 - Principal,2018-02-05 03:00 PM,2018,2,5,15,42.4,118,Unhealthy for Sensitive Groups,23.0,UG/M3,1 Hr,Valid
Embassy Kathmandu,PM2.5 - Principal,2018-02-05 04:00 PM,2018,2,5,16,36.2,103,Unhealthy for Sensitive Groups,30.0,UG/M3,1 Hr,Valid
Embassy Kathmandu,PM2.5 - Principal,2018-02-05 05:00 PM,2018,2,5,17,39.1,110,Unhealthy for Sensitive Groups,42.0,UG/M3,1 Hr,Valid
Embassy Kathmandu,PM2.5 - Principal,2018-02-05 06:00 PM,2018,2,5,18,47.5,131,Unhealthy for Sensitive Groups,56.0,UG/M3,1 Hr,Valid
Embassy Kathmandu,PM2.5 - Principal,2018-02-05 07:00 PM,2018,2,5,19,62.7,155,Unhealthy,78.0,UG/M3,1 Hr,Valid
Embassy Kathmandu,PM2.5 - Principal,2018-02-05 08:00 PM,2018,2,5,20,80.3,164,Unhealthy,98.0,UG/M3,1 Hr,Valid
Embassy Kathmandu,PM2.5 - Principal,2018-02-05 09:00 PM,2018,2,5,21,91.6,170,Unhealthy,103.0,UG/M3,1 Hr,Valid
Embassy Kathmandu,PM2.5 - Principal,2018-02-05 10:00 PM,2018,2,5,22,108.8,179,Unhealthy,126.0,UG/M3,1 Hr,Valid
Embassy Kathmandu,PM2.5 - Principal,2018-02-05 11:00 PM,2018,2,5,23,104.4,176,Unhealthy,100.0,UG/M3,1 Hr,Valid
Embassy Kathmandu,PM2.5 - Principal,2018-02-06 12:00 AM,2018,2,6,0,101.7,175,Unhealthy,99.0,UG/M3,1 Hr,Valid
Embassy Kathmandu,PM2.5 - Principal,2018-02-06 01:00 AM,2018,2,6,1,88.3,168,Unhealthy,75.0,UG/M3,1 Hr,Valid
Embassy Kathmandu,PM2.5 - Principal,2018-02-06 02:00 AM,2018,2,6,2,85.1,166,Unhealthy,82.0,UG/M3,1 Hr,Valid
Embassy Kathmandu,PM2.5 - Principal,2018-02-06 03:00 AM,2018,2,6,3,82.0,165,Unhealthy,79.0,UG/M3,1 Hr,Valid
Embassy Kathmandu,PM2.5 - Principal,2018-02-06 04:00 AM,2018,2,6,4,68.5,158,Unhealthy,55.0,UG/M3,1 Hr,Valid
Embassy Kathmandu,PM2.5 - Principal,2018-02-06 05:00 AM,2018,2,6,5,64.2,155,Unhealthy,60.0,UG/M3,1 Hr,Valid
Embassy Kathmandu,PM2.5 - Principal,2018-02-06 06:00 AM,2018,2,6,6,66.1,156,Unhealthy,68.0,UG/M3,1 Hr,Valid
Embassy Kathmandu,PM2.5 - Principal,2018-02-06 07:00 AM,2018,2,6,7,79.0,163,Unhealthy,92.0,UG/M3,1 Hr,Valid
Embassy Kathmandu,PM2.5 - Principal,2018-02-06 08:00 AM,2018,2,6,8,118.5,184,Unhealthy,158.0,UG/M3,1 Hr,Valid
Embassy Kathmandu,PM2.5 - Principal,2018-02-06 09:00 AM,2018,2,6,9,151.2,202,Very Unhealthy,184.0,UG/M3,1 Hr,Valid
Embassy Kathmandu,PM2.5 - Principal,2018-02-06 10:00 AM,2018,2,6,10,164.6,215,Very Unhealthy,178.0,UG/M3,1 Hr,Valid
Embassy Kathmandu,PM2.5 - Principal,2018-02-06 11:00 AM,2018,2,6,11,160.8,211,Very Unhealthy,157.0,UG/M3,1 Hr,Valid
Embassy Kathmandu,PM2.5 - Principal,2018-02-06 12:00 PM,2018,2,6,12,154.9,205,Very Unhealthy,149.0,UG/M3,1 Hr,Valid
Embassy Kathmandu,PM2.5 - Principal,2018-02-06 01:00 PM,2018,2,6,13,150.4,200,Unhealthy,146.0,UG/M3,1 Hr,Valid
Embassy Kathmandu,PM2.5 - Principal,2018-02-06 02:00 PM,2018,2,6,14,88.7,168,Unhealthy,27.0,UG/M3,1 Hr,Valid
Embassy Kathmandu,PM2.5 - Principal,2018-02-06 03:00 PM,2018,2,6,15,54.3,147,Unhealthy for Sensitive Groups,20.0,UG/M3,1 Hr,Valid
Embassy Kathmandu,PM2.5 - Principal,2018-02-06 04:00 PM,2018,2,6,16,36.1,102,Unhealthy for Sensitive Groups,18.0,UG/M3,1 Hr,Valid
Embassy Kathmandu,PM2.5 - Principal,2018-02-06 05:00 PM,2018,2,6,17,32.5,94,Moderate,29.0,UG/M3,1 Hr,Valid
Embassy Kathmandu,PM2.5 - Principal,2018-02-06 06:00 PM,2018,2,6,18,45.2,125,Unhealthy for Sensitive Groups,58.0,UG/M3,1 Hr,Valid
Embassy Kathmandu,PM2.5 - Principal,2018-02-06 07:00 PM,2018,2,6,19,132.1,191,Unhealthy,219.0,UG/M3,1 Hr,Valid
Embassy Kathmandu,PM2.5 - Principal,2018-02-06 08:00 PM,2018,2,6,20,109.5,179,Unhealthy,87.0,UG/M3,1 Hr,Valid
Embassy Kathmandu,PM2.5 - Principal,2018-02-06 09:00 PM,2018,2,6,21,99.7,174,Unhealthy,90.0,UG/M3,1 Hr,Valid
Embassy Kathmandu,PM2.5 - Principal,2018-02-06 10:00 PM,2018,2,6,22,114.3,181,Unhealthy,129.0,UG/M3,1 Hr,Valid
Embassy Kathmandu,PM2.5 - Principal,2018-02-06 11:00 PM,2018,2,6,23,116.1,182,Unhealthy,118.0,UG/M3,1 Hr,Valid
Embassy Kathmandu,PM2.5 - Principal,2018-02-07 12:00 AM,2018,2,7,0,121.0,185,Unhealthy,126.0,UG/M3,1 Hr,Valid
Embassy Kathmandu,PM2.5 - Principal,2018-02-07 01:00 AM,2018,2,7,1,116.0,182,Unhealthy,111.0,UG/M3,1 Hr,Valid
Embassy Kathmandu,PM2.5 - Principal,2018-02-07 02:00 AM,2018,2,7,2,100.5,174,Unhealthy,85.0,UG/M3,1 Hr,Valid
Embassy Kathmandu,PM2.5 - Principal,2018-02-07 03:00 AM,2018,2,7,3,82.7,165,Unhealthy,65.0,UG/M3,1 Hr,Valid
Embassy Kathmandu,PM2.5 - Principal,2018-02-07 04:00 AM,2018,2,7,4,70.3,159,Unhealthy,58.0,UG/M3,1 Hr,Valid
Embassy Kathmandu,PM2.5 - Principal,2018-02-07 05:00 AM,2018,2,7,5,63.6,155,Unhealthy,57.0,UG/M3,1 Hr,Valid
Embassy Kathmandu,PM2.5 - Principal,2018-02-07 06:00 AM,2018,2,7,6,72.8,160,Unhealthy,82.0,UG/M3,1 Hr,Valid
Embassy Kathmandu,PM2.5 - Principal,2018-02-07 07:00 AM,2018,2,7,7,91.9,170,Unhealthy,111.0,UG/M3,1 Hr,Valid
Embassy Kathmandu,PM2.5 - Principal,2018-02-07 08:00 AM,2018,2,7,8,113.4,181,Unhealthy,135.0,UG/M3,1 Hr,Valid
Embassy Kathmandu,PM2.5 - Principal,2018-02-07 09:00 AM,2018,2,7,9,120.7,185,Unhealthy,128.0,UG/M3,1 Hr,Valid
Embassy Kathmandu,PM2.5 - Principal,2018-02-07 10:00 AM,2018,2,7,10,148.8,199,Unhealthy,177.0,UG/M3,1 Hr,Valid
Embassy Kathmandu,PM2.5 - Principal,2018-02-07 11:00 AM,2018,2,7,11,148.8,199,Unhealthy,985.0,UG/M3,1 Hr,Invalid
Embassy Kathmandu,PM2.5 - Principal,2018-02-07 12:00 PM,2018,2,7,12,132.2,191,Unhealthy,124.0,UG/M3,1 Hr,Valid
Embassy Kathmandu,PM2.5 - Principal,2018-02-07 01:00 PM,2018,2,7,13,92.1,170,Unhealthy,62.0,UG/M3,1 Hr,Valid
Embassy Kathmandu,PM2.5 - Principal,2018-02-07 02:00 PM,2018,2,7,14,64.3,156,Unhealthy,40.0,UG/M3,1 Hr,Valid
Embassy Kathmandu,PM2.5 - Principal,2018-02-07 03:00 PM,2018,2,7,15,50.7,138,Unhealthy for Sensitive Groups,38.0,UG/M3,1 Hr,Valid
Embassy Kathmandu,PM2.5 - Principal,2018-02-07 04:00 PM,2018,2,7,16,45.2,125,Unhealthy for Sensitive Groups,40.0,UG/M3,1 Hr,Valid
Embassy Kathmandu,PM2.5 - Principal,2018-02-07 05:00 PM,2018,2,7,17,55.7,151,Unhealthy,66.0,UG/M3,1 Hr,Valid
Embassy Kathmandu,PM2.5 - Principal,2018-02-07 06:00 PM,2018,2,7,18,74.4,161,Unhealthy,93.0,UG/M3,1 Hr,Valid
Embassy Kathmandu,PM2.5 - Principal,2018-02-07 07:00 PM,2018,2,7,19,96.2,172,Unhealthy,118.0,UG/M3,1 Hr,Valid
Embassy Kathmandu,PM2.5 - Principal,2018-02-07 08:00 PM,2018,2,7,20,114.1,181,Unhealthy,132.0,UG/M3,1 Hr,Valid
Embassy Kathmandu,PM2.5 - Principal,2018-02-07 09:00 PM,2018,2,7,21,133.0,191,Unhealthy,152.0,UG/M3,1 Hr,Valid
Embassy Kathmandu,PM2.5 - Principal,2018-02-07 10:00 PM,2018,2,7,22,127.0,188,Unhealthy,121.0,UG/M3,1 Hr,Valid
Embassy Kathmandu,PM2.5 - Principal,2018-02-07 11:00 PM,2018,2,7,23,132.0,190,Unhealthy,137.0,UG/M3,1 Hr,Valid
Embassy Kathmandu,PM2.5 - Principal,2018-02-08 12:00 AM,2018,2,8,0,113.0,181,Unhealthy,94.0,UG/M3,1 Hr,Valid
Embassy Kathmandu,PM2.5 - Principal,2018-02-08 01:00 AM,2018,2,8,1,117.5,183,Unhealthy,122.0,UG/M3,1 Hr,Valid
Embassy Kathmandu,PM2.5 - Principal,2018-02-08 02:00 AM,2018,2,8,2,93.2,170,Unhealthy,69.0,UG/M3,1 Hr,Valid
Embassy Kathmandu,PM2.5 - Principal,2018-02-08 03:00 AM,2018,2,8,3,72.1,160,Unhealthy,51.0,UG/M3,1 Hr,Valid
Embassy Kathmandu,PM2.5 - Principal,2018-02-08 04:00 AM,2018,2,8,4,59.5,153,Unhealthy,47.0,UG/M3,1 Hr,Valid
Embassy Kathmandu,PM2.5 - Principal,2018-02-08 05:00 AM,2018,2,8,5,58.2,152,Unhealthy,57.0,UG/M3,1 Hr,Valid
Embassy Kathmandu,PM2.5 - Principal,2018-02-08 06:00 AM,2018,2,8,6,56.1,151,Unhealthy,54.0,UG/M3,1 Hr,Valid
Embassy Kathmandu,PM2.5 - Principal,2018-02-08 07:00 AM,2018,2,8,7,88.5,168,Unhealthy,121.0,UG/M3,1 Hr,Valid
Embassy Kathmandu,PM2.5 - Principal,2018-02-08 08:00 AM,2018,2,8,8,102.7,175,Unhealthy,117.0,UG/M3,1 Hr,Valid
Embassy Kathmandu,PM2.5 - Principal,2018-02-08 09:00 AM,2018,2,8,9,140.8,195,Unhealthy,179.0,UG/M3,1 Hr,Valid
Embassy Kathmandu,PM2.5 - Principal,2018-02-08 10:00 AM,2018,2,8,10,135.9,193,Unhealthy,131.0,UG/M3,1 Hr,Valid
Embassy Kathmandu,PM2.5 - Principal,2018-02-08 11:00 AM,2018,2,8,11,91.4,170,Unhealthy,47.0,UG/M3,1 Hr,Valid
Embassy Kathmandu,PM2.5 - Principal,2018-02-08 12:00 PM,2018,2,8,12,55.2,150,Unhealthy for Sensitive Groups,19.0,UG/M3,1 Hr,Valid
Embassy Kathmandu,PM2.5 - Principal,2018-02-08 01:00 PM,2018,2,8,13,37.0,105,Unhealthy for Sensitive Groups,19.0,UG/M3,1 Hr,Valid
Embassy Kathmandu,PM2.5 - Principal,2018-02-08 02:00 PM,2018,2,8,14,27.5,83,Moderate,18.0,UG/M3,1 Hr,Valid
Embassy Kathmandu,PM2.5 - Principal,2018-02-08 03:00 PM,2018,2,8,15,26.7,82,Moderate,26.0,UG/M3,1 Hr,Valid
Embassy Kathmandu,PM2.5 - Principal,2018-02-08 04:00 PM,2018,2,8,16,29.8,88,Moderate,33.0,UG/M3,1 Hr,Valid
Embassy Kathmandu,PM2.5 - Principal,2018-02-08 05:00 PM,2018,2,8,17,30.4,89,Moderate,31.0,UG/M3,1 Hr,Valid
Embassy Kathmandu,PM2.5 - Principal,2018-02-08 06:00 PM,2018,2,8,18,39.2,110,Unhealthy for Sensitive Groups,48.0,UG/M3,1 Hr,Valid
Embassy Kathmandu,PM2.5 - Principal,2018-02-08 07:00 PM,2018,2,8,19,54.1,147,Unhealthy for Sensitive Groups,69.0,UG/M3,1 Hr,Valid
Embassy Kathmandu,PM2.5 - Principal,2018-02-08 08:00 PM,2018,2,8,20,60.5,154,Unhealthy,67.0,UG/M3,1 Hr,Valid
Embassy Kathmandu,PM2.5 - Principal,2018-02-08 09:00 PM,2018,2,8,21,79.7,163,Unhealthy,99.0,UG/M3,1 Hr,Valid
Embassy Kathmandu,PM2.5 - Principal,2018-02-08 10:00 PM,2018,2,8,22,74.3,161,Unhealthy,69.0,UG/M3,1 Hr,Valid
Embassy Kathmandu,PM2.5 - Principal,2018-02-08 11:00 PM,2018,2,8,23,80.1,164,Unhealthy,86.0,UG/M3,1 Hr,Valid
Embassy Kathmandu,PM2.5 - Principal,2018-02-09 12:00 AM,2018,2,9,0,74.6,161,Unhealthy,69.0,UG/M3,1 Hr,Valid
Embassy Kathmandu,PM2.5 - Principal,2018-02-09 01:00 AM,2018,2,9,1,78.8,163,Unhealthy,83.0,UG/M3,1 Hr,Valid
Embassy Kathmandu,PM2.5 - Principal,2018-02-09 02:00 AM,2018,2,9,2,81.9,165,Unhealthy,85.0,UG/M3,1 Hr,Valid
Embassy Kathmandu,PM2.5 - Principal,2018-02-09 03:00 AM,2018,2,9,3,87.4,167,Unhealthy,93.0,UG/M3,1 Hr,Valid
Embassy Kathmandu,PM2.5 - Principal,2018-02-09 04:00 AM,2018,2,9,4,84.7,166,Unhealthy,82.0,UG/M3,1 Hr,Valid
Embassy Kathmandu,PM2.5 - Principal,2018-02-09 05:00 AM,2018,2,9,5,71.8,159,Unhealthy,59.0,UG/M3,1 Hr,Valid
Embassy Kathmandu,PM2.5 - Principal,2018-02-09 06:00 AM,2018,2,9,6,73.6,160,Unhealthy,73.0,UG/M3,1 Hr,Valid
Embassy Kathmandu,PM2.5 - Principal,2018-02-09 07:00 AM,2018,2,9,7,78.2,163,Unhealthy,85.0,UG/M3,1 Hr,Valid
Embassy Kathmandu,PM2.5 - Principal,2018-02-09 08:00 AM,2018,2,9,8,103.8,176,Unhealthy,129.0,UG/M3,1 Hr,Valid
Embassy Kathmandu,PM2.5 - Principal,2018-02-09 09:00 AM,2018,2,9,9,150.9,201,Very Unhealthy,198.0,UG/M3,1 Hr,Valid
Embassy Kathmandu,PM2.5 - Principal,2018-02-09 10:00 AM,2018,2,9,10,159.4,210,Very Unhealthy,168.0,UG/M3,1 Hr,Valid
Embassy Kathmandu,PM2.5 - Principal,2018-02-09 11:00 AM,2018,2,9,11,149.2,199,Unhealthy,139.0,UG/M3,1 Hr,Valid
Embassy Kathmandu,PM2.5 - Principal,2018-02-09 12:00 PM,2018,2,9,12,115.6,182,Unhealthy,82.0,UG/M3,1 Hr,Valid
Embassy Kathmandu,PM2.5 - Principal,2018-02-09 01:00 PM,2018,2,9,13,70.8,159,Unhealthy,26.0,UG/M3,1 Hr,Valid
Embassy Kathmandu,PM2.5 - Principal,2018-02-09 02:00 PM,2018,2,9,14,49.3,135,Unhealthy for Sensitive Groups,28.0,UG/M3,1 Hr,Valid
Embassy Kathmandu,PM2.5 - Principal,2018-02-09 03:00 PM,2018,2,9,15,40.1,112,Unhealthy for Sensitive Groups,31.0,UG/M3,1 Hr,Valid
Embassy Kathmandu,PM2.5 - Principal,2018-02-09 04:00 PM,2018,2,9,16,38.0,107,Unhealthy for Sensitive Groups,36.0,UG/M3,1 Hr,Valid
Embassy Kathmandu,PM2.5 - Principal,2018-02-09 05:00 PM,2018,2,9,17,31.5,92,Moderate,25.0,UG/M3,1 Hr,Valid
Embassy Kathmandu,PM2.5 - Principal,2018-02-09 06:00 PM,2018,2,9,18,27.2,83,Moderate,23.0,UG/M3,1 Hr,Valid
Embassy Kathmandu,PM2.5 - Principal,2018-02-09 07:00 PM,2018,2,9,19,34.1,97,Moderate,41.0,UG/M3,1 Hr,Valid
Embassy Kathmandu,PM2.5 - Principal,2018-02-09 08:00 PM,2018,2,9,20,35.0,99,Moderate,36.0,UG/M3,1 Hr,Valid
Embassy Kathmandu,PM2.5 - Principal,2018-02-09 09:00 PM,2018,2,9,21,52.5,143,Unhealthy for Sensitive Groups,70.0,UG/M3,1 Hr,Valid
Embassy Kathmandu,PM2.5 - Principal,2018-02-09 10:00 PM,2018,2,9,22,51.2,140,Unhealthy for Sensitive Groups,50.0,UG/M3,1 Hr,Valid
Embassy Kathmandu,PM2.5 - Principal,2018-02-09 11:00 PM,2018,2,9,23,64.6,156,Unhealthy,78.0,UG/M3,1 Hr,Valid
Embassy Kathmandu,PM2.5 - Principal,2018-02-10 12:00 AM,2018,2,10,0,56.8,152,Unhealthy,49.0,UG/M3,1 Hr,Valid
Embassy Kathmandu,PM2.5 - Principal,2018-02-10 01:00 AM,2018,2,10,1,54.4,148,Unhealthy for Sensitive Groups,52.0,UG/M3,1 Hr,Valid
Embassy Kathmandu,PM2.5 - Principal,2018-02-10 02:00 AM,2018,2,10,2,50.2,137,Unhealthy for Sensitive Groups,46.0,UG/M3,1 Hr,Valid
Embassy Kathmandu,PM2.5 - Principal,2018-02-10 03:00 AM,2018,2,10,3,42.6,118,Unhealthy for Sensitive Groups,35.0,UG/M3,1 Hr,Valid
Embassy Kathmandu,PM2.5 - Principal,2018-02-10 04:00 AM,2018,2,10,4,35.3,100,Moderate,28.0,UG/M3,1 Hr,Valid
Embassy Kathmandu,PM2.5 - Principal,2018-02-10 05:00 AM,2018,2,10,5,35.6,101,Unhealthy for Sensitive Groups,36.0,UG/M3,1 Hr,Valid
Embassy Kathmandu,PM2.5 - Principal,2018-02-10 06:00 AM,2018,2,10,6,44.8,124,Unhealthy for Sensitive Groups,54.0,UG/M3,1 Hr,Valid
Embassy Kathmandu,PM2.5 - Principal,2018-02-10 07:00 AM,2018,2,10,7,62.4,155,Unhealthy,80.0,UG/M3,1 Hr,Valid
Embassy Kathmandu,PM2.5 - Principal,2018-02-10 08:00 AM,2018,2,10,8,87.7,168,Unhealthy,113.0,UG/M3,1 Hr,Valid
Embassy Kathmandu,PM2.5 - Principal,2018-02-10 09:00 AM,2018,2,10,9,119.3,184,Unhealthy,151.0,UG/M3,1 Hr,Valid
Embassy Kathmandu,PM2.5 - Principal,2018-02-10 10:00 AM,2018,2,10,10,138.1,194,Unhealthy,157.0,UG/M3,1 Hr,Valid
Embassy Kathmandu,PM2.5 - Principal,2018-02-10 11:00 AM,2018,2,10,11,121.6,185,Unhealthy,105.0,UG/M3,1 Hr,Valid
Embassy Kathmandu,PM2.5 - Principal,2018-02-10 12:00 PM,2018,2,10,12,87.3,167,Unhealthy,53.0,UG/M3,1 Hr,Valid
Embassy Kathmandu,PM2.5 - Principal,2018-02-10 01:00 PM,2018,2,10,13,69.6,158,Unhealthy,52.0,UG/M3,1 Hr,Valid
Embassy Kathmandu,PM2.5 - Principal,2018-02-10 02:00 PM,2018,2,10,14,44.8,124,Unhealthy for Sensitive Groups,20.0,UG/M3,1 Hr,Valid
Embassy Kathmandu,PM2.5 - Principal,2018-02-10 03:00 PM,2018,2,10,15,31.4,92,Moderate,18.0,UG/M3,1 Hr,Valid
Embassy Kathmandu,PM2.5 - Principal,2018-02-10 04:00 PM,2018,2,10,16,25.2,79,Moderate,19.0,UG/M3,1 Hr,Valid
Embassy Kathmandu,PM2.5 - Principal,2018-02-10 05:00 PM,2018,2,10,17,26.1,80,Moderate,27.0,UG/M3,1 Hr,Valid
Embassy Kathmandu,PM2.5 - Principal,2018-02-10 06:00 PM,2018,2,10,18,31.0,91,Moderate,36.0,UG/M3,1 Hr,Valid
Embassy Kathmandu,PM2.5 - Principal,2018-02-10 07:00 PM,2018,2,10,19,41.5,116,Unhealthy for Sensitive Groups,52.0,UG/M3,1 Hr,Valid
Embassy Kathmandu,PM2.5 - Principal,2018-02-10 08:00 PM,2018,2,10,20,48.2,132,Unhealthy for Sensitive Groups,55.0,UG/M3,1 Hr,Valid
Embassy Kathmandu,PM2.5 - Principal,2018-02-10 09:00 PM,2018,2,10,21,64.1,155,Unhealthy,80.0,UG/M3,1 Hr,Valid
Embassy Kathmandu,PM2.5 - Principal,2018-02-10 10:00 PM,2018,2,10,22,71.0,159,Unhealthy,78.0,UG/M3,1 Hr,Valid
Embassy Kathmandu,PM2.5 - Principal,2018-02-10 11:00 PM,2018,2,10,23,71.5,159,Unhealthy,72.0,UG/M3,1 Hr,Valid
Embassy Kathmandu,PM2.5 - Principal,2018-02-11 12:00 AM,2018,2,11,0,73.2,160,Unhealthy,75.0,UG/M3,1 Hr,Valid
Embassy Kathmandu,PM2.5 - Principal,2018-02-11 01:00 AM,2018,2,11,1,69.1,158,Unhealthy,65.0,UG/M3,1 Hr,Valid
Embassy Kathmandu,PM2.5 - Principal,2018-02-11 02:00 AM,2018,2,11,2,64.5,156,Unhealthy,60.0,UG/M3,1 Hr,Valid
Embassy Kathmandu,PM2.5 - Principal,2018-02-11 03:00 AM,2018,2,11,3,66.7,157,Unhealthy,69.0,UG/M3,1 Hr,Valid
Embassy Kathmandu,PM2.5 - Principal,2018-02-11 04:00 AM,2018,2,11,4,61.9,154,Unhealthy,57.0,UG/M3,1 Hr,Valid
Embassy Kathmandu,PM2.5 - Principal,2018-02-11 05:00 AM,2018,2,11,5,58.9,153,Unhealthy,56.0,UG/M3,1 Hr,Valid
Embassy Kathmandu,PM2.5 - Principal,2018-02-11 06:00 AM,2018,2,11,6,64.4,156,Unhealthy,71.0,UG/M3,1 Hr,Valid
Embassy Kathmandu,PM2.5 - Principal,2018-02-11 07:00 AM,2018,2,11,7,86.0,167,Unhealthy,108.0,UG/M3,1 Hr,Valid
Embassy Kathmandu,PM2.5 - Principal,2018-02-11 08:00 AM,2018,2,11,8,101.2,175,Unhealthy,116.0,UG/M3,1 Hr,Valid
Embassy Kathmandu,PM2.5 - Principal,2018-02-11 09:00 AM,2018,2,11,9,114.6,182,Unhealthy,128.0,UG/M3,1 Hr,Valid
Embassy Kathmandu,PM2.5 - Principal,2018-02-11 10:00 AM,2018,2,11,10,104.3,176,Unhealthy,94.0,UG/M3,1 Hr,Valid
Embassy Kathmandu,PM2.5 - Principal,2018-02-11 11:00 AM,2018,2,11,11,112.1,180,Unhealthy,120.0,UG/M3,1 Hr,Valid
Embassy Kathmandu,PM2.5 - Principal,2018-02-11 12:00 PM,2018,2,11,12,97.0,172,Unhealthy,82.0,UG/M3,1 Hr,Valid
Embassy Kathmandu,PM2.5 - Principal,2018-02-11 01:00 PM,2018,2,11,13,71.0,159,Unhealthy,45.0,UG/M3,1 Hr,Valid
Embassy Kathmandu,PM2.5 - Principal,2018-02-11 02:00 PM,2018,2,11,14,54.0,147,Unhealthy for Sensitive Groups,37.0,UG/M3,1 Hr,Valid
Embassy Kathmandu,PM2.5 - Principal,2018-02-11 03:00 PM,2018,2,11,15,40.0,112,Unhealthy for Sensitive Groups,26.0,UG/M3,1 Hr,Valid
Embassy Kathmandu,PM2.5 - Principal,2018-02-11 04:00 PM,2018,2,11,16,32.9,95,Moderate,26.0,UG/M3,1 Hr,Valid
Embassy Kathmandu,PM2.5 - Principal,2018-02-11 05:00 PM,2018,2,11,17,27.9,84,Moderate,23.0,UG/M3,1 Hr,Valid
Embassy Kathmandu,PM2.5 - Principal,2018-02-11 06:00 PM,2018,2,11,18,44.9,124,Unhealthy for Sensitive Groups,62.0,UG/M3,1 Hr,Valid
Embassy Kathmandu,PM2.5 - Principal,2018-02-11 07:00 PM,2018,2,11,19,63.4,155,Unhealthy,82.0,UG/M3,1 Hr,Valid
Embassy Kathmandu,PM2.5 - Principal,2018-02-11 08:00 PM,2018,2,11,20,80.2,164,Unhealthy,97.0,UG/M3,1 Hr,Valid
Embassy Kathmandu,PM2.5 - Principal,2018-02-11 09:00 PM,2018,2,11,21,76.6,162,Unhealthy,73.0,UG/M3,1 Hr,Valid
Embassy Kathmandu,PM2.5 - Principal,2018-02-11 10:00 PM,2018,2,11,22,87.8,168,Unhealthy,99.0,UG/M3,1 Hr,Valid
Embassy Kathmandu,PM2.5 - Principal,2018-02-11 11:00 PM,2018,2,11,23,89.4,169,Unhealthy,91.0,UG/M3,1 Hr,Valid
Embassy Kathmandu,PM2.5 - Principal,2018-02-12 12:00 AM,2018,2,12,0,85.2,166,Unhealthy,81.0,UG/M3,1 Hr,Valid
Embassy Kathmandu,PM2.5 - Principal,2018-02-12 01:00 AM,2018,2,12,1,74.1,161,Unhealthy,63.0,UG/M3,1 Hr,Valid
Embassy Kathmandu,PM2.5 - Principal,2018-02-12 02:00 AM,2018,2,12,2,71.5,159,Unhealthy,69.0,UG/M3,1 Hr,Valid
Embassy Kathmandu,PM2.5 - Principal,2018-02-12 03:00 AM,2018,2,12,3,65.7,156,Unhealthy,60.0,UG/M3,1 Hr,Valid
Embassy Kathmandu,PM2.5 - Principal,2018-02-12 04:00 AM,2018,2,12,4,80.8,164,Unhealthy,96.0,UG/M3,1 Hr,Valid
Embassy Kathmandu,PM2.5 - Principal,2018-02-12 05:00 AM,2018,2,12,5,83.8,166,Unhealthy,91.0,UG/M3,1 Hr,Valid
Embassy Kathmandu,PM2.5 - Principal,2018-02-12 06:00 AM,2018,2,12,6,84.3,166,Unhealthy,85.0,UG/M3,1 Hr,Valid
Embassy Kathmandu,PM2.5 - Principal,2018-02-12 07:00 AM,2018,2,12,7,81.0,164,Unhealthy,76.0,UG/M3,1 Hr,Valid
Embassy Kathmandu,PM2.5 - Principal,2018-02-12 08:00 AM,2018,2,12,8,106.3,177,Unhealthy,132.0,UG/M3,1 Hr,Valid
Embassy Kathmandu,PM2.5 - Principal,2018-02-12 09:00 AM,2018,2,12,9,140.6,195,Unhealthy,175.0,UG/M3,1 Hr,Valid
Embassy Kathmandu,PM2.5 - Principal,2018-02-12 10:00 AM,2018,2,12,10,180.3,231,Very Unhealthy,220.0,UG/M3,1 Hr,Valid
Embassy Kathmandu,PM2.5 - Principal,2018-02-12 11:00 AM,2018,2,12,11,208.7,259,Very Unhealthy,237.0,UG/M3,1 Hr,Valid
Embassy Kathmandu,PM2.5 - Principal,2018-02-12 12:00 PM,2018,2,12,12,235.8,286,Very Unhealthy,263.0,UG/M3,1 Hr,Valid
Embassy Kathmandu,PM2.5 - Principal,2018-02-12 01:00 PM,2018,2,12,13,242.4,292,Very Unhealthy,249.0,UG/M3,1 Hr,Valid
Embassy Kathmandu,PM2.5 - Principal,2018-02-12 02:00 PM,2018,2,12,14,249.7,299,Very Unhealthy,257.0,UG/M3,1 Hr,Valid
Embassy Kathmandu,PM2.5 - Principal,2018-02-12 03:00 PM,2018,2,12,15,208.3,258,Very Unhealthy,167.0,UG/M3,1 Hr,Valid
Embassy Kathmandu,PM2.5 - Principal,2018-02-12 04:00 PM,2018,2,12,16,184.2,234,Very Unhealthy,160.0,UG/M3,1 Hr,Valid
Embassy Kathmandu,PM2.5 - Principal,2018-02-12 05:00 PM,2018,2,12,17,131.0,190,Unhealthy,78.0,UG/M3,1 Hr,Valid
Embassy Kathmandu,PM2.5 - Principal,2018-02-12 06:00 PM,2018,2,12,18,103.0,176,Unhealthy,75.0,UG/M3,1 Hr,Valid
Embassy Kathmandu,PM2.5 - Principal,2018-02-12 07:00 PM,2018,2,12,19,95.5,172,Unhealthy,88.0,UG/M3,1 Hr,Valid
Embassy Kathmandu,PM2.5 - Principal,2018-02-12 08:00 PM,2018,2,12,20,99.2,174,Unhealthy,103.0,UG/M3,1 Hr,Valid
Embassy Kathmandu,PM2.5 - Principal,2018-02-12 09:00 PM,2018,2,12,21,107.6,178,Unhealthy,116.0,UG/M3,1 Hr,Valid
Embassy Kathmandu,PM2.5 - Principal,2018-02-12 10:00 PM,2018,2,12,22,128.3,189,Unhealthy,149.0,UG/M3,1 Hr,Valid
Embassy Kathmandu,PM2.5 - Principal,2018-02-12 11:00 PM,2018,2,12,23,127.6,188,Unhealthy,127.0,UG/M3,1 Hr,Valid
Embassy Kathmandu,PM2.5 - Principal,2018-02-13 12:00 AM,2018,2,13,0,115.7,182,Unhealthy,104.0,UG/M3,1 Hr,Valid
Embassy Kathmandu,PM2.5 - Principal,2018-02-13 01:00 AM,2018,2,13,1,106.3,177,Unhealthy,97.0,UG/M3,1 Hr,Valid
Embassy Kathmandu,PM2.5 - Principal,2018-02-13 02:00 AM,2018,2,13,2,97.6,173,Unhealthy,89.0,UG/M3,1 Hr,Valid
Embassy Kathmandu,PM2.5 - Principal,2018-02-13 03:00 AM,2018,2,13,3,95.8,172,Unhealthy,94.0,UG/M3,1 Hr,Valid
Embassy Kathmandu,PM2.5 - Principal,2018-02-13 04:00 AM,2018,2,13,4,85.5,166,Unhealthy,75.0,UG/M3,1 Hr,Valid
Embassy Kathmandu,PM2.5 - Principal,2018-02-13 05:00 AM,2018,2,13,5,102.6,175,Unhealthy,120.0,UG/M3,1 Hr,Valid
Embassy Kathmandu,PM2.5 - Principal,2018-02-13 06:00 AM,2018,2,13,6,82.8,165,Unhealthy,63.0,UG/M3,1 Hr,Valid
Embassy Kathmandu,PM2.5 - Principal,2018-02-13 07:00 AM,2018,2,13,7,79.4,163,Unhealthy,76.0,UG/M3,1 Hr,Valid
Embassy Kathmandu,PM2.5 - Principal,2018-02-13 08:00 AM,2018,2,13,8,84.2,166,Unhealthy,89.0,UG/M3,1 Hr,Valid
Embassy Kathmandu,PM2.5 - Principal,2018-02-13 09:00 AM,2018,2,13,9,83.6,166,Unhealthy,83.0,UG/M3,1 Hr,Valid
Embassy Kathmandu,PM2.5 - Principal,2018-02-13 10:00 AM,2018,2,13,10,79.2,163,Unhealthy,75.0,UG/M3,1 Hr,Valid
Embassy Kathmandu,PM2.5 - Principal,2018-02-13 11:00 AM,2018,2,13,11,74.5,161,Unhealthy,69.0,UG/M3,1 Hr,Valid
Embassy Kathmandu,PM2.5 - Principal,2018-02-13 12:00 PM,2018,2,13,12,66.0,156,Unhealthy,58.0,UG/M3,1 Hr,Valid
Embassy Kathmandu,PM2.5 - Principal,2018-02-13 01:00 PM,2018,2,13,13,62.0,154,Unhealthy,58.0,UG/M3,1 Hr,Valid
Embassy Kathmandu,PM2.5 - Principal,2018-02-13 02:00 PM,2018,2,13,14,55.5,151,Unhealthy,49.0,UG/M3,1 Hr,Valid
Embassy Kathmandu,PM2.5 - Principal,2018-02-13 03:00 PM,2018,2,13,15,62.7,155,Unhealthy,70.0,UG/M3,1 Hr,Valid
Embassy Kathmandu,PM2.5 - Principal,2018-02-13 04:00 PM,2018,2,13,16,50.3,137,Unhealthy for Sensitive Groups,38.0,UG/M3,1 Hr,Valid
Embassy Kathmandu,PM2.5 - Principal,2018-02-13 05:00 PM,2018,2,13,17,44.1,122,Unhealthy for Sensitive Groups,38.0,UG/M3,1 Hr,Valid
Embassy Kathmandu,PM2.5 - Principal,2018-02-13 06:00 PM,2018,2,13,18,49.5,135,Unhealthy for Sensitive Groups,55.0,UG/M3,1 Hr,Valid
Embassy Kathmandu,PM2.5 - Principal,2018-02-13 07:00 PM,2018,2,13,19,80.7,164,Unhealthy,112.0,UG/M3,1 Hr,Valid
Embassy Kathmandu,PM2.5 - Principal,2018-02-13 08:00 PM,2018,2,13,20,94.4,171,Unhealthy,108.0,UG/M3,1 Hr,Valid
Embassy Kathmandu,PM2.5 - Principal,2018-02-13 09:00 PM,2018,2,13,21,125.2,187,Unhealthy,156.0,UG/M3,1 Hr,Valid
Embassy Kathmandu,PM2.5 - Principal,2018-02-13 10:00 PM,2018,2,13,22,231.6,281,Very Unhealthy,338.0,UG/M3,1 Hr,Valid
Embassy Kathmandu,PM2.5 - Principal,2018-02-13 11:00 PM,2018,2,13,23,262.3,313,Hazardous,293.0,UG/M3,1 Hr,Valid
Embassy Kathmandu,PM2.5 - Principal,2018-02-14 12:00 AM,2018,2,14,0,265.6,316,Hazardous,269.0,UG/M3,1 Hr,Valid
Embassy Kathmandu,PM2.5 - Principal,2018-02-14 01:00 AM,2018,2,14,1,225.3,275,Very Unhealthy,185.0,UG/M3,1 Hr,Valid
Embassy Kathmandu,PM2.5 - Principal,2018-02-14 02:00 AM,2018,2,14,2,193.1,243,Very Unhealthy,161.0,UG/M3,1 Hr,Valid
Embassy Kathmandu,PM2.5 - Principal,2018-02-14 03:00 AM,2018,2,14,3,173.1,223,Very Unhealthy,153.0,UG/M3,1 Hr,Valid
Embassy Kathmandu,PM2.5 - Principal,2018-02-14 04:00 AM,2018,2,14,4,153.0,203,Very Unhealthy,133.0,UG/M3,1 Hr,Valid
Embassy Kathmandu,PM2.5 - Principal,2018-02-14 05:00 AM,2018,2,14,5,139.0,194,Unhealthy,125.0,UG/M3,1 Hr,Valid
Embassy Kathmandu,PM2.5 - Principal,2018-02-14 06:00 AM,2018,2,14,6,151.0,201,Very Unhealthy,163.0,UG/M3,1 Hr,Valid
Embassy Kathmandu,PM2.5 - Principal,2018-02-14 07:00 AM,2018,2,14,7,147.5,199,Unhealthy,144.0,UG/M3,1 Hr,Valid
Embassy Kathmandu,PM2.5 - Principal,2018-02-14 08:00 AM,2018,2,14,8,155.7,206,Very Unhealthy,164.0,UG/M3,1 Hr,Valid
Embassy Kathmandu,PM2.5 - Principal,2018-02-14 09:00 AM,2018,2,14,9,207.8,258,Very Unhealthy,260.0,UG/M3,1 Hr,Valid
Embassy Kathmandu,PM2.5 - Principal,2018-02-14 10:00 AM,2018,2,14,10,230.4,280,Very Unhealthy,253.0,UG/M3,1 Hr,Valid
Embassy Kathmandu,PM2.5 - Principal,2018-02-14 11:00 AM,2018,2,14,11,202.7,253,Very Unhealthy,175.0,UG/M3,1 Hr,Valid
Embassy Kathmandu,PM2.5 - Principal,2018-02-14 12:00 PM,2018,2,14,12,132.3,191,Unhealthy,62.0,UG/M3,1 Hr,Valid
Embassy Kathmandu,PM2.5 - Principal,2018-02-14 01:00 PM,2018,2,14,13,79.6,163,Unhealthy,27.0,UG/M3,1 Hr,Valid
Embassy Kathmandu,PM2.5 - Principal,2018-02-14 02:00 PM,2018,2,14,14,49.8,136,Unhealthy for Sensitive Groups,20.0,UG/M3,1 Hr,Valid
Embassy Kathmandu,PM2.5 - Principal,2018-02-14 03:00 PM,2018,2,14,15,39.3,110,Unhealthy for Sensitive Groups,29.0,UG/M3,1 Hr,Valid
Embassy Kathmandu,PM2.5 - Principal,2018-02-14 04:00 PM,2018,2,14,16,32.1,93,Moderate,25.0,UG/M3,1 Hr,Valid
Embassy Kathmandu,PM2.5 - Principal,2018-02-14 05:00 PM,2018,2,14,17,30.0,89,Moderate,28.0,UG/M3,1 Hr,Valid
Embassy Kathmandu,PM2.5 - Principal,2018-02-14 06:00 PM,2018,2,14,18,29.0,87,Moderate,28.0,UG/M3,1 Hr,Valid
Embassy Kathmandu,PM2.5 - Principal,2018-02-14 07:00 PM,2018,2,14,19,33.4,96,Moderate,38.0,UG/M3,1 Hr,Valid
Embassy Kathmandu,PM2.5 - Principal,2018-02-14 08:00 PM,2018,2,14,20,40.2,113,Unhealthy for Sensitive Groups,47.0,UG/M3,1 Hr,Valid
Embassy Kathmandu,PM2.5 - Principal,2018-02-14 09:00 PM,2018,2,14,21,49.5,135,Unhealthy for Sensitive Groups,59.0,UG/M3,1 Hr,Valid
Embassy Kathmandu,PM2.5 - Principal,2018-02-14 10:00 PM,2018,2,14,22,46.2,127,Unhealthy for Sensitive Groups,43.0,UG/M3,1 Hr,Valid
Embassy Kathmandu,PM2.5 - Principal,2018-02-14 11:00 PM,2018,2,14,23,53.1,144,Unhealthy for Sensitive Groups,60.0,UG/M3,1 Hr,Valid
Embassy Kathmandu,PM2.5 - Principal,2018-02-15 12:00 AM,2018,2,15,0,52.5,143,Unhealthy for Sensitive Groups,52.0,UG/M3,1 Hr,Valid
Embassy Kathmandu,PM2.5 - Principal,2018-02-15 01:00 AM,2018,2,15,1,54.7,148,Unhealthy for Sensitive Groups,57.0,UG/M3,1 Hr,Valid
Embassy Kathmandu,PM2.5 - Principal,2018-02-15 02:00 AM,2018,2,15,2,49.8,136,Unhealthy for Sensitive Groups,45.0,UG/M3,1 Hr,Valid
Embassy Kathmandu,PM2.5 - Principal,2018-02-15 03:00 AM,2018,2,15,3,42.4,118,Unhealthy for Sensitive Groups,35.0,UG/M3,1 Hr,Valid
Embassy Kathmandu,PM2.5 - Principal,2018-02-15 04:00 AM,2018,2,15,4,46.2,127,Unhealthy for Sensitive Groups,50.0,UG/M3,1 Hr,Valid
Embassy Kathmandu,PM2.5 - Principal,2018-02-15 05:00 AM,2018,2,15,5,49.1,134,Unhealthy for Sensitive Groups,52.0,UG/M3,1 Hr,Valid
Embassy Kathmandu,PM2.5 - Principal,2018-02-15 06:00 AM,2018,2,15,6,48.8,134,Unhealthy for Sensitive Groups,49.0,UG/M3,1 Hr,Valid
Embassy Kathmandu,PM2.5 - Principal,2018-02-15 07:00 AM,2018,2,15,7,62.5,155,Unhealthy,76.0,UG/M3,1 Hr,Valid
Embassy Kathmandu,PM2.5 - Principal,2018-02-15 08:00 AM,2018,2,15,8,88.2,168,Unhealthy,114.0,UG/M3,1 Hr,Valid
Embassy Kathmandu,PM2.5 - Principal,2018-02-15 09:00 AM,2018,2,15,9,94.1,171,Unhealthy,100.0,UG/M3,1 Hr,Valid
Embassy Kathmandu,PM2.5 - Principal,2018-02-15 10:00 AM,2018,2,15,10,100.5,174,Unhealthy,107.0,UG/M3,1 Hr,Valid
Embassy Kathmandu,PM2.5 - Principal,2018-02-15 11:00 AM,2018,2,15,11,95.7,172,Unhealthy,91.0,UG/M3,1 Hr,Valid
Embassy Kathmandu,PM2.5 - Principal,2018-02-15 12:00 PM,2018,2,15,12,77.3,162,Unhealthy,59.0,UG/M3,1 Hr,Valid
Embassy Kathmandu,PM2.5 - Principal,2018-02-15 01:00 PM,2018,2,15,13,68.1,158,Unhealthy,59.0,UG/M3,1 Hr,Valid
Embassy Kathmandu,PM2.5 - Principal,2018-02-15 02:00 PM,2018,2,15,14,58.0,152,Unhealthy,48.0,UG/M3,1 Hr,Valid
Embassy Kathmandu,PM2.5 - Principal,2018-02-15 03:00 PM,2018,2,15,15,49.0,134,Unhealthy for Sensitive Groups,40.0,UG/M3,1 Hr,Valid
Embassy Kathmandu,PM2.5 - Principal,2018-02-15 04:00 PM,2018,2,15,16,41.0,115,Unhealthy for Sensitive Groups,33.0,UG/M3,1 Hr,Valid
Embassy Kathmandu,PM2.5 - Principal,2018-02-15 05:00 PM,2018,2,15,17,37.0,105,Unhealthy for Sensitive Groups,33.0,UG/M3,1 Hr,Valid
Embassy Kathmandu,PM2.5 - Principal,2018-02-15 06:00 PM,2018,2,15,18,40.5,113,Unhealthy for Sensitive Groups,44.0,UG/M3,1 Hr,Valid
Embassy Kathmandu,PM2.5 - Principal,2018-02-15 07:00 PM,2018,2,15,19,45.2,125,Unhealthy for Sensitive Groups,50.0,UG/M3,1 Hr,Valid
Embassy Kathmandu,PM2.5 - Principal,2018-02-15 08:00 PM,2018,2,15,20,47.1,130,Unhealthy for Sensitive Groups,49.0,UG/M3,1 Hr,Valid
Embassy Kathmandu,PM2.5 - Principal,2018-02-15 09:00 PM,2018,2,15,21,68.0,157,Unhealthy,89.0,UG/M3,1 Hr,Valid
Embassy Kathmandu,PM2.5 - Principal,2018-02-15 10:00 PM,2018,2,15,22,85.5,166,Unhealthy,103.0,UG/M3,1 Hr,Valid
Embassy Kathmandu,PM2.5 - Principal,2018-02-15 11:00 PM,2018,2,15,23,80.7,164,Unhealthy,76.0,UG/M3,1 Hr,Valid
Embassy Kathmandu,PM2.5 - Principal,2018-02-16 12:00 AM,2018,2,16,0,74.8,161,Unhealthy,69.0,UG/M3,1 Hr,Valid
Embassy Kathmandu,PM2.5 - Principal,2018-02-16 01:00 AM,2018,2,16,1,71.4,159,Unhealthy,68.0,UG/M3,1 Hr,Valid
Embassy Kathmandu,PM2.5 - Principal,2018-02-16 02:00 AM,2018,2,16,2,69.2,158,Unhealthy,67.0,UG/M3,1 Hr,Valid
Embassy Kathmandu,PM2.5 - Principal,2018-02-16 03:00 AM,2018,2,16,3,64.1,155,Unhealthy,59.0,UG/M3,1 Hr,Valid
Embassy Kathmandu,PM2.5 - Principal,2018-02-16 04:00 AM,2018,2,16,4,61.0,154,Unhealthy,58.0,UG/M3,1 Hr,Valid
Embassy Kathmandu,PM2.5 - Principal,2018-02-16 05:00 AM,2018,2,16,5,60.0,153,Unhealthy,59.0,UG/M3,1 Hr,Valid
Embassy Kathmandu,PM2.5 - Principal,2018-02-16 06:00 AM,2018,2,16,6,66.5,157,Unhealthy,73.0,UG/M3,1 Hr,Valid
Embassy Kathmandu,PM2.5 - Principal,2018-02-16 07:00 AM,2018,2,16,7,69.2,158,Unhealthy,72.0,UG/M3,1 Hr,Valid
Embassy Kathmandu,PM2.5 - Principal,2018-02-16 08:00 AM,2018,2,16,8,77.1,162,Unhealthy,88.0,UG/M3,1 Hr,Valid
Embassy Kathmandu,PM2.5 - Principal,2018-02-16 09:00 AM,2018,2,16,9,113.3,181,Unhealthy,148.0,UG/M3,1 Hr,Valid
Embassy Kathmandu,PM2.5 - Principal,2018-02-16 10:00 AM,2018,2,16,10,102.1,175,Unhealthy,91.0,UG/M3,1 Hr,Valid
Embassy Kathmandu,PM2.5 - Principal,2018-02-16 11:00 AM,2018,2,16,11,101.0,174,Unhealthy,100.0,UG/M3,1 Hr,Valid
Embassy Kathmandu,PM2.5 - Principal,2018-02-16 12:00 PM,2018,2,16,12,97.5,173,Unhealthy,94.0,UG/M3,1 Hr,Valid
Embassy Kathmandu,PM2.5 - Principal,2018-02-16 01:00 PM,2018,2,16,13,89.7,169,Unhealthy,82.0,UG/M3,1 Hr,Valid
Embassy Kathmandu,PM2.5 - Principal,2018-02-16 02:00 PM,2018,2,16,14,76.3,162,Unhealthy,63.0,UG/M3,1 Hr,Valid
Embassy Kathmandu,PM2.5 - Principal,2018-02-16 03:00 PM,2018,2,16,15,69.6,158,Unhealthy,63.0,UG/M3,1 Hr,Valid
Embassy Kathmandu,PM2.5 - Principal,2018-02-16 04:00 PM,2018,2,16,16,63.3,155,Unhealthy,57.0,UG/M3,1 Hr,Valid
Embassy Kathmandu,PM2.5 - Principal,2018-02-16 05:00 PM,2018,2,16,17,63.6,155,Unhealthy,64.0,UG/M3,1 Hr,Valid
Embassy Kathmandu,PM2.5 - Principal,2018-02-16 06:00 PM,2018,2,16,18,69.3,158,Unhealthy,75.0,UG/M3,1 Hr,Valid
Embassy Kathmandu,PM2.5 - Principal,2018-02-16 07:00 PM,2018,2,16,19,71.1,159,Unhealthy,73.0,UG/M3,1 Hr,Valid
Embassy Kathmandu,PM2.5 - Principal,2018-02-16 08:00 PM,2018,2,16,20,69.0,158,Unhealthy,67.0,UG/M3,1 Hr,Valid
Embassy Kathmandu,PM2.5 - Principal,2018-02-16 09:00 PM,2018,2,16,21,72.9,160,Unhealthy,78.0,UG/M3,1 Hr,Valid
Embassy Kathmandu,PM2.5 - Principal,2018-02-16 10:00 PM,2018,2,16,22,73.3,160,Unhealthy,74.0,UG/M3,1 Hr,Valid
Embassy Kathmandu,PM2.5 - Principal,2018-02-16 11:00 PM,2018,2,16,23,75.8,161,Unhealthy,80.0,UG/M3,1 Hr,Valid
Embassy Kathmandu,PM2.5 - Principal,2018-02-17 12:00 AM,2018,2,17,0,79.3,163,Unhealthy,87.0,UG/M3,1 Hr,Valid
Embassy Kathmandu,PM2.5 - Principal,2018-02-17 01:00 AM,2018,2,17,1,76.0,162,Unhealthy,70.0,UG/M3,1 Hr,Valid
Embassy Kathmandu,PM2.5 - Principal,2018-02-17 02:00 AM,2018,2,17,2,72.6,160,Unhealthy,66.0,UG/M3,1 Hr,Valid
Embassy Kathmandu,PM2.5 - Principal,2018-02-17 03:00 AM,2018,2,17,3,76.9,162,Unhealthy,85.0,UG/M3,1 Hr,Valid
Embassy Kathmandu,PM2.5 - Principal,2018-02-17 04:00 AM,2018,2,17,4,75.2,161,Unhealthy,72.0,UG/M3,1 Hr,Valid
Embassy Kathmandu,PM2.5 - Principal,2018-02-17 05:00 AM,2018,2,17,5,86.3,167,Unhealthy,105.0,UG/M3,1 Hr,Valid
Embassy Kathmandu,PM2.5 - Principal,2018-02-17 06:00 AM,2018,2,17,6,85.8,167,Unhealthy,85.0,UG/M3,1 Hr,Valid
Embassy Kathmandu,PM2.5 - Principal,2018-02-17 07:00 AM,2018,2,17,7,95.8,172,Unhealthy,110.0,UG/M3,1 Hr,Valid
Embassy Kathmandu,PM2.5 - Principal,2018-02-17 08:00 AM,2018,2,17,8,102.1,175,Unhealthy,111.0,UG/M3,1 Hr,Valid
Embassy Kathmandu,PM2.5 - Principal,2018-02-17 09:00 AM,2018,2,17,9,141.9,196,Unhealthy,179.0,UG/M3,1 Hr,Valid
Embassy Kathmandu,PM2.5 - Principal,2018-02-17 10:00 AM,2018,2,17,10,125.9,187,Unhealthy,110.0,UG/M3,1 Hr,Valid
Embassy Kathmandu,PM2.5 - Principal,2018-02-17 11:00 AM,2018,2,17,11,105.9,177,Unhealthy,86.0,UG/M3,1 Hr,Valid
Embassy Kathmandu,PM2.5 - Principal,2018-02-17 12:00 PM,2018,2,17,12,93.4,171,Unhealthy,81.0,UG/M3,1 Hr,Valid
Embassy Kathmandu,PM2.5 - Principal,2018-02-17 01:00 PM,2018,2,17,13,83.7,166,Unhealthy,74.0,UG/M3,1 Hr,Valid
Embassy Kathmandu,PM2.5 - Principal,2018-02-17 02:00 PM,2018,2,17,14,81.8,165,Unhealthy,80.0,UG/M3,1 Hr,Valid
Embassy Kathmandu,PM2.5 - Principal,2018-02-17 03:00 PM,2018,2,17,15,69.9,158,Unhealthy,58.0,UG/M3,1 Hr,Valid
Embassy Kathmandu,PM2.5 - Principal,2018-02-17 04:00 PM,2018,2,17,16,61.4,154,Unhealthy,53.0,UG/M3,1 Hr,Valid
Embassy Kathmandu,PM2.5 - Principal,2018-02-17 05:00 PM,2018,2,17,17,60.7,154,Unhealthy,60.0,UG/M3,1 Hr,Valid
Embassy Kathmandu,PM2.5 - Principal,2018-02-17 06:00 PM,2018,2,17,18,64.8,156,Unhealthy,69.0,UG/M3,1 Hr,Valid
Embassy Kathmandu,PM2.5 - Principal,2018-02-17 07:00 PM,2018,2,17,19,69.9,158,Unhealthy,75.0,UG/M3,1 Hr,Valid
Embassy Kathmandu,PM2.5 - Principal,2018-02-17 08:00 PM,2018,2,17,20,70.4,159,Unhealthy,71.0,UG/M3,1 Hr,Valid
Embassy Kathmandu,PM2.5 - Principal,2018-02-17 09:00 PM,2018,2,17,21,79.7,163,Unhealthy,89.0,UG/M3,1 Hr,Valid
Embassy Kathmandu,PM2.5 - Principal,2018-02-17 10:00 PM,2018,2,17,22,82.7,165,Unhealthy,90.0,UG/M3,1 Hr,Valid
Embassy Kathmandu,PM2.5 - Principal,2018-02-17 11:00 PM,2018,2,17,23,92.2,170,Unhealthy,101.0,UG/M3,1 Hr,Valid
Embassy Kathmandu,PM2.5 - Principal,2018-02-18 12:00 AM,2018,2,18,0,95.9,172,Unhealthy,100.0,UG/M3,1 Hr,Valid
Embassy Kathmandu,PM2.5 - Principal,2018-02-18 01:00 AM,2018,2,18,1,92.1,170,Unhealthy,88.0,UG/M3,1 Hr,Valid
Embassy Kathmandu,PM2.5 - Principal,2018-02-18 02:00 AM,2018,2,18,2,93.9,171,Unhealthy,96.0,UG/M3,1 Hr,Valid
Embassy Kathmandu,PM2.5 - Principal,2018-02-18 03:00 AM,2018,2,18,3,99.5,174,Unhealthy,105.0,UG/M3,1 Hr,Valid
Embassy Kathmandu,PM2.5 - Principal,2018-02-18 04:00 AM,2018,2,18,4,93.6,171,Unhealthy,87.0,UG/M3,1 Hr,Valid
Embassy Kathmandu,PM2.5 - Principal,2018-02-18 05:00 AM,2018,2,18,5,92.0,170,Unhealthy,89.0,UG/M3,1 Hr,Valid
Embassy Kathmandu,PM2.5 - Principal,2018-02-18 06:00 AM,2018,2,18,6,93.4,171,Unhealthy,96.0,UG/M3,1 Hr,Valid
Embassy Kathmandu,PM2.5 - Principal,2018-02-18 07:00 AM,2018,2,18,7,108.3,178,Unhealthy,127.0,UG/M3,1 Hr,Valid
Embassy Kathmandu,PM2.5 - Principal,2018-02-18 08:00 AM,2018,2,18,8,111.2,180,Unhealthy,126.0,UG/M3,1 Hr,Valid
Embassy Kathmandu,PM2.5 - Principal,2018-02-18 09:00 AM,2018,2,18,9,122.0,185,Unhealthy,137.0,UG/M3,1 Hr,Valid
Embassy Kathmandu,PM2.5 - Principal,2018-02-18 10:00 AM,2018,2,18,10,125.3,187,Unhealthy,131.0,UG/M3,1 Hr,Valid
Embassy Kathmandu,PM2.5 - Principal,2018-02-18 11:00 AM,2018,2,18,11,125.9,187,Unhealthy,127.0,UG/M3,1 Hr,Valid
Embassy Kathmandu,PM2.5 - Principal,2018-02-18 12:00 PM,2018,2,18,12,98.7,173,Unhealthy,69.0,UG/M3,1 Hr,Valid
Embassy Kathmandu,PM2.5 - Principal,2018-02-18 01:00 PM,2018,2,18,13,73.2,160,Unhealthy,48.0,UG/M3,1 Hr,Valid
Embassy Kathmandu,PM2.5 - Principal,2018-02-18 02:00 PM,2018,2,18,14,63.1,155,Unhealthy,53.0,UG/M3,1 Hr,Valid
Embassy Kathmandu,PM2.5 - Principal,2018-02-18 03:00 PM,2018,2,18,15,61.0,154,Unhealthy,59.0,UG/M3,1 Hr,Valid
Embassy Kathmandu,PM2.5 - Principal,2018-02-18 04:00 PM,2018,2,18,16,69.5,158,Unhealthy,78.0,UG/M3,1 Hr,Valid
Embassy Kathmandu,PM2.5 - Principal,2018-02-18 05:00 PM,2018,2,18,17,65.7,156,Unhealthy,62.0,UG/M3,1 Hr,Valid
Embassy Kathmandu,PM2.5 - Principal,2018-02-18 06:00 PM,2018,2,18,18,70.8,159,Unhealthy,76.0,UG/M3,1 Hr,Valid
Embassy Kathmandu,PM2.5 - Principal,2018-02-18 07:00 PM,2018,2,18,19,73.4,160,Unhealthy,76.0,UG/M3,1 Hr,Valid
Embassy Kathmandu,PM2.5 - Principal,2018-02-18 08:00 PM,2018,2,18,20,125.2,187,Unhealthy,177.0,UG/M3,1 Hr,Valid
Embassy Kathmandu,PM2.5 - Principal,2018-02-18 09:00 PM,2018,2,18,21,116.6,183,Unhealthy,108.0,UG/M3,1 Hr,Valid
Embassy Kathmandu,PM2.5 - Principal,2018-02-18 10:00 PM,2018,2,18,22,101.2,175,Unhealthy,86.0,UG/M3,1 Hr,Valid
Embassy Kathmandu,PM2.5 - Principal,2018-02-18 11:00 PM,2018,2,18,23,92.1,170,Unhealthy,83.0,UG/M3,1 Hr,Valid
Embassy Kathmandu,PM2.5 - Principal,2018-02-19 12:00 AM,2018,2,19,0,89.0,168,Unhealthy,86.0,UG/M3,1 Hr,Valid
Embassy Kathmandu,PM2.5 - Principal,2018-02-19 01:00 AM,2018,2,19,1,93.0,170,Unhealthy,97.0,UG/M3,1 Hr,Valid
Embassy Kathmandu,PM2.5 - Principal,2018-02-19 02:00 AM,2018,2,19,2,123.0,186,Unhealthy,153.0,UG/M3,1 Hr,Valid
Embassy Kathmandu,PM2.5 - Principal,2018-02-19 03:00 AM,2018,2,19,3,110.0,179,Unhealthy,97.0,UG/M3,1 Hr,Valid
Embassy Kathmandu,PM2.5 - Principal,2018-02-19 04:00 AM,2018,2,19,4,96.5,172,Unhealthy,83.0,UG/M3,1 Hr,Valid
Embassy Kathmandu,PM2.5 - Principal,2018-02-19 05:00 AM,2018,2,19,5,90.7,169,Unhealthy,85.0,UG/M3,1 Hr,Valid
Embassy Kathmandu,PM2.5 - Principal,2018-02-19 06:00 AM,2018,2,19,6,95.8,172,Unhealthy,101.0,UG/M3,1 Hr,Valid
Embassy Kathmandu,PM2.5 - Principal,2018-02-19 07:00 AM,2018,2,19,7,97.9,173,Unhealthy,100.0,UG/M3,1 Hr,Valid
Embassy Kathmandu,PM2.5 - Principal,2018-02-19 08:00 AM,2018,2,19,8,109.3,179,Unhealthy,123.0,UG/M3,1 Hr,Valid
Embassy Kathmandu,PM2.5 - Principal,2018-02-19 09:00 AM,2018,2,19,9,147.2,198,Unhealthy,184.0,UG/M3,1 Hr,Valid
Embassy Kathmandu,PM2.5 - Principal,2018-02-19 10:00 AM,2018,2,19,10,154.1,205,Very Unhealthy,161.0,UG/M3,1 Hr,Valid
Embassy Kathmandu,PM2.5 - Principal,2018-02-19 11:00 AM,2018,2,19,11,145.0,197,Unhealthy,136.0,UG/M3,1 Hr,Valid
Embassy Kathmandu,PM2.5 - Principal,2018-02-19 12:00 PM,2018,2,19,12,127.0,188,Unhealthy,109.0,UG/M3,1 Hr,Valid
Embassy Kathmandu,PM2.5 - Principal,2018-02-19 01:00 PM,2018,2,19,13,101.0,174,Unhealthy,75.0,UG/M3,1 Hr,Valid
Embassy Kathmandu,PM2.5 - Principal,2018-02-19 02:00 PM,2018,2,19,14,78.9,163,Unhealthy,57.0,UG/M3,1 Hr,Valid
Embassy Kathmandu,PM2.5 - Principal,2018-02-19 03:00 PM,2018,2,19,15,63.4,155,Unhealthy,48.0,UG/M3,1 Hr,Valid
Embassy Kathmandu,PM2.5 - Principal,2018-02-19 04:00 PM,2018,2,19,16,61.2,154,Unhealthy,59.0,UG/M3,1 Hr,Valid
Embassy Kathmandu,PM2.5 - Principal,2018-02-19 05:00 PM,2018,2,19,17,67.1,157,Unhealthy,73.0,UG/M3,1 Hr,Valid
Embassy Kathmandu,PM2.5 - Principal,2018-02-19 06:00 PM,2018,2,19,18,74.0,161,Unhealthy,81.0,UG/M3,1 Hr,Valid
Embassy Kathmandu,PM2.5 - Principal,2018-02-19 07:00 PM,2018,2,19,19,75.5,161,Unhealthy,77.0,UG/M3,1 Hr,Valid
Embassy Kathmandu,PM2.5 - Principal,2018-02-19 08:00 PM,2018,2,19,20,74.7,161,Unhealthy,74.0,UG/M3,1 Hr,Valid
Embassy Kathmandu,PM2.5 - Principal,2018-02-19 09:00 PM,2018,2,19,21,80.8,164,Unhealthy,87.0,UG/M3,1 Hr,Valid
Embassy Kathmandu,PM2.5 - Principal,2018-02-19 10:00 PM,2018,2,19,22,84.4,166,Unhealthy,88.0,UG/M3,1 Hr,Valid
Embassy Kathmandu,PM2.5 - Principal,2018-02-19 11:00 PM,2018,2,19,23,90.7,169,Unhealthy,97.0,UG/M3,1 Hr,Valid
Embassy Kathmandu,PM2.5 - Principal,2018-02-20 12:00 AM,2018,2,20,0,91.8,170,Unhealthy,93.0,UG/M3,1 Hr,Valid
Embassy Kathmandu,PM2.5 - Principal,2018-02-20 01:00 AM,2018,2,20,1,84.4,166,Unhealthy,77.0,UG/M3,1 Hr,Valid
Embassy Kathmandu,PM2.5 - Principal,2018-02-20 02:00 AM,2018,2,20,2,80.7,164,Unhealthy,77.0,UG/M3,1 Hr,Valid
Embassy Kathmandu,PM2.5 - Principal,2018-02-20 03:00 AM,2018,2,20,3,78.8,163,Unhealthy,74.0,UG/M3,1 Hr,Valid
Embassy Kathmandu,PM2.5 - Principal,2018-02-20 04:00 AM,2018,2,20,4,79.5,163,Unhealthy,76.0,UG/M3,1 Hr,Valid
Embassy Kathmandu,PM2.5 - Principal,2018-02-20 05:00 AM,2018,2,20,5,81.5,164,Unhealthy,87.0,UG/M3,1 Hr,Valid
Embassy Kathmandu,PM2.5 - Principal,2018-02-20 06:00 AM,2018,2,20,6,93.3,171,Unhealthy,115.0,UG/M3,1 Hr,Valid
Embassy Kathmandu,PM2.5 - Principal,2018-02-20 07:00 AM,2018,2,20,7,97.9,173,Unhealthy,106.0,UG/M3,1 Hr,Valid
Embassy Kathmandu,PM2.5 - Principal,2018-02-20 08:00 AM,2018,2,20,8,127.1,188,Unhealthy,152.0,UG/M3,1 Hr,Valid
Embassy Kathmandu,PM2.5 - Principal,2018-02-20 09:00 AM,2018,2,20,9,127.1,188,Unhealthy,-999.0,UG/M3,1 Hr,Missing
Embassy Kathmandu,PM2.5 - Principal,2018-02-20 10:00 AM,2018,2,20,10,127.1,188,Unhealthy,-999.0,UG/M3,1 Hr,Missing
Embassy Kathmandu,PM2.5 - Principal,2018-02-20 11:00 AM,2018,2,20,11,127.1,188,Unhealthy,-999.0,UG/M3,1 Hr,Missing
Embassy Kathmandu,PM2.5 - Principal,2018-02-20 12:00 PM,2018,2,20,12,127.1,188,Unhealthy,-999.0,UG/M3,1 Hr,Missing
Embassy Kathmandu,PM2.5 - Principal,2018-02-27 04:00 AM,2018,2,27,4,-999.0,-999,,-1.0,UG/M3,1 Hr,Valid
Embassy Kathmandu,PM2.5 - Principal,2018-02-27 05:00 AM,2018,2,27,5,-999.0,-999,,0.0,UG/M3,1 Hr,Valid
Embassy Kathmandu,PM2.5 - Principal,2018-02-27 06:00 AM,2018,2,27,6,0.4,2,Good,1.0,UG/M3,1 Hr,Valid
Embassy Kathmandu,PM2.5 - Principal,2018-02-27 07:00 AM,2018,2,27,7,0.7,3,Good,1.0,UG/M3,1 Hr,Valid
Embassy Kathmandu,PM2.5 - Principal,2018-02-27 08:00 AM,2018,2,27,8,1.3,5,Good,2.0,UG/M3,1 Hr,Valid
Embassy Kathmandu,PM2.5 - Principal,2018-02-27 09:00 AM,2018,2,27,9,1.6,7,Good,2.0,UG/M3,1 Hr,Valid
Embassy Kathmandu,PM2.5 - Principal,2018-02-27 10:00 AM,2018,2,27,10,1.8,8,Good,2.0,UG/M3,1 Hr,Valid
Embassy Kathmandu,PM2.5 - Principal,2018-02-27 11:00 AM,2018,2,27,11,1.8,8,Good,-999.0,UG/M3,1 Hr,Missing
Embassy Kathmandu,PM2.5 - Principal,2018-02-27 12:00 PM,2018,2,27,12,163.0,213,Very Unhealthy,243.0,UG/M3,1 Hr,Suspect
Embassy Kathmandu,PM2.5 - Principal,2018-02-27 01:00 PM,2018,2,27,13,117.2,183,Unhealthy,83.0,UG/M3,1 Hr,Valid
Embassy Kathmandu,PM2.5 - Principal,2018-02-27 02:00 PM,2018,2,27,14,95.2,171,Unhealthy,76.0,UG/M3,1 Hr,Valid
Embassy Kathmandu,PM2.5 - Principal,2018-02-27 03:00 PM,2018,2,27,15,84.7,166,Unhealthy,75.0,UG/M3,1 Hr,Valid
Embassy Kathmandu,PM2.5 - Principal,2018-02-27 04:00 PM,2018,2,27,16,81.3,164,Unhealthy,78.0,UG/M3,1 Hr,Valid
Embassy Kathmandu,PM2.5 - Principal,2018-02-27 05:00 PM,2018,2,27,17,79.6,163,Unhealthy,78.0,UG/M3,1 Hr,Valid
Embassy Kathmandu,PM2.5 - Principal,2018-02-27 06:00 PM,2018,2,27,18,76.8,162,Unhealthy,74.0,UG/M3,1 Hr,Valid
Embassy Kathmandu,PM2.5 - Principal,2018-02-27 07:00 PM,2018,2,27,19,76.9,162,Unhealthy,77.0,UG/M3,1 Hr,Valid
Embassy Kathmandu,PM2.5 - Principal,2018-02-27 08:00 PM,2018,2,27,20,72.9,160,Unhealthy,69.0,UG/M3,1 Hr,Valid
Embassy Kathmandu,PM2.5 - Principal,2018-02-27 09:00 PM,2018,2,27,21,68.9,158,Unhealthy,65.0,UG/M3,1 Hr,Valid
Embassy Kathmandu,PM2.5 - Principal,2018-02-27 10:00 PM,2018,2,27,22,71.5,159,Unhealthy,74.0,UG/M3,1 Hr,Valid
Embassy Kathmandu,PM2.5 - Principal,2018-02-27 11:00 PM,2018,2,27,23,74.7,161,Unhealthy,78.0,UG/M3,1 Hr,Valid
Embassy Kathmandu,PM2.5 - Principal,2018-02-28 12:00 AM,2018,2,28,0,76.6,162,Unhealthy,85.0,UG/M3,1 Hr,Valid
Embassy Kathmandu,PM2.5 - Principal,2018-02-28 01:00 AM,2018,2,28,1,77.6,162,Unhealthy,81.0,UG/M3,1 Hr,Valid
Embassy Kathmandu,PM2.5 - Principal,2018-02-28 02:00 AM,2018,2,28,2,76.7,162,Unhealthy,74.0,UG/M3,1 Hr,Valid
Embassy Kathmandu,PM2.5 - Principal,2018-02-28 03:00 AM,2018,2,28,3,77.1,162,Unhealthy,78.0,UG/M3,1 Hr,Valid
Embassy Kathmandu,PM2.5 - Principal,2018-02-28 04:00 AM,2018,2,28,4,80.8,164,Unhealthy,90.0,UG/M3,1 Hr,Valid
Embassy Kathmandu,PM2.5 - Principal,2018-02-28 05:00 AM,2018,2,28,5,83.4,165,Unhealthy,90.0,UG/M3,1 Hr,Valid
Embassy Kathmandu,PM2.5 - Principal,2018-02-28 06:00 AM,2018,2,28,6,89.1,168,Unhealthy,98.0,UG/M3,1 Hr,Valid
Embassy Kathmandu,PM2.5 - Principal,2018-02-28 07:00 AM,2018,2,28,7,97.5,173,Unhealthy,108.0,UG/M3,1 Hr,Valid
Embassy Kathmandu,PM2.5 - Principal,2018-02-28 08:00 AM,2018,2,28,8,103.4,176,Unhealthy,111.0,UG/M3,1 Hr,Valid
Embassy Kathmandu,PM2.5 - Principal,2018-02-28 09:00 AM,2018,2,28,9,100.2,174,Unhealthy,99.0,UG/M3,1 Hr,Valid
Embassy Kathmandu,PM2.5 - Principal,2018-02-28 10:00 AM,2018,2,28,10,100.3,174,Unhealthy,985.0,UG/M3,1 Hr,Invalid
Embassy Kathmandu,PM2.5 - Principal,2018-02-28 11:00 AM,2018,2,28,11,90.7,169,Unhealthy,78.0,UG/M3,1 Hr,Valid
Embassy Kathmandu,PM2.5 - Principal,2018-02-28 12:00 PM,2018,2,28,12,80.4,164,Unhealthy,69.0,UG/M3,1 Hr,Valid
Embassy Kathmandu,PM2.5 - Principal,2018-02-28 01:00 PM,2018,2,28,13,66.4,157,Unhealthy,57.0,UG/M3,1 Hr,Valid
Embassy Kathmandu,PM2.5 - Principal,2018-02-28 02:00 PM,2018,2,28,14,57.2,152,Unhealthy,49.0,UG/M3,1 Hr,Valid
Embassy Kathmandu,PM2.5 - Principal,2018-02-28 03:00 PM,2018,2,28,15,57.1,152,Unhealthy,57.0,UG/M3,1 Hr,Valid
Embassy Kathmandu,PM2.5 - Principal,2018-02-28 04:00 PM,2018,2,28,16,55.0,149,Unhealthy for Sensitive Groups,53.0,UG/M3,1 Hr,Valid
Embassy Kathmandu,PM2.5 - Principal,2018-02-28 05:00 PM,2018,2,28,17,57.5,152,Unhealthy,60.0,UG/M3,1 Hr,Valid
Embassy Kathmandu,PM2.5 - Principal,2018-02-28 06:00 PM,2018,2,28,18,64.2,155,Unhealthy,71.0,UG/M3,1 Hr,Valid
Embassy Kathmandu,PM2.5 - Principal,2018-02-28 07:00 PM,2018,2,28,19,69.6,158,Unhealthy,75.0,UG/M3,1 Hr,Valid
Embassy Kathmandu,PM2.5 - Principal,2018-02-28 08:00 PM,2018,2,28,20,72.8,160,Unhealthy,76.0,UG/M3,1 Hr,Valid
Embassy Kathmandu,PM2.5 - Principal,2018-02-28 09:00 PM,2018,2,28,21,72.5,160,Unhealthy,76.0,UG/M3,1 Hr,Valid
Embassy Kathmandu,PM2.5 - Principal,2018-02-28 10:00 PM,2018,2,28,22,73.8,160,Unhealthy,76.0,UG/M3,1 Hr,Valid
Embassy Kathmandu,PM2.5 - Principal,2018-02-28 11:00 PM,2018,2,28,23,71.5,159,Unhealthy,68.0,UG/M3,1 Hr,Valid
Embassy Kathmandu,PM2.5 - Principal,2018-03-01 12:00 AM,2018,3,1,0,72.4,160,Unhealthy,74.0,UG/M3,1 Hr,Valid
Embassy Kathmandu,PM2.5 - Principal,2018-03-01 01:00 AM,2018,3,1,1,73.3,160,Unhealthy,75.0,UG/M3,1 Hr,Valid
Embassy Kathmandu,PM2.5 - Principal,2018-03-01 02:00 AM,2018,3,1,2,73.4,160,Unhealthy,74.0,UG/M3,1 Hr,Valid
Embassy Kathmandu,PM2.5 - Principal,2018-03-01 03:00 AM,2018,3,1,3,69.3,158,Unhealthy,60.0,UG/M3,1 Hr,Valid
Embassy Kathmandu,PM2.5 - Principal,2018-03-01 04:00 AM,2018,3,1,4,70.5,159,Unhealthy,71.0,UG/M3,1 Hr,Valid
Embassy Kathmandu,PM2.5 - Principal,2018-03-01 05:00 AM,2018,3,1,5,71.9,159,Unhealthy,76.0,UG/M3,1 Hr,Valid
Embassy Kathmandu,PM2.5 - Principal,2018-03-01 06:00 AM,2018,3,1,6,91.4,170,Unhealthy,113.0,UG/M3,1 Hr,Valid
Embassy Kathmandu,PM2.5 - Principal,2018-03-01 07:00 AM,2018,3,1,7,99.6,174,Unhealthy,109.0,UG/M3,1 Hr,Valid
Embassy Kathmandu,PM2.5 - Principal,2018-03-01 08:00 AM,2018,3,1,8,111.9,180,Unhealthy,123.0,UG/M3,1 Hr,Valid
Embassy Kathmandu,PM2.5 - Principal,2018-03-01 09:00 AM,2018,3,1,9,127.9,188,Unhealthy,144.0,UG/M3,1 Hr,Valid
Embassy Kathmandu,PM2.5 - Principal,2018-03-01 10:00 AM,2018,3,1,10,140.0,195,Unhealthy,152.0,UG/M3,1 Hr,Valid
Embassy Kathmandu,PM2.5 - Principal,2018-03-01 11:00 AM,2018,3,1,11,121.0,185,Unhealthy,102.0,UG/M3,1 Hr,Valid
Embassy Kathmandu,PM2.5 - Principal,2018-03-01 12:00 PM,2018,3,1,12,102.0,175,Unhealthy,83.0,UG/M3,1 Hr,Valid
Embassy Kathmandu,PM2.5 - Principal,2018-03-01 01:00 PM,2018,3,1,13,81.4,164,Unhealthy,61.0,UG/M3,1 Hr,Valid
Embassy Kathmandu,PM2.5 - Principal,2018-03-01 02:00 PM,2018,3,1,14,71.7,159,Unhealthy,62.0,UG/M3,1 Hr,Valid
Embassy Kathmandu,PM2.5 - Principal,2018-03-01 03:00 PM,2018,3,1,15,71.3,159,Unhealthy,71.0,UG/M3,1 Hr,Valid
Embassy Kathmandu,PM2.5 - Principal,2018-03-01 04:00 PM,2018,3,1,16,70.1,159,Unhealthy,69.0,UG/M3,1 Hr,Valid
Embassy Kathmandu,PM2.5 - Principal,2018-03-01 05:00 PM,2018,3,1,17,74.0,161,Unhealthy,78.0,UG/M3,1 Hr,Valid
Embassy Kathmandu,PM2.5 - Principal,2018-03-01 06:00 PM,2018,3,1,18,75.5,161,Unhealthy,77.0,UG/M3,1 Hr,Valid
Embassy Kathmandu,PM2.5 - Principal,2018-03-01 07:00 PM,2018,3,1,19,77.2,162,Unhealthy,79.0,UG/M3,1 Hr,Valid
Embassy Kathmandu,PM2.5 - Principal,2018-03-01 08:00 PM,2018,3,1,20,80.6,164,Unhealthy,84.0,UG/M3,1 Hr,Valid
Embassy Kathmandu,PM2.5 - Principal,2018-03-01 09:00 PM,2018,3,1,21,84.8,166,Unhealthy,89.0,UG/M3,1 Hr,Valid
Embassy Kathmandu,PM2.5 - Principal,2018-03-01 10:00 PM,2018,3,1,22,89.2,168,Unhealthy,98.0,UG/M3,1 Hr,Valid
Embassy Kathmandu,PM2.5 - Principal,2018-03-01 11:00 PM,2018,3,1,23,90.6,169,Unhealthy,94.0,UG/M3,1 Hr,Valid
Embassy Kathmandu,PM2.5 - Principal,2018-03-02 12:00 AM,2018,3,2,0,92.6,170,Unhealthy,96.0,UG/M3,1 Hr,Valid
Embassy Kathmandu,PM2.5 - Principal,2018-03-02 01:00 AM,2018,3,2,1,91.9,170,Unhealthy,91.0,UG/M3,1 Hr,Valid
Embassy Kathmandu,PM2.5 - Principal,2018-03-02 02:00 AM,2018,3,2,2,86.6,167,Unhealthy,76.0,UG/M3,1 Hr,Valid
Embassy Kathmandu,PM2.5 - Principal,2018-03-02 03:00 AM,2018,3,2,3,86.2,167,Unhealthy,85.0,UG/M3,1 Hr,Valid
Embassy Kathmandu,PM2.5 - Principal,2018-03-02 04:00 AM,2018,3,2,4,84.9,166,Unhealthy,79.0,UG/M3,1 Hr,Valid
Embassy Kathmandu,PM2.5 - Principal,2018-03-02 05:00 AM,2018,3,2,5,82.8,165,Unhealthy,76.0,UG/M3,1 Hr,Valid
Embassy Kathmandu,PM2.5 - Principal,2018-03-02 06:00 AM,2018,3,2,6,83.2,165,Unhealthy,84.0,UG/M3,1 Hr,Valid
Embassy Kathmandu,PM2.5 - Principal,2018-03-02 07:00 AM,2018,3,2,7,89.3,168,Unhealthy,106.0,UG/M3,1 Hr,Valid
Embassy Kathmandu,PM2.5 - Principal,2018-03-02 08:00 AM,2018,3,2,8,130.8,190,Unhealthy,168.0,UG/M3,1 Hr,Valid
Embassy Kathmandu,PM2.5 - Principal,2018-03-02 09:00 AM,2018,3,2,9,144.4,197,Unhealthy,158.0,UG/M3,1 Hr,Valid
Embassy Kathmandu,PM2.5 - Principal,2018-03-02 10:00 AM,2018,3,2,10,144.4,197,Unhealthy,985.0,UG/M3,1 Hr,Invalid
Embassy Kathmandu,PM2.5 - Principal,2018-03-02 11:00 AM,2018,3,2,11,116.1,182,Unhealthy,102.0,UG/M3,1 Hr,Valid
Embassy Kathmandu,PM2.5 - Principal,2018-03-02 12:00 PM,2018,3,2,12,109.7,179,Unhealthy,105.0,UG/M3,1 Hr,Valid
Embassy Kathmandu,PM2.5 - Principal,2018-03-02 01:00 PM,2018,3,2,13,105.6,177,Unhealthy,102.0,UG/M3,1 Hr,Valid
Embassy Kathmandu,PM2.5 - Principal,2018-03-02 02:00 PM,2018,3,2,14,78.9,163,Unhealthy,54.0,UG/M3,1 Hr,Valid
Embassy Kathmandu,PM2.5 - Principal,2018-03-02 03:00 PM,2018,3,2,15,67.3,157,Unhealthy,56.0,UG/M3,1 Hr,Valid
Embassy Kathmandu,PM2.5 - Principal,2018-03-02 04:00 PM,2018,3,2,16,151.8,202,Very Unhealthy,235.0,UG/M3,1 Hr,Valid
Embassy Kathmandu,PM2.5 - Principal,2018-03-02 05:00 PM,2018,3,2,17,106.2,177,Unhealthy,61.0,UG/M3,1 Hr,Valid
Embassy Kathmandu,PM2.5 - Principal,2018-03-02 06:00 PM,2018,3,2,18,84.5,166,Unhealthy,63.0,UG/M3,1 Hr,Valid
Embassy Kathmandu,PM2.5 - Principal,2018-03-02 07:00 PM,2018,3,2,19,66.7,157,Unhealthy,49.0,UG/M3,1 Hr,Valid
Embassy Kathmandu,PM2.5 - Principal,2018-03-02 08:00 PM,2018,3,2,20,42.8,119,Unhealthy for Sensitive Groups,19.0,UG/M3,1 Hr,Valid
Embassy Kathmandu,PM2.5 - Principal,2018-03-02 09:00 PM,2018,3,2,21,33.4,96,Moderate,24.0,UG/M3,1 Hr,Valid
Embassy Kathmandu,PM2.5 - Principal,2018-03-02 10:00 PM,2018,3,2,22,32.2,93,Moderate,31.0,UG/M3,1 Hr,Valid
Embassy Kathmandu,PM2.5 - Principal,2018-03-02 11:00 PM,2018,3,2,23,34.0,97,Moderate,36.0,UG/M3,1 Hr,Valid
Embassy Kathmandu,PM2.5 - Principal,2018-03-03 12:00 AM,2018,3,3,0,34.0,97,Moderate,21.0,UG/M3,1 Hr,Invalid
Embassy Kathmandu,PM2.5 - Principal,2018-03-03 01:00 AM,2018,3,3,1,-999.0,-999,,21.0,UG/M3,1 Hr,Invalid
Embassy Kathmandu,PM2.5 - Principal,2018-03-03 02:00 AM,2018,3,3,2,-999.0,-999,,21.0,UG/M3,1 Hr,Invalid
Embassy Kathmandu,PM2.5 - Principal,2018-03-03 03:00 AM,2018,3,3,3,-999.0,-999,,21.0,UG/M3,1 Hr,Invalid
Embassy Kathmandu,PM2.5 - Principal,2018-03-03 04:00 AM,2018,3,3,4,-999.0,-999,,23.0,UG/M3,1 Hr,Valid
Embassy Kathmandu,PM2.5 - Principal,2018-03-03 05:00 AM,2018,3,3,5,27.7,84,Moderate,30.0,UG/M3,1 Hr,Valid
Embassy Kathmandu,PM2.5 - Principal,2018-03-03 06:00 AM,2018,3,3,6,31.2,91,Moderate,34.0,UG/M3,1 Hr,Valid
Embassy Kathmandu,PM2.5 - Principal,2018-03-03 07:00 AM,2018,3,3,7,38.5,108,Unhealthy for Sensitive Groups,45.0,UG/M3,1 Hr,Valid
Embassy Kathmandu,PM2.5 - Principal,2018-03-03 08:00 AM,2018,3,3,8,56.3,151,Unhealthy,73.0,UG/M3,1 Hr,Valid
Embassy Kathmandu,PM2.5 - Principal,2018-03-03 09:00 AM,2018,3,3,9,52.0,142,Unhealthy for Sensitive Groups,48.0,UG/M3,1 Hr,Valid
Embassy Kathmandu,PM2.5 - Principal,2018-03-03 10:00 AM,2018,3,3,10,50.5,138,Unhealthy for Sensitive Groups,49.0,UG/M3,1 Hr,Valid
Embassy Kathmandu,PM2.5 - Principal,2018-03-03 11:00 AM,2018,3,3,11,39.2,110,Unhealthy for Sensitive Groups,28.0,UG/M3,1 Hr,Valid
Embassy Kathmandu,PM2.5 - Principal,2018-03-03 12:00 PM,2018,3,3,12,41.1,115,Unhealthy for Sensitive Groups,43.0,UG/M3,1 Hr,Valid
Embassy Kathmandu,PM2.5 - Principal,2018-03-03 01:00 PM,2018,3,3,13,39.5,111,Unhealthy for Sensitive Groups,38.0,UG/M3,1 Hr,Valid
Embassy Kathmandu,PM2.5 - Principal,2018-03-03 02:00 PM,2018,3,3,14,31.2,91,Moderate,23.0,UG/M3,1 Hr,Valid
Embassy Kathmandu,PM2.5 - Principal,2018-03-03 03:00 PM,2018,3,3,15,32.6,94,Moderate,34.0,UG/M3,1 Hr,Valid
Embassy Kathmandu,PM2.5 - Principal,2018-03-03 04:00 PM,2018,3,3,16,35.8,102,Unhealthy for Sensitive Groups,39.0,UG/M3,1 Hr,Valid
Embassy Kathmandu,PM2.5 - Principal,2018-03-03 05:00 PM,2018,3,3,17,38.9,109,Unhealthy for Sensitive Groups,42.0,UG/M3,1 Hr,Valid
Embassy Kathmandu,PM2.5 - Principal,2018-03-03 06:00 PM,2018,3,3,18,46.9,129,Unhealthy for Sensitive Groups,55.0,UG/M3,1 Hr,Valid
Embassy Kathmandu,PM2.5 - Principal,2018-03-03 07:00 PM,2018,3,3,19,52.4,143,Unhealthy for Sensitive Groups,58.0,UG/M3,1 Hr,Valid
Embassy Kathmandu,PM2.5 - Principal,2018-03-03 08:00 PM,2018,3,3,20,61.2,154,Unhealthy,70.0,UG/M3,1 Hr,Valid
Embassy Kathmandu,PM2.5 - Principal,2018-03-03 09:00 PM,2018,3,3,21,65.1,156,Unhealthy,69.0,UG/M3,1 Hr,Valid
Embassy Kathmandu,PM2.5 - Principal,2018-03-03 10:00 PM,2018,3,3,22,67.0,157,Unhealthy,69.0,UG/M3,1 Hr,Valid
Embassy Kathmandu,PM2.5 - Principal,2018-03-03 11:00 PM,2018,3,3,23,60.5,154,Unhealthy,54.0,UG/M3,1 Hr,Valid
Embassy Kathmandu,PM2.5 - Principal,2018-03-04 12:00 AM,2018,3,4,0,65.2,156,Unhealthy,70.0,UG/M3,1 Hr,Valid
Embassy Kathmandu,PM2.5 - Principal,2018-03-04 01:00 AM,2018,3,4,1,58.6,153,Unhealthy,52.0,UG/M3,1 Hr,Valid
Embassy Kathmandu,PM2.5 - Principal,2018-03-04 02:00 AM,2018,3,4,2,58.8,153,Unhealthy,59.0,UG/M3,1 Hr,Valid
Embassy Kathmandu,PM2.5 - Principal,2018-03-04 03:00 AM,2018,3,4,3,55.0,149,Unhealthy for Sensitive Groups,50.0,UG/M3,1 Hr,Valid
Embassy Kathmandu,PM2.5 - Principal,2018-03-04 04:00 AM,2018,3,4,4,50.9,139,Unhealthy for Sensitive Groups,44.0,UG/M3,1 Hr,Valid
Embassy Kathmandu,PM2.5 - Principal,2018-03-04 05:00 AM,2018,3,4,5,65.9,156,Unhealthy,84.0,UG/M3,1 Hr,Valid
Embassy Kathmandu,PM2.5 - Principal,2018-03-04 06:00 AM,2018,3,4,6,68.3,158,Unhealthy,71.0,UG/M3,1 Hr,Valid
Embassy Kathmandu,PM2.5 - Principal,2018-03-04 07:00 AM,2018,3,4,7,83.4,165,Unhealthy,98.0,UG/M3,1 Hr,Valid
Embassy Kathmandu,PM2.5 - Principal,2018-03-04 08:00 AM,2018,3,4,8,102.2,175,Unhealthy,121.0,UG/M3,1 Hr,Valid
Embassy Kathmandu,PM2.5 - Principal,2018-03-04 09:00 AM,2018,3,4,9,134.6,192,Unhealthy,167.0,UG/M3,1 Hr,Valid
Embassy Kathmandu,PM2.5 - Principal,2018-03-04 10:00 AM,2018,3,4,10,141.3,195,Unhealthy,148.0,UG/M3,1 Hr,Valid
Embassy Kathmandu,PM2.5 - Principal,2018-03-04 11:00 AM,2018,3,4,11,120.6,185,Unhealthy,100.0,UG/M3,1 Hr,Valid
Embassy Kathmandu,PM2.5 - Principal,2018-03-04 12:00 PM,2018,3,4,12,89.3,168,Unhealthy,58.0,UG/M3,1 Hr,Valid
Embassy Kathmandu,PM2.5 - Principal,2018-03-04 01:00 PM,2018,3,4,13,58.6,153,Unhealthy,28.0,UG/M3,1 Hr,Valid
Embassy Kathmandu,PM2.5 - Principal,2018-03-04 02:00 PM,2018,3,4,14,40.3,113,Unhealthy for Sensitive Groups,22.0,UG/M3,1 Hr,Valid
Embassy Kathmandu,PM2.5 - Principal,2018-03-04 03:00 PM,2018,3,4,15,36.6,104,Unhealthy for Sensitive Groups,33.0,UG/M3,1 Hr,Valid
Embassy Kathmandu,PM2.5 - Principal,2018-03-04 04:00 PM,2018,3,4,16,37.8,107,Unhealthy for Sensitive Groups,39.0,UG/M3,1 Hr,Valid
Embassy Kathmandu,PM2.5 - Principal,2018-03-04 05:00 PM,2018,3,4,17,42.4,118,Unhealthy for Sensitive Groups,47.0,UG/M3,1 Hr,Valid
Embassy Kathmandu,PM2.5 - Principal,2018-03-04 06:00 PM,2018,3,4,18,48.7,134,Unhealthy for Sensitive Groups,55.0,UG/M3,1 Hr,Valid
Embassy Kathmandu,PM2.5 - Principal,2018-03-04 07:00 PM,2018,3,4,19,53.3,145,Unhealthy for Sensitive Groups,58.0,UG/M3,1 Hr,Valid
Embassy Kathmandu,PM2.5 - Principal,2018-03-04 08:00 PM,2018,3,4,20,60.6,154,Unhealthy,68.0,UG/M3,1 Hr,Valid
Embassy Kathmandu,PM2.5 - Principal,2018-03-04 09:00 PM,2018,3,4,21,67.3,157,Unhealthy,74.0,UG/M3,1 Hr,Valid
Embassy Kathmandu,PM2.5 - Principal,2018-03-04 10:00 PM,2018,3,4,22,74.1,161,Unhealthy,81.0,UG/M3,1 Hr,Valid
Embassy Kathmandu,PM2.5 - Principal,2018-03-04 11:00 PM,2018,3,4,23,79.0,163,Unhealthy,84.0,UG/M3,1 Hr,Valid
Embassy Kathmandu,PM2.5 - Principal,2018-03-05 12:00 AM,2018,3,5,0,76.0,162,Unhealthy,73.0,UG/M3,1 Hr,Valid
Embassy Kathmandu,PM2.5 - Principal,2018-03-05 01:00 AM,2018,3,5,1,67.0,157,Unhealthy,58.0,UG/M3,1 Hr,Valid
Embassy Kathmandu,PM2.5 - Principal,2018-03-05 02:00 AM,2018,3,5,2,58.5,153,Unhealthy,50.0,UG/M3,1 Hr,Valid
Embassy Kathmandu,PM2.5 - Principal,2018-03-05 03:00 AM,2018,3,5,3,56.2,151,Unhealthy,54.0,UG/M3,1 Hr,Valid
Embassy Kathmandu,PM2.5 - Principal,2018-03-05 04:00 AM,2018,3,5,4,50.6,138,Unhealthy for Sensitive Groups,44.0,UG/M3,1 Hr,Valid
Embassy Kathmandu,PM2.5 - Principal,2018-03-05 05:00 AM,2018,3,5,5,50.8,139,Unhealthy for Sensitive Groups,51.0,UG/M3,1 Hr,Valid
Embassy Kathmandu,PM2.5 - Principal,2018-03-05 06:00 AM,2018,3,5,6,58.5,153,Unhealthy,67.0,UG/M3,1 Hr,Valid
Embassy Kathmandu,PM2.5 - Principal,2018-03-05 07:00 AM,2018,3,5,7,73.3,160,Unhealthy,88.0,UG/M3,1 Hr,Valid
Embassy Kathmandu,PM2.5 - Principal,2018-03-05 08:00 AM,2018,3,5,8,95.7,172,Unhealthy,118.0,UG/M3,1 Hr,Valid
Embassy Kathmandu,PM2.5 - Principal,2018-03-05 09:00 AM,2018,3,5,9,121.3,185,Unhealthy,147.0,UG/M3,1 Hr,Valid
Embassy Kathmandu,PM2.5 - Principal,2018-03-05 10:00 AM,2018,3,5,10,140.6,195,Unhealthy,160.0,UG/M3,1 Hr,Valid
Embassy Kathmandu,PM2.5 - Principal,2018-03-05 11:00 AM,2018,3,5,11,100.8,174,Unhealthy,61.0,UG/M3,1 Hr,Valid
Embassy Kathmandu,PM2.5 - Principal,2018-03-05 12:00 PM,2018,3,5,12,60.9,154,Unhealthy,21.0,UG/M3,1 Hr,Valid
Embassy Kathmandu,PM2.5 - Principal,2018-03-05 01:00 PM,2018,3,5,13,40.4,113,Unhealthy for Sensitive Groups,20.0,UG/M3,1 Hr,Valid
Embassy Kathmandu,PM2.5 - Principal,2018-03-05 02:00 PM,2018,3,5,14,30.2,89,Moderate,20.0,UG/M3,1 Hr,Valid
Embassy Kathmandu,PM2.5 - Principal,2018-03-05 03:00 PM,2018,3,5,15,28.6,86,Moderate,27.0,UG/M3,1 Hr,Valid
Embassy Kathmandu,PM2.5 - Principal,2018-03-05 04:00 PM,2018,3,5,16,28.8,86,Moderate,29.0,UG/M3,1 Hr,Valid
Embassy Kathmandu,PM2.5 - Principal,2018-03-05 05:00 PM,2018,3,5,17,29.3,87,Moderate,30.0,UG/M3,1 Hr,Valid
Embassy Kathmandu,PM2.5 - Principal,2018-03-05 06:00 PM,2018,3,5,18,29.6,88,Moderate,30.0,UG/M3,1 Hr,Valid
Embassy Kathmandu,PM2.5 - Principal,2018-03-05 07:00 PM,2018,3,5,19,37.3,105,Unhealthy for Sensitive Groups,45.0,UG/M3,1 Hr,Valid
Embassy Kathmandu,PM2.5 - Principal,2018-03-05 08:00 PM,2018,3,5,20,40.1,112,Unhealthy for Sensitive Groups,43.0,UG/M3,1 Hr,Valid
Embassy Kathmandu,PM2.5 - Principal,2018-03-05 09:00 PM,2018,3,5,21,42.5,118,Unhealthy for Sensitive Groups,45.0,UG/M3,1 Hr,Valid
Embassy Kathmandu,PM2.5 - Principal,2018-03-05 10:00 PM,2018,3,5,22,44.2,122,Unhealthy for Sensitive Groups,46.0,UG/M3,1 Hr,Valid
Embassy Kathmandu,PM2.5 - Principal,2018-03-05 11:00 PM,2018,3,5,23,43.1,120,Unhealthy for Sensitive Groups,42.0,UG/M3,1 Hr,Valid
Embassy Kathmandu,PM2.5 - Principal,2018-03-06 12:00 AM,2018,3,6,0,40.5,113,Unhealthy for Sensitive Groups,38.0,UG/M3,1 Hr,Valid
Embassy Kathmandu,PM2.5 - Principal,2018-03-06 01:00 AM,2018,3,6,1,40.2,113,Unhealthy for Sensitive Groups,40.0,UG/M3,1 Hr,Valid
Embassy Kathmandu,PM2.5 - Principal,2018-03-06 02:00 AM,2018,3,6,2,40.2,113,Unhealthy for Sensitive Groups,40.0,UG/M3,1 Hr,Valid
Embassy Kathmandu,PM2.5 - Principal,2018-03-06 03:00 AM,2018,3,6,3,42.0,117,Unhealthy for Sensitive Groups,45.0,UG/M3,1 Hr,Valid
Embassy Kathmandu,PM2.5 - Principal,2018-03-06 04:00 AM,2018,3,6,4,36.6,104,Unhealthy for Sensitive Groups,28.0,UG/M3,1 Hr,Valid
Embassy Kathmandu,PM2.5 - Principal,2018-03-06 05:00 AM,2018,3,6,5,30.0,89,Moderate,24.0,UG/M3,1 Hr,Valid
Embassy Kathmandu,PM2.5 - Principal,2018-03-06 06:00 AM,2018,3,6,6,33.8,97,Moderate,38.0,UG/M3,1 Hr,Valid
Embassy Kathmandu,PM2.5 - Principal,2018-03-06 07:00 AM,2018,3,6,7,50.4,138,Unhealthy for Sensitive Groups,67.0,UG/M3,1 Hr,Valid
Embassy Kathmandu,PM2.5 - Principal,2018-03-06 08:00 AM,2018,3,6,8,71.2,159,Unhealthy,92.0,UG/M3,1 Hr,Valid
Embassy Kathmandu,PM2.5 - Principal,2018-03-06 09:00 AM,2018,3,6,9,73.1,160,Unhealthy,75.0,UG/M3,1 Hr,Valid
Embassy Kathmandu,PM2.5 - Principal,2018-03-06 10:00 AM,2018,3,6,10,83.5,165,Unhealthy,94.0,UG/M3,1 Hr,Valid
Embassy Kathmandu,PM2.5 - Principal,2018-03-06 11:00 AM,2018,3,6,11,65.2,156,Unhealthy,47.0,UG/M3,1 Hr,Valid
Embassy Kathmandu,PM2.5 - Principal,2018-03-06 12:00 PM,2018,3,6,12,45.6,126,Unhealthy for Sensitive Groups,26.0,UG/M3,1 Hr,Valid
Embassy Kathmandu,PM2.5 - Principal,2018-03-06 01:00 PM,2018,3,6,13,40.3,113,Unhealthy for Sensitive Groups,35.0,UG/M3,1 Hr,Valid
Embassy Kathmandu,PM2.5 - Principal,2018-03-06 02:00 PM,2018,3,6,14,35.6,101,Unhealthy for Sensitive Groups,31.0,UG/M3,1 Hr,Valid
Embassy Kathmandu,PM2.5 - Principal,2018-03-06 03:00 PM,2018,3,6,15,32.3,93,Moderate,29.0,UG/M3,1 Hr,Valid
Embassy Kathmandu,PM2.5 - Principal,2018-03-06 04:00 PM,2018,3,6,16,33.6,96,Moderate,35.0,UG/M3,1 Hr,Valid
Embassy Kathmandu,PM2.5 - Principal,2018-03-06 05:00 PM,2018,3,6,17,34.3,98,Moderate,35.0,UG/M3,1 Hr,Valid
Embassy Kathmandu,PM2.5 - Principal,2018-03-06 06:00 PM,2018,3,6,18,38.6,109,Unhealthy for Sensitive Groups,43.0,UG/M3,1 Hr,Valid
Embassy Kathmandu,PM2.5 - Principal,2018-03-06 07:00 PM,2018,3,6,19,46.3,128,Unhealthy for Sensitive Groups,54.0,UG/M3,1 Hr,Valid
Embassy Kathmandu,PM2.5 - Principal,2018-03-06 08:00 PM,2018,3,6,20,56.6,152,Unhealthy,67.0,UG/M3,1 Hr,Valid
Embassy Kathmandu,PM2.5 - Principal,2018-03-06 09:00 PM,2018,3,6,21,60.8,154,Unhealthy,65.0,UG/M3,1 Hr,Valid
Embassy Kathmandu,PM2.5 - Principal,2018-03-06 10:00 PM,2018,3,6,22,63.9,155,Unhealthy,67.0,UG/M3,1 Hr,Valid
Embassy Kathmandu,PM2.5 - Principal,2018-03-06 11:00 PM,2018,3,6,23,57.9,152,Unhealthy,52.0,UG/M3,1 Hr,Valid
Embassy Kathmandu,PM2.5 - Principal,2018-03-07 12:00 AM,2018,3,7,0,54.9,149,Unhealthy for Sensitive Groups,52.0,UG/M3,1 Hr,Valid
Embassy Kathmandu,PM2.5 - Principal,2018-03-07 01:00 AM,2018,3,7,1,60.9,154,Unhealthy,67.0,UG/M3,1 Hr,Valid
Embassy Kathmandu,PM2.5 - Principal,2018-03-07 02:00 AM,2018,3,7,2,54.4,148,Unhealthy for Sensitive Groups,48.0,UG/M3,1 Hr,Valid
Embassy Kathmandu,PM2.5 - Principal,2018-03-07 03:00 AM,2018,3,7,3,48.1,132,Unhealthy for Sensitive Groups,41.0,UG/M3,1 Hr,Valid
Embassy Kathmandu,PM2.5 - Principal,2018-03-07 04:00 AM,2018,3,7,4,48.5,133,Unhealthy for Sensitive Groups,49.0,UG/M3,1 Hr,Valid
Embassy Kathmandu,PM2.5 - Principal,2018-03-07 05:00 AM,2018,3,7,5,48.5,133,Unhealthy for Sensitive Groups,47.0,UG/M3,1 Hr,Valid
Embassy Kathmandu,PM2.5 - Principal,2018-03-07 06:00 AM,2018,3,7,6,49.1,134,Unhealthy for Sensitive Groups,50.0,UG/M3,1 Hr,Valid
Embassy Kathmandu,PM2.5 - Principal,2018-03-07 07:00 AM,2018,3,7,7,72.4,160,Unhealthy,96.0,UG/M3,1 Hr,Valid
Embassy Kathmandu,PM2.5 - Principal,2018-03-07 08:00 AM,2018,3,7,8,88.2,168,Unhealthy,104.0,UG/M3,1 Hr,Valid
Embassy Kathmandu,PM2.5 - Principal,2018-03-07 09:00 AM,2018,3,7,9,106.1,177,Unhealthy,124.0,UG/M3,1 Hr,Valid
Embassy Kathmandu,PM2.5 - Principal,2018-03-07 10:00 AM,2018,3,7,10,288.6,339,Hazardous,471.0,UG/M3,1 Hr,Valid
Embassy Kathmandu,PM2.5 - Principal,2018-03-07 11:00 AM,2018,3,7,11,171.3,222,Very Unhealthy,54.0,UG/M3,1 Hr,Valid
Embassy Kathmandu,PM2.5 - Principal,2018-03-07 12:00 PM,2018,3,7,12,107.1,178,Unhealthy,43.0,UG/M3,1 Hr,Valid
Embassy Kathmandu,PM2.5 - Principal,2018-03-07 01:00 PM,2018,3,7,13,77.5,162,Unhealthy,48.0,UG/M3,1 Hr,Valid
Embassy Kathmandu,PM2.5 - Principal,2018-03-07 02:00 PM,2018,3,7,14,61.7,154,Unhealthy,46.0,UG/M3,1 Hr,Valid
Embassy Kathmandu,PM2.5 - Principal,2018-03-07 03:00 PM,2018,3,7,15,56.8,152,Unhealthy,52.0,UG/M3,1 Hr,Valid
Embassy Kathmandu,PM2.5 - Principal,2018-03-07 04:00 PM,2018,3,7,16,52.4,143,Unhealthy for Sensitive Groups,48.0,UG/M3,1 Hr,Valid
Embassy Kathmandu,PM2.5 - Principal,2018-03-07 05:00 PM,2018,3,7,17,59.2,153,Unhealthy,66.0,UG/M3,1 Hr,Valid
Embassy Kathmandu,PM2.5 - Principal,2018-03-07 06:00 PM,2018,3,7,18,60.1,153,Unhealthy,61.0,UG/M3,1 Hr,Valid
Embassy Kathmandu,PM2.5 - Principal,2018-03-07 07:00 PM,2018,3,7,19,64.5,156,Unhealthy,69.0,UG/M3,1 Hr,Valid
Embassy Kathmandu,PM2.5 - Principal,2018-03-07 08:00 PM,2018,3,7,20,73.2,160,Unhealthy,82.0,UG/M3,1 Hr,Valid
Embassy Kathmandu,PM2.5 - Principal,2018-03-07 09:00 PM,2018,3,7,21,84.6,166,Unhealthy,96.0,UG/M3,1 Hr,Valid
Embassy Kathmandu,PM2.5 - Principal,2018-03-07 10:00 PM,2018,3,7,22,85.7,167,Unhealthy,87.0,UG/M3,1 Hr,Valid
Embassy Kathmandu,PM2.5 - Principal,2018-03-07 11:00 PM,2018,3,7,23,88.3,168,Unhealthy,91.0,UG/M3,1 Hr,Valid
Embassy Kathmandu,PM2.5 - Principal,2018-03-08 12:00 AM,2018,3,8,0,82.6,165,Unhealthy,77.0,UG/M3,1 Hr,Valid
Embassy Kathmandu,PM2.5 - Principal,2018-03-08 01:00 AM,2018,3,8,1,79.8,164,Unhealthy,77.0,UG/M3,1 Hr,Valid
Embassy Kathmandu,PM2.5 - Principal,2018-03-08 02:00 AM,2018,3,8,2,74.9,161,Unhealthy,70.0,UG/M3,1 Hr,Valid
Embassy Kathmandu,PM2.5 - Principal,2018-03-08 03:00 AM,2018,3,8,3,73.4,160,Unhealthy,72.0,UG/M3,1 Hr,Valid
Embassy Kathmandu,PM2.5 - Principal,2018-03-08 04:00 AM,2018,3,8,4,88.9,168,Unhealthy,108.0,UG/M3,1 Hr,Valid
Embassy Kathmandu,PM2.5 - Principal,2018-03-08 05:00 AM,2018,3,8,5,96.3,172,Unhealthy,106.0,UG/M3,1 Hr,Valid
Embassy Kathmandu,PM2.5 - Principal,2018-03-08 06:00 AM,2018,3,8,6,98.3,173,Unhealthy,106.0,UG/M3,1 Hr,Valid
Embassy Kathmandu,PM2.5 - Principal,2018-03-08 07:00 AM,2018,3,8,7,98.8,173,Unhealthy,100.0,UG/M3,1 Hr,Valid
Embassy Kathmandu,PM2.5 - Principal,2018-03-08 08:00 AM,2018,3,8,8,120.5,185,Unhealthy,140.0,UG/M3,1 Hr,Valid
Embassy Kathmandu,PM2.5 - Principal,2018-03-08 09:00 AM,2018,3,8,9,150.2,200,Unhealthy,180.0,UG/M3,1 Hr,Valid
Embassy Kathmandu,PM2.5 - Principal,2018-03-08 10:00 AM,2018,3,8,10,128.1,188,Unhealthy,106.0,UG/M3,1 Hr,Valid
Embassy Kathmandu,PM2.5 - Principal,2018-03-08 11:00 AM,2018,3,8,11,111.5,180,Unhealthy,95.0,UG/M3,1 Hr,Valid
Embassy Kathmandu,PM2.5 - Principal,2018-03-08 12:00 PM,2018,3,8,12,98.2,173,Unhealthy,85.0,UG/M3,1 Hr,Valid
Embassy Kathmandu,PM2.5 - Principal,2018-03-08 01:00 PM,2018,3,8,13,90.1,169,Unhealthy,82.0,UG/M3,1 Hr,Valid
Embassy Kathmandu,PM2.5 - Principal,2018-03-08 02:00 PM,2018,3,8,14,88.0,168,Unhealthy,86.0,UG/M3,1 Hr,Valid
Embassy Kathmandu,PM2.5 - Principal,2018-03-08 03:00 PM,2018,3,8,15,82.0,165,Unhealthy,76.0,UG/M3,1 Hr,Valid
Embassy Kathmandu,PM2.5 - Principal,2018-03-08 04:00 PM,2018,3,8,16,75.5,161,Unhealthy,69.0,UG/M3,1 Hr,Valid
Embassy Kathmandu,PM2.5 - Principal,2018-03-08 05:00 PM,2018,3,8,17,73.2,160,Unhealthy,71.0,UG/M3,1 Hr,Valid
Embassy Kathmandu,PM2.5 - Principal,2018-03-08 06:00 PM,2018,3,8,18,74.1,161,Unhealthy,75.0,UG/M3,1 Hr,Valid
Embassy Kathmandu,PM2.5 - Principal,2018-03-08 07:00 PM,2018,3,8,19,77.0,162,Unhealthy,80.0,UG/M3,1 Hr,Valid
Embassy Kathmandu,PM2.5 - Principal,2018-03-08 08:00 PM,2018,3,8,20,73.5,160,Unhealthy,70.0,UG/M3,1 Hr,Valid
Embassy Kathmandu,PM2.5 - Principal,2018-03-08 09:00 PM,2018,3,8,21,69.5,158,Unhealthy,63.0,UG/M3,1 Hr,Valid
Embassy Kathmandu,PM2.5 - Principal,2018-03-08 10:00 PM,2018,3,8,22,66.3,157,Unhealthy,60.0,UG/M3,1 Hr,Valid
Embassy Kathmandu,PM2.5 - Principal,2018-03-08 11:00 PM,2018,3,8,23,67.3,157,Unhealthy,67.0,UG/M3,1 Hr,Valid
Embassy Kathmandu,PM2.5 - Principal,2018-03-09 12:00 AM,2018,3,9,0,70.5,159,Unhealthy,78.0,UG/M3,1 Hr,Valid
Embassy Kathmandu,PM2.5 - Principal,2018-03-09 01:00 AM,2018,3,9,1,70.9,159,Unhealthy,72.0,UG/M3,1 Hr,Valid
Embassy Kathmandu,PM2.5 - Principal,2018-03-09 02:00 AM,2018,3,9,2,68.1,158,Unhealthy,61.0,UG/M3,1 Hr,Valid
Embassy Kathmandu,PM2.5 - Principal,2018-03-09 03:00 AM,2018,3,9,3,67.0,157,Unhealthy,64.0,UG/M3,1 Hr,Valid
Embassy Kathmandu,PM2.5 - Principal,2018-03-09 04:00 AM,2018,3,9,4,68.0,157,Unhealthy,71.0,UG/M3,1 Hr,Valid
Embassy Kathmandu,PM2.5 - Principal,2018-03-09 05:00 AM,2018,3,9,5,67.2,157,Unhealthy,65.0,UG/M3,1 Hr,Valid
Embassy Kathmandu,PM2.5 - Principal,2018-03-09 06:00 AM,2018,3,9,6,66.3,157,Unhealthy,64.0,UG/M3,1 Hr,Valid
Embassy Kathmandu,PM2.5 - Principal,2018-03-09 07:00 AM,2018,3,9,7,88.4,168,Unhealthy,114.0,UG/M3,1 Hr,Valid
Embassy Kathmandu,PM2.5 - Principal,2018-03-09 08:00 AM,2018,3,9,8,108.8,179,Unhealthy,128.0,UG/M3,1 Hr,Valid
Embassy Kathmandu,PM2.5 - Principal,2018-03-09 09:00 AM,2018,3,9,9,129.9,189,Unhealthy,151.0,UG/M3,1 Hr,Valid
Embassy Kathmandu,PM2.5 - Principal,2018-03-09 10:00 AM,2018,3,9,10,151.9,202,Very Unhealthy,174.0,UG/M3,1 Hr,Valid
Embassy Kathmandu,PM2.5 - Principal,2018-03-09 11:00 AM,2018,3,9,11,129.4,189,Unhealthy,107.0,UG/M3,1 Hr,Valid
Embassy Kathmandu,PM2.5 - Principal,2018-03-09 12:00 PM,2018,3,9,12,105.7,177,Unhealthy,82.0,UG/M3,1 Hr,Valid
Embassy Kathmandu,PM2.5 - Principal,2018-03-09 01:00 PM,2018,3,9,13,86.3,167,Unhealthy,67.0,UG/M3,1 Hr,Valid
Embassy Kathmandu,PM2.5 - Principal,2018-03-09 02:00 PM,2018,3,9,14,67.1,157,Unhealthy,48.0,UG/M3,1 Hr,Valid
Embassy Kathmandu,PM2.5 - Principal,2018-03-09 03:00 PM,2018,3,9,15,57.0,152,Unhealthy,47.0,UG/M3,1 Hr,Valid
Embassy Kathmandu,PM2.5 - Principal,2018-03-09 04:00 PM,2018,3,9,16,53.0,144,Unhealthy for Sensitive Groups,49.0,UG/M3,1 Hr,Valid
Embassy Kathmandu,PM2.5 - Principal,2018-03-09 05:00 PM,2018,3,9,17,54.0,147,Unhealthy for Sensitive Groups,55.0,UG/M3,1 Hr,Valid
Embassy Kathmandu,PM2.5 - Principal,2018-03-09 06:00 PM,2018,3,9,18,52.5,143,Unhealthy for Sensitive Groups,51.0,UG/M3,1 Hr,Valid
Embassy Kathmandu,PM2.5 - Principal,2018-03-09 07:00 PM,2018,3,9,19,50.2,137,Unhealthy for Sensitive Groups,48.0,UG/M3,1 Hr,Valid
Embassy Kathmandu,PM2.5 - Principal,2018-03-09 08:00 PM,2018,3,9,20,50.1,137,Unhealthy for Sensitive Groups,50.0,UG/M3,1 Hr,Valid
Embassy Kathmandu,PM2.5 - Principal,2018-03-09 09:00 PM,2018,3,9,21,54.0,147,Unhealthy for Sensitive Groups,58.0,UG/M3,1 Hr,Valid
Embassy Kathmandu,PM2.5 - Principal,2018-03-09 10:00 PM,2018,3,9,22,59.5,153,Unhealthy,65.0,UG/M3,1 Hr,Valid
Embassy Kathmandu,PM2.5 - Principal,2018-03-09 11:00 PM,2018,3,9,23,61.6,154,Unhealthy,66.0,UG/M3,1 Hr,Valid
Embassy Kathmandu,PM2.5 - Principal,2018-03-10 12:00 AM,2018,3,10,0,60.1,153,Unhealthy,62.0,UG/M3,1 Hr,Valid
Embassy Kathmandu,PM2.5 - Principal,2018-03-10 01:00 AM,2018,3,10,1,60.5,154,Unhealthy,62.0,UG/M3,1 Hr,Valid
Embassy Kathmandu,PM2.5 - Principal,2018-03-10 02:00 AM,2018,3,10,2,62.2,154,Unhealthy,66.0,UG/M3,1 Hr,Valid
Embassy Kathmandu,PM2.5 - Principal,2018-03-10 03:00 AM,2018,3,10,3,65.4,156,Unhealthy,71.0,UG/M3,1 Hr,Valid
Embassy Kathmandu,PM2.5 - Principal,2018-03-10 04:00 AM,2018,3,10,4,63.0,155,Unhealthy,58.0,UG/M3,1 Hr,Valid
Embassy Kathmandu,PM2.5 - Principal,2018-03-10 05:00 AM,2018,3,10,5,59.1,153,Unhealthy,51.0,UG/M3,1 Hr,Valid
Embassy Kathmandu,PM2.5 - Principal,2018-03-10 06:00 AM,2018,3,10,6,61.4,154,Unhealthy,66.0,UG/M3,1 Hr,Valid
Embassy Kathmandu,PM2.5 - Principal,2018-03-10 07:00 AM,2018,3,10,7,80.7,164,Unhealthy,100.0,UG/M3,1 Hr,Valid
Embassy Kathmandu,PM2.5 - Principal,2018-03-10 08:00 AM,2018,3,10,8,103.3,176,Unhealthy,126.0,UG/M3,1 Hr,Valid
Embassy Kathmandu,PM2.5 - Principal,2018-03-10 09:00 AM,2018,3,10,9,120.6,185,Unhealthy,138.0,UG/M3,1 Hr,Valid
Embassy Kathmandu,PM2.5 - Principal,2018-03-10 10:00 AM,2018,3,10,10,115.8,182,Unhealthy,111.0,UG/M3,1 Hr,Valid
Embassy Kathmandu,PM2.5 - Principal,2018-03-10 11:00 AM,2018,3,10,11,96.9,172,Unhealthy,78.0,UG/M3,1 Hr,Valid
Embassy Kathmandu,PM2.5 - Principal,2018-03-10 12:00 PM,2018,3,10,12,70.9,159,Unhealthy,45.0,UG/M3,1 Hr,Valid
Embassy Kathmandu,PM2.5 - Principal,2018-03-10 01:00 PM,2018,3,10,13,55.9,151,Unhealthy,41.0,UG/M3,1 Hr,Valid
Embassy Kathmandu,PM2.5 - Principal,2018-03-10 02:00 PM,2018,3,10,14,49.9,136,Unhealthy for Sensitive Groups,44.0,UG/M3,1 Hr,Valid
Embassy Kathmandu,PM2.5 - Principal,2018-03-10 03:00 PM,2018,3,10,15,65.4,156,Unhealthy,81.0,UG/M3,1 Hr,Valid
Embassy Kathmandu,PM2.5 - Principal,2018-03-10 04:00 PM,2018,3,10,16,66.7,157,Unhealthy,68.0,UG/M3,1 Hr,Valid
Embassy Kathmandu,PM2.5 - Principal,2018-03-10 05:00 PM,2018,3,10,17,64.8,156,Unhealthy,63.0,UG/M3,1 Hr,Valid
Embassy Kathmandu,PM2.5 - Principal,2018-03-10 06:00 PM,2018,3,10,18,71.4,159,Unhealthy,78.0,UG/M3,1 Hr,Valid
Embassy Kathmandu,PM2.5 - Principal,2018-03-10 07:00 PM,2018,3,10,19,86.7,167,Unhealthy,102.0,UG/M3,1 Hr,Valid
Embassy Kathmandu,PM2.5 - Principal,2018-03-10 08:00 PM,2018,3,10,20,91.8,170,Unhealthy,97.0,UG/M3,1 Hr,Valid
Embassy Kathmandu,PM2.5 - Principal,2018-03-10 09:00 PM,2018,3,10,21,91.9,170,Unhealthy,92.0,UG/M3,1 Hr,Valid
Embassy Kathmandu,PM2.5 - Principal,2018-03-10 10:00 PM,2018,3,10,22,91.4,170,Unhealthy,91.0,UG/M3,1 Hr,Valid
Embassy Kathmandu,PM2.5 - Principal,2018-03-10 11:00 PM,2018,3,10,23,92.2,170,Unhealthy,93.0,UG/M3,1 Hr,Valid
Embassy Kathmandu,PM2.5 - Principal,2018-03-11 12:00 AM,2018,3,11,0,93.6,171,Unhealthy,95.0,UG/M3,1 Hr,Valid
Embassy Kathmandu,PM2.5 - Principal,2018-03-11 01:00 AM,2018,3,11,1,86.8,167,Unhealthy,80.0,UG/M3,1 Hr,Valid
Embassy Kathmandu,PM2.5 - Principal,2018-03-11 03:00 AM,2018,3,11,3,86.8,167,Unhealthy,85.0,UG/M3,1 Hr,Valid
Embassy Kathmandu,PM2.5 - Principal,2018-03-11 03:00 AM,2018,3,11,3,94.0,171,Unhealthy,105.0,UG/M3,1 Hr,Valid
Embassy Kathmandu,PM2.5 - Principal,2018-03-11 04:00 AM,2018,3,11,4,89.2,168,Unhealthy,82.0,UG/M3,1 Hr,Valid
Embassy Kathmandu,PM2.5 - Principal,2018-03-11 05:00 AM,2018,3,11,5,91.5,170,Unhealthy,96.0,UG/M3,1 Hr,Valid
Embassy Kathmandu,PM2.5 - Principal,2018-03-11 06:00 AM,2018,3,11,6,99.8,174,Unhealthy,117.0,UG/M3,1 Hr,Valid
Embassy Kathmandu,PM2.5 - Principal,2018-03-11 07:00 AM,2018,3,11,7,99.8,174,Unhealthy,100.0,UG/M3,1 Hr,Valid
Embassy Kathmandu,PM2.5 - Principal,2018-03-11 08:00 AM,2018,3,11,8,131.1,190,Unhealthy,160.0,UG/M3,1 Hr,Valid
Embassy Kathmandu,PM2.5 - Principal,2018-03-11 09:00 AM,2018,3,11,9,165.6,216,Very Unhealthy,200.0,UG/M3,1 Hr,Valid
Embassy Kathmandu,PM2.5 - Principal,2018-03-11 10:00 AM,2018,3,11,10,173.3,224,Very Unhealthy,181.0,UG/M3,1 Hr,Valid
Embassy Kathmandu,PM2.5 - Principal,2018-03-11 11:00 AM,2018,3,11,11,150.6,201,Very Unhealthy,128.0,UG/M3,1 Hr,Valid
Embassy Kathmandu,PM2.5 - Principal,2018-03-11 12:00 PM,2018,3,11,12,139.8,195,Unhealthy,129.0,UG/M3,1 Hr,Valid
Embassy Kathmandu,PM2.5 - Principal,2018-03-11 01:00 PM,2018,3,11,13,130.4,190,Unhealthy,121.0,UG/M3,1 Hr,Valid
Embassy Kathmandu,PM2.5 - Principal,2018-03-11 02:00 PM,2018,3,11,14,117.2,183,Unhealthy,104.0,UG/M3,1 Hr,Valid
Embassy Kathmandu,PM2.5 - Principal,2018-03-11 03:00 PM,2018,3,11,15,104.6,176,Unhealthy,92.0,UG/M3,1 Hr,Valid
Embassy Kathmandu,PM2.5 - Principal,2018-03-11 04:00 PM,2018,3,11,16,98.8,173,Unhealthy,93.0,UG/M3,1 Hr,Valid
Embassy Kathmandu,PM2.5 - Principal,2018-03-11 05:00 PM,2018,3,11,17,86.3,167,Unhealthy,74.0,UG/M3,1 Hr,Valid
Embassy Kathmandu,PM2.5 - Principal,2018-03-11 06:00 PM,2018,3,11,18,81.6,164,Unhealthy,77.0,UG/M3,1 Hr,Valid
Embassy Kathmandu,PM2.5 - Principal,2018-03-11 07:00 PM,2018,3,11,19,81.8,165,Unhealthy,82.0,UG/M3,1 Hr,Valid
Embassy Kathmandu,PM2.5 - Principal,2018-03-11 08:00 PM,2018,3,11,20,79.4,163,Unhealthy,77.0,UG/M3,1 Hr,Valid
Embassy Kathmandu,PM2.5 - Principal,2018-03-11 09:00 PM,2018,3,11,21,81.6,164,Unhealthy,84.0,UG/M3,1 Hr,Valid
Embassy Kathmandu,PM2.5 - Principal,2018-03-11 10:00 PM,2018,3,11,22,78.0,163,Unhealthy,73.0,UG/M3,1 Hr,Valid
Embassy Kathmandu,PM2.5 - Principal,2018-03-11 11:00 PM,2018,3,11,23,71.8,159,Unhealthy,66.0,UG/M3,1 Hr,Valid
Embassy Kathmandu,PM2.5 - Principal,2018-03-12 12:00 AM,2018,3,12,0,64.8,156,Unhealthy,58.0,UG/M3,1 Hr,Valid
Embassy Kathmandu,PM2.5 - Principal,2018-03-12 01:00 AM,2018,3,12,1,78.4,163,Unhealthy,94.0,UG/M3,1 Hr,Valid
Embassy Kathmandu,PM2.5 - Principal,2018-03-12 02:00 AM,2018,3,12,2,77.0,162,Unhealthy,76.0,UG/M3,1 Hr,Valid
Embassy Kathmandu,PM2.5 - Principal,2018-03-12 03:00 AM,2018,3,12,3,80.8,164,Unhealthy,87.0,UG/M3,1 Hr,Valid
Embassy Kathmandu,PM2.5 - Principal,2018-03-12 04:00 AM,2018,3,12,4,78.1,163,Unhealthy,74.0,UG/M3,1 Hr,Valid
Embassy Kathmandu,PM2.5 - Principal,2018-03-12 05:00 AM,2018,3,12,5,76.9,162,Unhealthy,75.0,UG/M3,1 Hr,Valid
Embassy Kathmandu,PM2.5 - Principal,2018-03-12 06:00 AM,2018,3,12,6,86.0,167,Unhealthy,99.0,UG/M3,1 Hr,Valid
Embassy Kathmandu,PM2.5 - Principal,2018-03-12 07:00 AM,2018,3,12,7,88.5,168,Unhealthy,92.0,UG/M3,1 Hr,Valid
Embassy Kathmandu,PM2.5 - Principal,2018-03-12 08:00 AM,2018,3,12,8,95.6,172,Unhealthy,104.0,UG/M3,1 Hr,Valid
Embassy Kathmandu,PM2.5 - Principal,2018-03-12 09:00 AM,2018,3,12,9,113.4,181,Unhealthy,130.0,UG/M3,1 Hr,Valid
Embassy Kathmandu,PM2.5 - Principal,2018-03-12 10:00 AM,2018,3,12,10,108.2,178,Unhealthy,103.0,UG/M3,1 Hr,Valid
Embassy Kathmandu,PM2.5 - Principal,2018-03-12 11:00 AM,2018,3,12,11,94.1,171,Unhealthy,80.0,UG/M3,1 Hr,Valid
Embassy Kathmandu,PM2.5 - Principal,2018-03-12 12:00 PM,2018,3,12,12,90.5,169,Unhealthy,84.0,UG/M3,1 Hr,Valid
Embassy Kathmandu,PM2.5 - Principal,2018-03-12 01:00 PM,2018,3,12,13,79.9,164,Unhealthy,69.0,UG/M3,1 Hr,Valid
Embassy Kathmandu,PM2.5 - Principal,2018-03-12 02:00 PM,2018,3,12,14,70.5,159,Unhealthy,62.0,UG/M3,1 Hr,Valid
Embassy Kathmandu,PM2.5 - Principal,2018-03-12 03:00 PM,2018,3,12,15,64.2,155,Unhealthy,58.0,UG/M3,1 Hr,Valid
Embassy Kathmandu,PM2.5 - Principal,2018-03-12 04:00 PM,2018,3,12,16,66.6,157,Unhealthy,69.0,UG/M3,1 Hr,Valid
Embassy Kathmandu,PM2.5 - Principal,2018-03-12 05:00 PM,2018,3,12,17,67.3,157,Unhealthy,68.0,UG/M3,1 Hr,Valid
Embassy Kathmandu,PM2.5 - Principal,2018-03-12 06:00 PM,2018,3,12,18,60.6,154,Unhealthy,54.0,UG/M3,1 Hr,Valid
Embassy Kathmandu,PM2.5 - Principal,2018-03-12 07:00 PM,2018,3,12,19,59.3,153,Unhealthy,58.0,UG/M3,1 Hr,Valid
Embassy Kathmandu,PM2.5 - Principal,2018-03-12 08:00 PM,2018,3,12,20,67.6,157,Unhealthy,76.0,UG/M3,1 Hr,Valid
Embassy Kathmandu,PM2.5 - Principal,2018-03-12 09:00 PM,2018,3,12,21,63.8,155,Unhealthy,60.0,UG/M3,1 Hr,Valid
Embassy Kathmandu,PM2.5 - Principal,2018-03-12 10:00 PM,2018,3,12,22,64.7,156,Unhealthy,66.0,UG/M3,1 Hr,Valid
Embassy Kathmandu,PM2.5 - Principal,2018-03-12 11:00 PM,2018,3,12,23,63.3,155,Unhealthy,61.0,UG/M3,1 Hr,Valid
Embassy Kathmandu,PM2.5 - Principal,2018-03-13 12:00 AM,2018,3,13,0,56.4,151,Unhealthy,46.0,UG/M3,1 Hr,Valid
Embassy Kathmandu,PM2.5 - Principal,2018-03-13 01:00 AM,2018,3,13,1,55.8,151,Unhealthy,55.0,UG/M3,1 Hr,Valid
Embassy Kathmandu,PM2.5 - Principal,2018-03-13 02:00 AM,2018,3,13,2,55.8,151,Unhealthy,56.0,UG/M3,1 Hr,Valid
Embassy Kathmandu,PM2.5 - Principal,2018-03-13 03:00 AM,2018,3,13,3,56.3,151,Unhealthy,57.0,UG/M3,1 Hr,Valid
Embassy Kathmandu,PM2.5 - Principal,2018-03-13 04:00 AM,2018,3,13,4,58.1,152,Unhealthy,61.0,UG/M3,1 Hr,Valid
Embassy Kathmandu,PM2.5 - Principal,2018-03-13 05:00 AM,2018,3,13,5,59.6,153,Unhealthy,62.0,UG/M3,1 Hr,Valid
Embassy Kathmandu,PM2.5 - Principal,2018-03-13 06:00 AM,2018,3,13,6,59.0,153,Unhealthy,58.0,UG/M3,1 Hr,Valid
Embassy Kathmandu,PM2.5 - Principal,2018-03-13 07:00 AM,2018,3,13,7,66.2,157,Unhealthy,77.0,UG/M3,1 Hr,Valid
Embassy Kathmandu,PM2.5 - Principal,2018-03-13 08:00 AM,2018,3,13,8,93.5,171,Unhealthy,119.0,UG/M3,1 Hr,Valid
Embassy Kathmandu,PM2.5 - Principal,2018-03-13 09:00 AM,2018,3,13,9,101.7,175,Unhealthy,110.0,UG/M3,1 Hr,Valid
Embassy Kathmandu,PM2.5 - Principal,2018-03-13 10:00 AM,2018,3,13,10,101.7,175,Unhealthy,662.0,UG/M3,1 Hr,Invalid
Embassy Kathmandu,PM2.5 - Principal,2018-03-13 11:00 AM,2018,3,13,11,81.2,164,Unhealthy,71.0,UG/M3,1 Hr,Valid
Embassy Kathmandu,PM2.5 - Principal,2018-03-13 12:00 PM,2018,3,13,12,83.9,166,Unhealthy,86.0,UG/M3,1 Hr,Valid
Embassy Kathmandu,PM2.5 - Principal,2018-03-13 01:00 PM,2018,3,13,13,90.9,169,Unhealthy,97.0,UG/M3,1 Hr,Valid
Embassy Kathmandu,PM2.5 - Principal,2018-03-13 02:00 PM,2018,3,13,14,80.6,164,Unhealthy,71.0,UG/M3,1 Hr,Valid
Embassy Kathmandu,PM2.5 - Principal,2018-03-13 03:00 PM,2018,3,13,15,70.6,159,Unhealthy,61.0,UG/M3,1 Hr,Valid
Embassy Kathmandu,PM2.5 - Principal,2018-03-13 04:00 PM,2018,3,13,16,69.8,158,Unhealthy,69.0,UG/M3,1 Hr,Valid
Embassy Kathmandu,PM2.5 - Principal,2018-03-13 05:00 PM,2018,3,13,17,72.4,160,Unhealthy,75.0,UG/M3,1 Hr,Valid
Embassy Kathmandu,PM2.5 - Principal,2018-03-13 06:00 PM,2018,3,13,18,77.6,162,Unhealthy,83.0,UG/M3,1 Hr,Valid
Embassy Kathmandu,PM2.5 - Principal,2018-03-13 07:00 PM,2018,3,13,19,80.7,164,Unhealthy,84.0,UG/M3,1 Hr,Valid
Embassy Kathmandu,PM2.5 - Principal,2018-03-13 08:00 PM,2018,3,13,20,80.2,164,Unhealthy,278.0,UG/M3,1 Hr,Invalid
Embassy Kathmandu,PM2.5 - Principal,2018-03-13 09:00 PM,2018,3,13,21,80.6,164,Unhealthy,82.0,UG/M3,1 Hr,Valid
Embassy Kathmandu,PM2.5 - Principal,2018-03-13 10:00 PM,2018,3,13,22,80.8,164,Unhealthy,81.0,UG/M3,1 Hr,Valid
Embassy Kathmandu,PM2.5 - Principal,2018-03-13 11:00 PM,2018,3,13,23,84.5,166,Unhealthy,90.0,UG/M3,1 Hr,Valid
Embassy Kathmandu,PM2.5 - Principal,2018-03-14 12:00 AM,2018,3,14,0,85.9,167,Unhealthy,88.0,UG/M3,1 Hr,Valid
Embassy Kathmandu,PM2.5 - Principal,2018-03-14 01:00 AM,2018,3,14,1,82.8,165,Unhealthy,78.0,UG/M3,1 Hr,Valid
Embassy Kathmandu,PM2.5 - Principal,2018-03-14 02:00 AM,2018,3,14,2,81.9,165,Unhealthy,80.0,UG/M3,1 Hr,Valid
Embassy Kathmandu,PM2.5 - Principal,2018-03-14 03:00 AM,2018,3,14,3,80.0,164,Unhealthy,74.0,UG/M3,1 Hr,Valid
Embassy Kathmandu,PM2.5 - Principal,2018-03-14 04:00 AM,2018,3,14,4,78.2,163,Unhealthy,71.0,UG/M3,1 Hr,Valid
Embassy Kathmandu,PM2.5 - Principal,2018-03-14 05:00 AM,2018,3,14,5,79.1,163,Unhealthy,82.0,UG/M3,1 Hr,Valid
Embassy Kathmandu,PM2.5 - Principal,2018-03-14 06:00 AM,2018,3,14,6,81.1,164,Unhealthy,88.0,UG/M3,1 Hr,Valid
Embassy Kathmandu,PM2.5 - Principal,2018-03-14 07:00 AM,2018,3,14,7,92.9,170,Unhealthy,112.0,UG/M3,1 Hr,Valid
Embassy Kathmandu,PM2.5 - Principal,2018-03-14 08:00 AM,2018,3,14,8,119.0,184,Unhealthy,141.0,UG/M3,1 Hr,Valid
Embassy Kathmandu,PM2.5 - Principal,2018-03-14 09:00 AM,2018,3,14,9,143.1,196,Unhealthy,167.0,UG/M3,1 Hr,Valid
Embassy Kathmandu,PM2.5 - Principal,2018-03-14 10:00 AM,2018,3,14,10,140.5,195,Unhealthy,138.0,UG/M3,1 Hr,Valid
Embassy Kathmandu,PM2.5 - Principal,2018-03-14 11:00 AM,2018,3,14,11,126.7,188,Unhealthy,113.0,UG/M3,1 Hr,Valid
Embassy Kathmandu,PM2.5 - Principal,2018-03-14 12:00 PM,2018,3,14,12,104.8,176,Unhealthy,83.0,UG/M3,1 Hr,Valid
Embassy Kathmandu,PM2.5 - Principal,2018-03-14 01:00 PM,2018,3,14,13,86.4,167,Unhealthy,68.0,UG/M3,1 Hr,Valid
Embassy Kathmandu,PM2.5 - Principal,2018-03-14 02:00 PM,2018,3,14,14,75.7,161,Unhealthy,65.0,UG/M3,1 Hr,Valid
Embassy Kathmandu,PM2.5 - Principal,2018-03-14 03:00 PM,2018,3,14,15,67.8,157,Unhealthy,60.0,UG/M3,1 Hr,Valid
Embassy Kathmandu,PM2.5 - Principal,2018-03-14 04:00 PM,2018,3,14,16,66.4,157,Unhealthy,65.0,UG/M3,1 Hr,Valid
Embassy Kathmandu,PM2.5 - Principal,2018-03-14 05:00 PM,2018,3,14,17,64.7,156,Unhealthy,63.0,UG/M3,1 Hr,Valid
Embassy Kathmandu,PM2.5 - Principal,2018-03-14 06:00 PM,2018,3,14,18,65.8,156,Unhealthy,67.0,UG/M3,1 Hr,Valid
Embassy Kathmandu,PM2.5 - Principal,2018-03-14 07:00 PM,2018,3,14,19,72.4,160,Unhealthy,79.0,UG/M3,1 Hr,Valid
Embassy Kathmandu,PM2.5 - Principal,2018-03-14 08:00 PM,2018,3,14,20,75.7,161,Unhealthy,79.0,UG/M3,1 Hr,Valid
Embassy Kathmandu,PM2.5 - Principal,2018-03-14 09:00 PM,2018,3,14,21,76.8,162,Unhealthy,78.0,UG/M3,1 Hr,Valid
Embassy Kathmandu,PM2.5 - Principal,2018-03-14 10:00 PM,2018,3,14,22,77.2,162,Unhealthy,78.0,UG/M3,1 Hr,Valid
Embassy Kathmandu,PM2.5 - Principal,2018-03-14 11:00 PM,2018,3,14,23,78.7,163,Unhealthy,86.0,UG/M3,1 Hr,Valid
Embassy Kathmandu,PM2.5 - Principal,2018-03-15 12:00 AM,2018,3,15,0,79.6,163,Unhealthy,82.0,UG/M3,1 Hr,Valid
Embassy Kathmandu,PM2.5 - Principal,2018-03-15 01:00 AM,2018,3,15,1,77.6,162,Unhealthy,73.0,UG/M3,1 Hr,Valid
Embassy Kathmandu,PM2.5 - Principal,2018-03-15 02:00 AM,2018,3,15,2,75.3,161,Unhealthy,70.0,UG/M3,1 Hr,Valid
Embassy Kathmandu,PM2.5 - Principal,2018-03-15 03:00 AM,2018,3,15,3,73.8,160,Unhealthy,69.0,UG/M3,1 Hr,Valid
Embassy Kathmandu,PM2.5 - Principal,2018-03-15 04:00 AM,2018,3,15,4,73.6,160,Unhealthy,73.0,UG/M3,1 Hr,Valid
Embassy Kathmandu,PM2.5 - Principal,2018-03-15 05:00 AM,2018,3,15,5,74.6,161,Unhealthy,76.0,UG/M3,1 Hr,Valid
Embassy Kathmandu,PM2.5 - Principal,2018-03-15 06:00 AM,2018,3,15,6,75.1,161,Unhealthy,76.0,UG/M3,1 Hr,Valid
Embassy Kathmandu,PM2.5 - Principal,2018-03-15 07:00 AM,2018,3,15,7,83.1,165,Unhealthy,101.0,UG/M3,1 Hr,Valid
Embassy Kathmandu,PM2.5 - Principal,2018-03-15 08:00 AM,2018,3,15,8,97.8,173,Unhealthy,116.0,UG/M3,1 Hr,Valid
Embassy Kathmandu,PM2.5 - Principal,2018-03-15 09:00 AM,2018,3,15,9,148.0,199,Unhealthy,194.0,UG/M3,1 Hr,Valid
Embassy Kathmandu,PM2.5 - Principal,2018-03-15 10:00 AM,2018,3,15,10,159.0,209,Very Unhealthy,170.0,UG/M3,1 Hr,Valid
Embassy Kathmandu,PM2.5 - Principal,2018-03-15 11:00 AM,2018,3,15,11,155.5,206,Very Unhealthy,152.0,UG/M3,1 Hr,Valid
Embassy Kathmandu,PM2.5 - Principal,2018-03-15 12:00 PM,2018,3,15,12,114.7,182,Unhealthy,74.0,UG/M3,1 Hr,Valid
Embassy Kathmandu,PM2.5 - Principal,2018-03-15 01:00 PM,2018,3,15,13,84.8,166,Unhealthy,55.0,UG/M3,1 Hr,Valid
Embassy Kathmandu,PM2.5 - Principal,2018-03-15 02:00 PM,2018,3,15,14,69.4,158,Unhealthy,54.0,UG/M3,1 Hr,Valid
Embassy Kathmandu,PM2.5 - Principal,2018-03-15 03:00 PM,2018,3,15,15,56.2,151,Unhealthy,43.0,UG/M3,1 Hr,Valid
Embassy Kathmandu,PM2.5 - Principal,2018-03-15 04:00 PM,2018,3,15,16,51.6,141,Unhealthy for Sensitive Groups,47.0,UG/M3,1 Hr,Valid
Embassy Kathmandu,PM2.5 - Principal,2018-03-15 05:00 PM,2018,3,15,17,52.2,142,Unhealthy for Sensitive Groups,53.0,UG/M3,1 Hr,Valid
Embassy Kathmandu,PM2.5 - Principal,2018-03-15 06:00 PM,2018,3,15,18,59.1,153,Unhealthy,66.0,UG/M3,1 Hr,Valid
Embassy Kathmandu,PM2.5 - Principal,2018-03-15 07:00 PM,2018,3,15,19,69.0,158,Unhealthy,79.0,UG/M3,1 Hr,Valid
Embassy Kathmandu,PM2.5 - Principal,2018-03-15 08:00 PM,2018,3,15,20,80.5,164,Unhealthy,92.0,UG/M3,1 Hr,Valid
Embassy Kathmandu,PM2.5 - Principal,2018-03-15 09:00 PM,2018,3,15,21,81.7,165,Unhealthy,83.0,UG/M3,1 Hr,Valid
Embassy Kathmandu,PM2.5 - Principal,2018-03-15 10:00 PM,2018,3,15,22,94.8,171,Unhealthy,108.0,UG/M3,1 Hr,Valid
Embassy Kathmandu,PM2.5 - Principal,2018-03-15 11:00 PM,2018,3,15,23,90.4,169,Unhealthy,86.0,UG/M3,1 Hr,Valid
Embassy Kathmandu,PM2.5 - Principal,2018-03-16 12:00 AM,2018,3,16,0,83.7,166,Unhealthy,77.0,UG/M3,1 Hr,Valid
Embassy Kathmandu,PM2.5 - Principal,2018-03-16 01:00 AM,2018,3,16,1,76.3,162,Unhealthy,69.0,UG/M3,1 Hr,Valid
Embassy Kathmandu,PM2.5 - Principal,2018-03-16 02:00 AM,2018,3,16,2,53.6,146,Unhealthy for Sensitive Groups,31.0,UG/M3,1 Hr,Valid
Embassy Kathmandu,PM2.5 - Principal,2018-03-16 03:00 AM,2018,3,16,3,35.8,102,Unhealthy for Sensitive Groups,18.0,UG/M3,1 Hr,Valid
Embassy Kathmandu,PM2.5 - Principal,2018-03-16 04:00 AM,2018,3,16,4,31.4,92,Moderate,27.0,UG/M3,1 Hr,Valid
Embassy Kathmandu,PM2.5 - Principal,2018-03-16 05:00 AM,2018,3,16,5,23.2,74,Moderate,15.0,UG/M3,1 Hr,Valid
Embassy Kathmandu,PM2.5 - Principal,2018-03-16 06:00 AM,2018,3,16,6,22.5,73,Moderate,22.0,UG/M3,1 Hr,Valid
Embassy Kathmandu,PM2.5 - Principal,2018-03-16 07:00 AM,2018,3,16,7,26.7,82,Moderate,31.0,UG/M3,1 Hr,Valid
Embassy Kathmandu,PM2.5 - Principal,2018-03-16 08:00 AM,2018,3,16,8,30.8,90,Moderate,35.0,UG/M3,1 Hr,Valid
Embassy Kathmandu,PM2.5 - Principal,2018-03-16 09:00 AM,2018,3,16,9,34.4,98,Moderate,38.0,UG/M3,1 Hr,Valid
Embassy Kathmandu,PM2.5 - Principal,2018-03-16 10:00 AM,2018,3,16,10,37.2,105,Unhealthy for Sensitive Groups,40.0,UG/M3,1 Hr,Valid
Embassy Kathmandu,PM2.5 - Principal,2018-03-16 11:00 AM,2018,3,16,11,38.6,109,Unhealthy for Sensitive Groups,40.0,UG/M3,1 Hr,Valid
Embassy Kathmandu,PM2.5 - Principal,2018-03-16 12:00 PM,2018,3,16,12,33.7,96,Moderate,29.0,UG/M3,1 Hr,Valid
Embassy Kathmandu,PM2.5 - Principal,2018-03-16 01:00 PM,2018,3,16,13,24.8,78,Moderate,16.0,UG/M3,1 Hr,Valid
Embassy Kathmandu,PM2.5 - Principal,2018-03-16 02:00 PM,2018,3,16,14,17.4,62,Moderate,10.0,UG/M3,1 Hr,Valid
Embassy Kathmandu,PM2.5 - Principal,2018-03-16 03:00 PM,2018,3,16,15,15.7,59,Moderate,14.0,UG/M3,1 Hr,Valid
Embassy Kathmandu,PM2.5 - Principal,2018-03-16 04:00 PM,2018,3,16,16,19.3,66,Moderate,23.0,UG/M3,1 Hr,Valid
Embassy Kathmandu,PM2.5 - Principal,2018-03-16 05:00 PM,2018,3,16,17,23.6,75,Moderate,28.0,UG/M3,1 Hr,Valid
Embassy Kathmandu,PM2.5 - Principal,2018-03-16 06:00 PM,2018,3,16,18,28.3,85,Moderate,33.0,UG/M3,1 Hr,Valid
Embassy Kathmandu,PM2.5 - Principal,2018-03-16 07:00 PM,2018,3,16,19,34.6,98,Moderate,41.0,UG/M3,1 Hr,Valid
Embassy Kathmandu,PM2.5 - Principal,2018-03-16 08:00 PM,2018,3,16,20,38.3,108,Unhealthy for Sensitive Groups,42.0,UG/M3,1 Hr,Valid
Embassy Kathmandu,PM2.5 - Principal,2018-03-16 09:00 PM,2018,3,16,21,39.1,110,Unhealthy for Sensitive Groups,40.0,UG/M3,1 Hr,Valid
Embassy Kathmandu,PM2.5 - Principal,2018-03-16 10:00 PM,2018,3,16,22,40.5,113,Unhealthy for Sensitive Groups,42.0,UG/M3,1 Hr,Valid
Embassy Kathmandu,PM2.5 - Principal,2018-03-16 11:00 PM,2018,3,16,23,40.7,114,Unhealthy for Sensitive Groups,41.0,UG/M3,1 Hr,Valid
Embassy Kathmandu,PM2.5 - Principal,2018-03-17 12:00 AM,2018,3,17,0,46.8,129,Unhealthy for Sensitive Groups,53.0,UG/M3,1 Hr,Valid
Embassy Kathmandu,PM2.5 - Principal,2018-03-17 01:00 AM,2018,3,17,1,43.4,120,Unhealthy for Sensitive Groups,40.0,UG/M3,1 Hr,Valid
Embassy Kathmandu,PM2.5 - Principal,2018-03-17 02:00 AM,2018,3,17,2,37.2,105,Unhealthy for Sensitive Groups,31.0,UG/M3,1 Hr,Valid
Embassy Kathmandu,PM2.5 - Principal,2018-03-17 03:00 AM,2018,3,17,3,46.6,128,Unhealthy for Sensitive Groups,56.0,UG/M3,1 Hr,Valid
Embassy Kathmandu,PM2.5 - Principal,2018-03-17 04:00 AM,2018,3,17,4,41.8,117,Unhealthy for Sensitive Groups,37.0,UG/M3,1 Hr,Valid
Embassy Kathmandu,PM2.5 - Principal,2018-03-17 05:00 AM,2018,3,17,5,45.1,125,Unhealthy for Sensitive Groups,49.0,UG/M3,1 Hr,Valid
Embassy Kathmandu,PM2.5 - Principal,2018-03-17 06:00 AM,2018,3,17,6,44.1,122,Unhealthy for Sensitive Groups,43.0,UG/M3,1 Hr,Valid
Embassy Kathmandu,PM2.5 - Principal,2018-03-17 07:00 AM,2018,3,17,7,64.6,156,Unhealthy,85.0,UG/M3,1 Hr,Valid
Embassy Kathmandu,PM2.5 - Principal,2018-03-17 08:00 AM,2018,3,17,8,93.3,171,Unhealthy,122.0,UG/M3,1 Hr,Valid
Embassy Kathmandu,PM2.5 - Principal,2018-03-17 09:00 AM,2018,3,17,9,110.1,179,Unhealthy,127.0,UG/M3,1 Hr,Valid
Embassy Kathmandu,PM2.5 - Principal,2018-03-17 10:00 AM,2018,3,17,10,95.5,172,Unhealthy,81.0,UG/M3,1 Hr,Valid
Embassy Kathmandu,PM2.5 - Principal,2018-03-17 11:00 AM,2018,3,17,11,64.7,156,Unhealthy,34.0,UG/M3,1 Hr,Valid
Embassy Kathmandu,PM2.5 - Principal,2018-03-17 12:00 PM,2018,3,17,12,44.3,123,Unhealthy for Sensitive Groups,24.0,UG/M3,1 Hr,Valid
Embassy Kathmandu,PM2.5 - Principal,2018-03-17 01:00 PM,2018,3,17,13,36.6,104,Unhealthy for Sensitive Groups,29.0,UG/M3,1 Hr,Valid
Embassy Kathmandu,PM2.5 - Principal,2018-03-17 02:00 PM,2018,3,17,14,29.8,88,Moderate,23.0,UG/M3,1 Hr,Valid
Embassy Kathmandu,PM2.5 - Principal,2018-03-17 03:00 PM,2018,3,17,15,38.9,109,Unhealthy for Sensitive Groups,48.0,UG/M3,1 Hr,Valid
Embassy Kathmandu,PM2.5 - Principal,2018-03-17 04:00 PM,2018,3,17,16,49.4,135,Unhealthy for Sensitive Groups,60.0,UG/M3,1 Hr,Valid
Embassy Kathmandu,PM2.5 - Principal,2018-03-17 05:00 PM,2018,3,17,17,56.7,152,Unhealthy,64.0,UG/M3,1 Hr,Valid
Embassy Kathmandu,PM2.5 - Principal,2018-03-17 06:00 PM,2018,3,17,18,64.3,156,Unhealthy,72.0,UG/M3,1 Hr,Valid
Embassy Kathmandu,PM2.5 - Principal,2018-03-17 07:00 PM,2018,3,17,19,67.1,157,Unhealthy,70.0,UG/M3,1 Hr,Valid
Embassy Kathmandu,PM2.5 - Principal,2018-03-17 08:00 PM,2018,3,17,20,72.0,160,Unhealthy,77.0,UG/M3,1 Hr,Valid
Embassy Kathmandu,PM2.5 - Principal,2018-03-17 09:00 PM,2018,3,17,21,70.5,159,Unhealthy,69.0,UG/M3,1 Hr,Valid
Embassy Kathmandu,PM2.5 - Principal,2018-03-17 10:00 PM,2018,3,17,22,67.7,157,Unhealthy,65.0,UG/M3,1 Hr,Valid
Embassy Kathmandu,PM2.5 - Principal,2018-03-17 11:00 PM,2018,3,17,23,66.3,157,Unhealthy,65.0,UG/M3,1 Hr,Valid
Embassy Kathmandu,PM2.5 - Principal,2018-03-18 12:00 AM,2018,3,18,0,70.1,159,Unhealthy,74.0,UG/M3,1 Hr,Valid
Embassy Kathmandu,PM2.5 - Principal,2018-03-18 01:00 AM,2018,3,18,1,64.1,155,Unhealthy,58.0,UG/M3,1 Hr,Valid
Embassy Kathmandu,PM2.5 - Principal,2018-03-18 02:00 AM,2018,3,18,2,64.0,155,Unhealthy,62.0,UG/M3,1 Hr,Valid
Embassy Kathmandu,PM2.5 - Principal,2018-03-18 03:00 AM,2018,3,18,3,65.1,156,Unhealthy,65.0,UG/M3,1 Hr,Valid
Embassy Kathmandu,PM2.5 - Principal,2018-03-18 04:00 AM,2018,3,18,4,64.1,155,Unhealthy,61.0,UG/M3,1 Hr,Valid
Embassy Kathmandu,PM2.5 - Principal,2018-03-18 05:00 AM,2018,3,18,5,65.4,156,Unhealthy,69.0,UG/M3,1 Hr,Valid
Embassy Kathmandu,PM2.5 - Principal,2018-03-18 06:00 AM,2018,3,18,6,67.2,157,Unhealthy,73.0,UG/M3,1 Hr,Valid
Embassy Kathmandu,PM2.5 - Principal,2018-03-18 07:00 AM,2018,3,18,7,79.3,163,Unhealthy,96.0,UG/M3,1 Hr,Valid
Embassy Kathmandu,PM2.5 - Principal,2018-03-18 08:00 AM,2018,3,18,8,121.3,185,Unhealthy,160.0,UG/M3,1 Hr,Valid
Embassy Kathmandu,PM2.5 - Principal,2018-03-18 09:00 AM,2018,3,18,9,144.1,197,Unhealthy,167.0,UG/M3,1 Hr,Valid
Embassy Kathmandu,PM2.5 - Principal,2018-03-18 10:00 AM,2018,3,18,10,130.6,190,Unhealthy,117.0,UG/M3,1 Hr,Valid
Embassy Kathmandu,PM2.5 - Principal,2018-03-18 11:00 AM,2018,3,18,11,102.3,175,Unhealthy,74.0,UG/M3,1 Hr,Valid
Embassy Kathmandu,PM2.5 - Principal,2018-03-18 12:00 PM,2018,3,18,12,88.6,168,Unhealthy,75.0,UG/M3,1 Hr,Valid
Embassy Kathmandu,PM2.5 - Principal,2018-03-18 01:00 PM,2018,3,18,13,71.8,159,Unhealthy,55.0,UG/M3,1 Hr,Valid
Embassy Kathmandu,PM2.5 - Principal,2018-03-18 02:00 PM,2018,3,18,14,54.4,148,Unhealthy for Sensitive Groups,37.0,UG/M3,1 Hr,Valid
Embassy Kathmandu,PM2.5 - Principal,2018-03-18 03:00 PM,2018,3,18,15,47.2,130,Unhealthy for Sensitive Groups,40.0,UG/M3,1 Hr,Valid
Embassy Kathmandu,PM2.5 - Principal,2018-03-18 04:00 PM,2018,3,18,16,51.1,139,Unhealthy for Sensitive Groups,55.0,UG/M3,1 Hr,Valid
Embassy Kathmandu,PM2.5 - Principal,2018-03-18 05:00 PM,2018,3,18,17,51.0,139,Unhealthy for Sensitive Groups,51.0,UG/M3,1 Hr,Valid
Embassy Kathmandu,PM2.5 - Principal,2018-03-18 06:00 PM,2018,3,18,18,83.0,165,Unhealthy,115.0,UG/M3,1 Hr,Valid
Embassy Kathmandu,PM2.5 - Principal,2018-03-18 07:00 PM,2018,3,18,19,121.0,185,Unhealthy,159.0,UG/M3,1 Hr,Valid
Embassy Kathmandu,PM2.5 - Principal,2018-03-18 08:00 PM,2018,3,18,20,141.5,195,Unhealthy,162.0,UG/M3,1 Hr,Valid
Embassy Kathmandu,PM2.5 - Principal,2018-03-18 09:00 PM,2018,3,18,21,156.2,207,Very Unhealthy,171.0,UG/M3,1 Hr,Valid
Embassy Kathmandu,PM2.5 - Principal,2018-03-18 10:00 PM,2018,3,18,22,160.1,211,Very Unhealthy,164.0,UG/M3,1 Hr,Valid
Embassy Kathmandu,PM2.5 - Principal,2018-03-18 11:00 PM,2018,3,18,23,153.0,203,Very Unhealthy,146.0,UG/M3,1 Hr,Valid
Embassy Kathmandu,PM2.5 - Principal,2018-03-19 12:00 AM,2018,3,19,0,146.5,198,Unhealthy,140.0,UG/M3,1 Hr,Valid
Embassy Kathmandu,PM2.5 - Principal,2018-03-19 01:00 AM,2018,3,19,1,112.2,180,Unhealthy,78.0,UG/M3,1 Hr,Valid
Embassy Kathmandu,PM2.5 - Principal,2018-03-19 02:00 AM,2018,3,19,2,125.1,187,Unhealthy,138.0,UG/M3,1 Hr,Valid
Embassy Kathmandu,PM2.5 - Principal,2018-03-19 03:00 AM,2018,3,19,3,111.0,180,Unhealthy,97.0,UG/M3,1 Hr,Valid
Embassy Kathmandu,PM2.5 - Principal,2018-03-19 04:00 AM,2018,3,19,4,115.5,182,Unhealthy,120.0,UG/M3,1 Hr,Valid
Embassy Kathmandu,PM2.5 - Principal,2018-03-19 05:00 AM,2018,3,19,5,124.2,186,Unhealthy,133.0,UG/M3,1 Hr,Valid
Embassy Kathmandu,PM2.5 - Principal,2018-03-19 06:00 AM,2018,3,19,6,117.1,183,Unhealthy,110.0,UG/M3,1 Hr,Valid
Embassy Kathmandu,PM2.5 - Principal,2018-03-19 07:00 AM,2018,3,19,7,116.0,182,Unhealthy,115.0,UG/M3,1 Hr,Valid
Embassy Kathmandu,PM2.5 - Principal,2018-03-19 08:00 AM,2018,3,19,8,160.5,211,Very Unhealthy,205.0,UG/M3,1 Hr,Valid
Embassy Kathmandu,PM2.5 - Principal,2018-03-19 09:00 AM,2018,3,19,9,186.7,237,Very Unhealthy,213.0,UG/M3,1 Hr,Valid
Embassy Kathmandu,PM2.5 - Principal,2018-03-19 10:00 AM,2018,3,19,10,186.3,236,Very Unhealthy,186.0,UG/M3,1 Hr,Valid
Embassy Kathmandu,PM2.5 - Principal,2018-03-19 11:00 AM,2018,3,19,11,163.6,214,Very Unhealthy,141.0,UG/M3,1 Hr,Valid
Embassy Kathmandu,PM2.5 - Principal,2018-03-19 12:00 PM,2018,3,19,12,145.8,198,Unhealthy,128.0,UG/M3,1 Hr,Valid
Embassy Kathmandu,PM2.5 - Principal,2018-03-19 01:00 PM,2018,3,19,13,117.9,183,Unhealthy,90.0,UG/M3,1 Hr,Valid
Embassy Kathmandu,PM2.5 - Principal,2018-03-19 02:00 PM,2018,3,19,14,104.4,176,Unhealthy,91.0,UG/M3,1 Hr,Valid
Embassy Kathmandu,PM2.5 - Principal,2018-03-19 03:00 PM,2018,3,19,15,91.2,169,Unhealthy,78.0,UG/M3,1 Hr,Valid
Embassy Kathmandu,PM2.5 - Principal,2018-03-19 04:00 PM,2018,3,19,16,84.1,166,Unhealthy,77.0,UG/M3,1 Hr,Valid
Embassy Kathmandu,PM2.5 - Principal,2018-03-19 05:00 PM,2018,3,19,17,83.0,165,Unhealthy,82.0,UG/M3,1 Hr,Valid
Embassy Kathmandu,PM2.5 - Principal,2018-03-19 06:00 PM,2018,3,19,18,87.0,167,Unhealthy,91.0,UG/M3,1 Hr,Valid
Embassy Kathmandu,PM2.5 - Principal,2018-03-19 07:00 PM,2018,3,19,19,94.5,171,Unhealthy,102.0,UG/M3,1 Hr,Valid
Embassy Kathmandu,PM2.5 - Principal,2018-03-19 08:00 PM,2018,3,19,20,104.7,176,Unhealthy,115.0,UG/M3,1 Hr,Valid
Embassy Kathmandu,PM2.5 - Principal,2018-03-19 09:00 PM,2018,3,19,21,116.3,182,Unhealthy,128.0,UG/M3,1 Hr,Valid
Embassy Kathmandu,PM2.5 - Principal,2018-03-19 10:00 PM,2018,3,19,22,125.6,187,Unhealthy,139.0,UG/M3,1 Hr,Valid
Embassy Kathmandu,PM2.5 - Principal,2018-03-19 11:00 PM,2018,3,19,23,122.4,186,Unhealthy,119.0,UG/M3,1 Hr,Valid
Embassy Kathmandu,PM2.5 - Principal,2018-03-20 12:00 AM,2018,3,20,0,116.0,182,Unhealthy,108.0,UG/M3,1 Hr,Valid
Embassy Kathmandu,PM2.5 - Principal,2018-03-20 01:00 AM,2018,3,20,1,115.5,182,Unhealthy,115.0,UG/M3,1 Hr,Valid
Embassy Kathmandu,PM2.5 - Principal,2018-03-20 02:00 AM,2018,3,20,2,110.8,180,Unhealthy,105.0,UG/M3,1 Hr,Valid
Embassy Kathmandu,PM2.5 - Principal,2018-03-20 03:00 AM,2018,3,20,3,103.7,176,Unhealthy,95.0,UG/M3,1 Hr,Valid
Embassy Kathmandu,PM2.5 - Principal,2018-03-20 04:00 AM,2018,3,20,4,103.1,176,Unhealthy,101.0,UG/M3,1 Hr,Valid
Embassy Kathmandu,PM2.5 - Principal,2018-03-20 05:00 AM,2018,3,20,5,103.9,176,Unhealthy,103.0,UG/M3,1 Hr,Valid
Embassy Kathmandu,PM2.5 - Principal,2018-03-20 06:00 AM,2018,3,20,6,108.1,178,Unhealthy,116.0,UG/M3,1 Hr,Valid
Embassy Kathmandu,PM2.5 - Principal,2018-03-20 07:00 AM,2018,3,20,7,113.2,181,Unhealthy,124.0,UG/M3,1 Hr,Valid
Embassy Kathmandu,PM2.5 - Principal,2018-03-20 08:00 AM,2018,3,20,8,153.3,204,Very Unhealthy,190.0,UG/M3,1 Hr,Valid
Embassy Kathmandu,PM2.5 - Principal,2018-03-20 09:00 AM,2018,3,20,9,182.6,233,Very Unhealthy,212.0,UG/M3,1 Hr,Valid
Embassy Kathmandu,PM2.5 - Principal,2018-03-20 10:00 AM,2018,3,20,10,191.3,241,Very Unhealthy,200.0,UG/M3,1 Hr,Valid
Embassy Kathmandu,PM2.5 - Principal,2018-03-20 11:00 AM,2018,3,20,11,178.6,229,Very Unhealthy,166.0,UG/M3,1 Hr,Valid
Embassy Kathmandu,PM2.5 - Principal,2018-03-20 12:00 PM,2018,3,20,12,148.8,199,Unhealthy,119.0,UG/M3,1 Hr,Valid
Embassy Kathmandu,PM2.5 - Principal,2018-03-20 01:00 PM,2018,3,20,13,116.9,183,Unhealthy,85.0,UG/M3,1 Hr,Valid
Embassy Kathmandu,PM2.5 - Principal,2018-03-20 02:00 PM,2018,3,20,14,95.9,172,Unhealthy,75.0,UG/M3,1 Hr,Valid
Embassy Kathmandu,PM2.5 - Principal,2018-03-20 03:00 PM,2018,3,20,15,84.4,166,Unhealthy,73.0,UG/M3,1 Hr,Valid
Embassy Kathmandu,PM2.5 - Principal,2018-03-20 04:00 PM,2018,3,20,16,82.2,165,Unhealthy,80.0,UG/M3,1 Hr,Valid
Embassy Kathmandu,PM2.5 - Principal,2018-03-20 05:00 PM,2018,3,20,17,86.1,167,Unhealthy,90.0,UG/M3,1 Hr,Valid
Embassy Kathmandu,PM2.5 - Principal,2018-03-20 06:00 PM,2018,3,20,18,99.5,174,Unhealthy,113.0,UG/M3,1 Hr,Valid
Embassy Kathmandu,PM2.5 - Principal,2018-03-20 07:00 PM,2018,3,20,19,120.2,184,Unhealthy,141.0,UG/M3,1 Hr,Valid
Embassy Kathmandu,PM2.5 - Principal,2018-03-20 08:00 PM,2018,3,20,20,132.1,191,Unhealthy,144.0,UG/M3,1 Hr,Valid
Embassy Kathmandu,PM2.5 - Principal,2018-03-20 09:00 PM,2018,3,20,21,141.0,195,Unhealthy,150.0,UG/M3,1 Hr,Valid
Embassy Kathmandu,PM2.5 - Principal,2018-03-20 10:00 PM,2018,3,20,22,147.5,199,Unhealthy,154.0,UG/M3,1 Hr,Valid
Embassy Kathmandu,PM2.5 - Principal,2018-03-20 11:00 PM,2018,3,20,23,146.7,198,Unhealthy,146.0,UG/M3,1 Hr,Valid
Embassy Kathmandu,PM2.5 - Principal,2018-03-21 12:00 AM,2018,3,21,0,141.8,196,Unhealthy,137.0,UG/M3,1 Hr,Valid
Embassy Kathmandu,PM2.5 - Principal,2018-03-21 01:00 AM,2018,3,21,1,134.9,192,Unhealthy,128.0,UG/M3,1 Hr,Valid
Embassy Kathmandu,PM2.5 - Principal,2018-03-21 02:00 AM,2018,3,21,2,126.4,188,Unhealthy,118.0,UG/M3,1 Hr,Valid
Embassy Kathmandu,PM2.5 - Principal,2018-03-21 03:00 AM,2018,3,21,3,117.3,183,Unhealthy,107.0,UG/M3,1 Hr,Valid
Embassy Kathmandu,PM2.5 - Principal,2018-03-21 04:00 AM,2018,3,21,4,115.2,182,Unhealthy,109.0,UG/M3,1 Hr,Valid
Embassy Kathmandu,PM2.5 - Principal,2018-03-21 05:00 AM,2018,3,21,5,121.1,185,Unhealthy,125.0,UG/M3,1 Hr,Valid
Embassy Kathmandu,PM2.5 - Principal,2018-03-21 06:00 AM,2018,3,21,6,128.5,189,Unhealthy,145.0,UG/M3,1 Hr,Valid
Embassy Kathmandu,PM2.5 - Principal,2018-03-21 07:00 AM,2018,3,21,7,156.4,207,Very Unhealthy,190.0,UG/M3,1 Hr,Valid
Embassy Kathmandu,PM2.5 - Principal,2018-03-21 08:00 AM,2018,3,21,8,198.0,248,Very Unhealthy,235.0,UG/M3,1 Hr,Valid
Embassy Kathmandu,PM2.5 - Principal,2018-03-21 09:00 AM,2018,3,21,9,190.0,240,Very Unhealthy,182.0,UG/M3,1 Hr,Valid
Embassy Kathmandu,PM2.5 - Principal,2018-03-21 10:00 AM,2018,3,21,10,185.0,235,Very Unhealthy,180.0,UG/M3,1 Hr,Valid
Embassy Kathmandu,PM2.5 - Principal,2018-03-21 11:00 AM,2018,3,21,11,174.0,224,Very Unhealthy,163.0,UG/M3,1 Hr,Valid
Embassy Kathmandu,PM2.5 - Principal,2018-03-21 12:00 PM,2018,3,21,12,144.0,197,Unhealthy,114.0,UG/M3,1 Hr,Valid
Embassy Kathmandu,PM2.5 - Principal,2018-03-21 01:00 PM,2018,3,21,13,117.9,183,Unhealthy,92.0,UG/M3,1 Hr,Valid
Embassy Kathmandu,PM2.5 - Principal,2018-03-21 02:00 PM,2018,3,21,14,96.9,172,Unhealthy,76.0,UG/M3,1 Hr,Valid
Embassy Kathmandu,PM2.5 - Principal,2018-03-21 03:00 PM,2018,3,21,15,79.4,163,Unhealthy,62.0,UG/M3,1 Hr,Valid
Embassy Kathmandu,PM2.5 - Principal,2018-03-21 04:00 PM,2018,3,21,16,73.7,160,Unhealthy,68.0,UG/M3,1 Hr,Valid
Embassy Kathmandu,PM2.5 - Principal,2018-03-21 05:00 PM,2018,3,21,17,86.3,167,Unhealthy,99.0,UG/M3,1 Hr,Valid
Embassy Kathmandu,PM2.5 - Principal,2018-03-21 06:00 PM,2018,3,21,18,92.6,170,Unhealthy,99.0,UG/M3,1 Hr,Valid
Embassy Kathmandu,PM2.5 - Principal,2018-03-21 07:00 PM,2018,3,21,19,101.3,175,Unhealthy,110.0,UG/M3,1 Hr,Valid
Embassy Kathmandu,PM2.5 - Principal,2018-03-21 08:00 PM,2018,3,21,20,105.6,177,Unhealthy,110.0,UG/M3,1 Hr,Valid
Embassy Kathmandu,PM2.5 - Principal,2018-03-21 09:00 PM,2018,3,21,21,125.3,187,Unhealthy,145.0,UG/M3,1 Hr,Valid
Embassy Kathmandu,PM2.5 - Principal,2018-03-21 10:00 PM,2018,3,21,22,127.6,188,Unhealthy,130.0,UG/M3,1 Hr,Valid
Embassy Kathmandu,PM2.5 - Principal,2018-03-21 11:00 PM,2018,3,21,23,125.8,187,Unhealthy,124.0,UG/M3,1 Hr,Valid
Embassy Kathmandu,PM2.5 - Principal,2018-03-22 12:00 AM,2018,3,22,0,124.9,187,Unhealthy,124.0,UG/M3,1 Hr,Valid
Embassy Kathmandu,PM2.5 - Principal,2018-03-22 01:00 AM,2018,3,22,1,127.9,188,Unhealthy,131.0,UG/M3,1 Hr,Valid
Embassy Kathmandu,PM2.5 - Principal,2018-03-22 02:00 AM,2018,3,22,2,128.9,189,Unhealthy,130.0,UG/M3,1 Hr,Valid
Embassy Kathmandu,PM2.5 - Principal,2018-03-22 03:00 AM,2018,3,22,3,129.0,189,Unhealthy,129.0,UG/M3,1 Hr,Valid
Embassy Kathmandu,PM2.5 - Principal,2018-03-22 04:00 AM,2018,3,22,4,127.3,188,Unhealthy,126.0,UG/M3,1 Hr,Valid
Embassy Kathmandu,PM2.5 - Principal,2018-03-22 05:00 AM,2018,3,22,5,132.7,191,Unhealthy,144.0,UG/M3,1 Hr,Valid
Embassy Kathmandu,PM2.5 - Principal,2018-03-22 06:00 AM,2018,3,22,6,134.5,192,Unhealthy,143.0,UG/M3,1 Hr,Valid
Embassy Kathmandu,PM2.5 - Principal,2018-03-22 07:00 AM,2018,3,22,7,138.9,194,Unhealthy,149.0,UG/M3,1 Hr,Valid
Embassy Kathmandu,PM2.5 - Principal,2018-03-22 08:00 AM,2018,3,22,8,178.6,229,Very Unhealthy,223.0,UG/M3,1 Hr,Valid
Embassy Kathmandu,PM2.5 - Principal,2018-03-22 09:00 AM,2018,3,22,9,205.9,256,Very Unhealthy,234.0,UG/M3,1 Hr,Valid
Embassy Kathmandu,PM2.5 - Principal,2018-03-22 10:00 AM,2018,3,22,10,197.5,248,Very Unhealthy,188.0,UG/M3,1 Hr,Valid
Embassy Kathmandu,PM2.5 - Principal,2018-03-22 11:00 AM,2018,3,22,11,171.8,222,Very Unhealthy,143.0,UG/M3,1 Hr,Valid
Embassy Kathmandu,PM2.5 - Principal,2018-03-22 12:00 PM,2018,3,22,12,142.3,196,Unhealthy,114.0,UG/M3,1 Hr,Valid
Embassy Kathmandu,PM2.5 - Principal,2018-03-22 01:00 PM,2018,3,22,13,115.6,182,Unhealthy,89.0,UG/M3,1 Hr,Valid
Embassy Kathmandu,PM2.5 - Principal,2018-03-22 02:00 PM,2018,3,22,14,83.8,166,Unhealthy,52.0,UG/M3,1 Hr,Valid
Embassy Kathmandu,PM2.5 - Principal,2018-03-22 03:00 PM,2018,3,22,15,67.4,157,Unhealthy,51.0,UG/M3,1 Hr,Valid
Embassy Kathmandu,PM2.5 - Principal,2018-03-22 04:00 PM,2018,3,22,16,64.6,156,Unhealthy,62.0,UG/M3,1 Hr,Valid
Embassy Kathmandu,PM2.5 - Principal,2018-03-22 05:00 PM,2018,3,22,17,60.3,153,Unhealthy,56.0,UG/M3,1 Hr,Valid
Embassy Kathmandu,PM2.5 - Principal,2018-03-22 06:00 PM,2018,3,22,18,63.1,155,Unhealthy,66.0,UG/M3,1 Hr,Valid
Embassy Kathmandu,PM2.5 - Principal,2018-03-22 07:00 PM,2018,3,22,19,65.0,156,Unhealthy,67.0,UG/M3,1 Hr,Valid
Embassy Kathmandu,PM2.5 - Principal,2018-03-22 08:00 PM,2018,3,22,20,74.0,161,Unhealthy,83.0,UG/M3,1 Hr,Valid
Embassy Kathmandu,PM2.5 - Principal,2018-03-22 09:00 PM,2018,3,22,21,75.9,162,Unhealthy,78.0,UG/M3,1 Hr,Valid
Embassy Kathmandu,PM2.5 - Principal,2018-03-22 10:00 PM,2018,3,22,22,74.9,161,Unhealthy,74.0,UG/M3,1 Hr,Valid
Embassy Kathmandu,PM2.5 - Principal,2018-03-22 11:00 PM,2018,3,22,23,71.4,159,Unhealthy,68.0,UG/M3,1 Hr,Valid
Embassy Kathmandu,PM2.5 - Principal,2018-03-23 12:00 AM,2018,3,23,0,71.8,159,Unhealthy,72.0,UG/M3,1 Hr,Valid
Embassy Kathmandu,PM2.5 - Principal,2018-03-23 01:00 AM,2018,3,23,1,71.4,159,Unhealthy,71.0,UG/M3,1 Hr,Valid
Embassy Kathmandu,PM2.5 - Principal,2018-03-23 02:00 AM,2018,3,23,2,71.3,159,Unhealthy,71.0,UG/M3,1 Hr,Valid
Embassy Kathmandu,PM2.5 - Principal,2018-03-23 03:00 AM,2018,3,23,3,68.3,158,Unhealthy,62.0,UG/M3,1 Hr,Valid
Embassy Kathmandu,PM2.5 - Principal,2018-03-23 04:00 AM,2018,3,23,4,65.6,156,Unhealthy,60.0,UG/M3,1 Hr,Valid
Embassy Kathmandu,PM2.5 - Principal,2018-03-23 05:00 AM,2018,3,23,5,68.8,158,Unhealthy,75.0,UG/M3,1 Hr,Valid
Embassy Kathmandu,PM2.5 - Principal,2018-03-23 06:00 AM,2018,3,23,6,71.9,159,Unhealthy,80.0,UG/M3,1 Hr,Valid
Embassy Kathmandu,PM2.5 - Principal,2018-03-23 07:00 AM,2018,3,23,7,87.7,168,Unhealthy,106.0,UG/M3,1 Hr,Valid
Embassy Kathmandu,PM2.5 - Principal,2018-03-23 08:00 AM,2018,3,23,8,131.6,190,Unhealthy,173.0,UG/M3,1 Hr,Valid
Embassy Kathmandu,PM2.5 - Principal,2018-03-23 09:00 AM,2018,3,23,9,149.3,199,Unhealthy,167.0,UG/M3,1 Hr,Valid
Embassy Kathmandu,PM2.5 - Principal,2018-03-23 10:00 AM,2018,3,23,10,131.6,190,Unhealthy,114.0,UG/M3,1 Hr,Valid
Embassy Kathmandu,PM2.5 - Principal,2018-03-23 11:00 AM,2018,3,23,11,102.3,175,Unhealthy,73.0,UG/M3,1 Hr,Valid
Embassy Kathmandu,PM2.5 - Principal,2018-03-23 12:00 PM,2018,3,23,12,81.1,164,Unhealthy,60.0,UG/M3,1 Hr,Valid
Embassy Kathmandu,PM2.5 - Principal,2018-03-23 01:00 PM,2018,3,23,13,71.5,159,Unhealthy,62.0,UG/M3,1 Hr,Valid
Embassy Kathmandu,PM2.5 - Principal,2018-03-23 02:00 PM,2018,3,23,14,65.2,156,Unhealthy,59.0,UG/M3,1 Hr,Valid
Embassy Kathmandu,PM2.5 - Principal,2018-03-23 03:00 PM,2018,3,23,15,62.6,155,Unhealthy,60.0,UG/M3,1 Hr,Valid
Embassy Kathmandu,PM2.5 - Principal,2018-03-23 04:00 PM,2018,3,23,16,71.8,159,Unhealthy,81.0,UG/M3,1 Hr,Valid
Embassy Kathmandu,PM2.5 - Principal,2018-03-23 05:00 PM,2018,3,23,17,90.9,169,Unhealthy,110.0,UG/M3,1 Hr,Valid
Embassy Kathmandu,PM2.5 - Principal,2018-03-23 06:00 PM,2018,3,23,18,102.4,175,Unhealthy,114.0,UG/M3,1 Hr,Valid
Embassy Kathmandu,PM2.5 - Principal,2018-03-23 07:00 PM,2018,3,23,19,106.7,177,Unhealthy,111.0,UG/M3,1 Hr,Valid
Embassy Kathmandu,PM2.5 - Principal,2018-03-23 08:00 PM,2018,3,23,20,103.3,176,Unhealthy,100.0,UG/M3,1 Hr,Valid
Embassy Kathmandu,PM2.5 - Principal,2018-03-23 09:00 PM,2018,3,23,21,110.0,179,Unhealthy,117.0,UG/M3,1 Hr,Valid
Embassy Kathmandu,PM2.5 - Principal,2018-03-23 10:00 PM,2018,3,23,22,106.5,177,Unhealthy,103.0,UG/M3,1 Hr,Valid
Embassy Kathmandu,PM2.5 - Principal,2018-03-23 11:00 PM,2018,3,23,23,90.4,169,Unhealthy,74.0,UG/M3,1 Hr,Valid
Embassy Kathmandu,PM2.5 - Principal,2018-03-24 12:00 AM,2018,3,24,0,93.1,170,Unhealthy,96.0,UG/M3,1 Hr,Valid
Embassy Kathmandu,PM2.5 - Principal,2018-03-24 01:00 AM,2018,3,24,1,81.2,164,Unhealthy,69.0,UG/M3,1 Hr,Valid
Embassy Kathmandu,PM2.5 - Principal,2018-03-24 02:00 AM,2018,3,24,2,76.8,162,Unhealthy,72.0,UG/M3,1 Hr,Valid
Embassy Kathmandu,PM2.5 - Principal,2018-03-24 03:00 AM,2018,3,24,3,76.1,162,Unhealthy,72.0,UG/M3,1 Hr,Valid
Embassy Kathmandu,PM2.5 - Principal,2018-03-24 04:00 AM,2018,3,24,4,73.2,160,Unhealthy,69.0,UG/M3,1 Hr,Valid
Embassy Kathmandu,PM2.5 - Principal,2018-03-24 05:00 AM,2018,3,24,5,77.6,162,Unhealthy,84.0,UG/M3,1 Hr,Valid
Embassy Kathmandu,PM2.5 - Principal,2018-03-24 06:00 AM,2018,3,24,6,90.8,169,Unhealthy,110.0,UG/M3,1 Hr,Valid
Embassy Kathmandu,PM2.5 - Principal,2018-03-24 07:00 AM,2018,3,24,7,99.1,174,Unhealthy,111.0,UG/M3,1 Hr,Valid
Embassy Kathmandu,PM2.5 - Principal,2018-03-24 08:00 AM,2018,3,24,8,121.2,185,Unhealthy,140.0,UG/M3,1 Hr,Valid
Embassy Kathmandu,PM2.5 - Principal,2018-03-24 09:00 AM,2018,3,24,9,139.1,194,Unhealthy,157.0,UG/M3,1 Hr,Valid
Embassy Kathmandu,PM2.5 - Principal,2018-03-24 10:00 AM,2018,3,24,10,119.0,184,Unhealthy,99.0,UG/M3,1 Hr,Valid
Embassy Kathmandu,PM2.5 - Principal,2018-03-24 11:00 AM,2018,3,24,11,106.5,177,Unhealthy,94.0,UG/M3,1 Hr,Valid
Embassy Kathmandu,PM2.5 - Principal,2018-03-24 12:00 PM,2018,3,24,12,94.7,171,Unhealthy,83.0,UG/M3,1 Hr,Valid
Embassy Kathmandu,PM2.5 - Principal,2018-03-24 01:00 PM,2018,3,24,13,84.8,166,Unhealthy,75.0,UG/M3,1 Hr,Valid
Embassy Kathmandu,PM2.5 - Principal,2018-03-24 02:00 PM,2018,3,24,14,82.4,165,Unhealthy,80.0,UG/M3,1 Hr,Valid
Embassy Kathmandu,PM2.5 - Principal,2018-03-24 03:00 PM,2018,3,24,15,87.2,167,Unhealthy,92.0,UG/M3,1 Hr,Valid
Embassy Kathmandu,PM2.5 - Principal,2018-03-24 04:00 PM,2018,3,24,16,86.1,167,Unhealthy,85.0,UG/M3,1 Hr,Valid
Embassy Kathmandu,PM2.5 - Principal,2018-03-24 05:00 PM,2018,3,24,17,94.0,171,Unhealthy,102.0,UG/M3,1 Hr,Valid
Embassy Kathmandu,PM2.5 - Principal,2018-03-24 06:00 PM,2018,3,24,18,108.0,178,Unhealthy,122.0,UG/M3,1 Hr,Valid
Embassy Kathmandu,PM2.5 - Principal,2018-03-24 07:00 PM,2018,3,24,19,129.0,189,Unhealthy,150.0,UG/M3,1 Hr,Valid
Embassy Kathmandu,PM2.5 - Principal,2018-03-24 08:00 PM,2018,3,24,20,139.5,194,Unhealthy,150.0,UG/M3,1 Hr,Valid
Embassy Kathmandu,PM2.5 - Principal,2018-03-24 09:00 PM,2018,3,24,21,150.7,201,Very Unhealthy,162.0,UG/M3,1 Hr,Valid
Embassy Kathmandu,PM2.5 - Principal,2018-03-24 10:00 PM,2018,3,24,22,146.8,198,Unhealthy,143.0,UG/M3,1 Hr,Valid
Embassy Kathmandu,PM2.5 - Principal,2018-03-24 11:00 PM,2018,3,24,23,150.9,201,Very Unhealthy,155.0,UG/M3,1 Hr,Valid
Embassy Kathmandu,PM2.5 - Principal,2018-03-25 12:00 AM,2018,3,25,0,149.9,200,Unhealthy,149.0,UG/M3,1 Hr,Valid
Embassy Kathmandu,PM2.5 - Principal,2018-03-25 01:00 AM,2018,3,25,1,146.9,198,Unhealthy,144.0,UG/M3,1 Hr,Valid
Embassy Kathmandu,PM2.5 - Principal,2018-03-25 02:00 AM,2018,3,25,2,138.0,194,Unhealthy,128.0,UG/M3,1 Hr,Valid
Embassy Kathmandu,PM2.5 - Principal,2018-03-25 03:00 AM,2018,3,25,3,128.5,189,Unhealthy,118.0,UG/M3,1 Hr,Valid
Embassy Kathmandu,PM2.5 - Principal,2018-03-25 04:00 AM,2018,3,25,4,124.1,186,Unhealthy,111.0,UG/M3,1 Hr,Valid
Embassy Kathmandu,PM2.5 - Principal,2018-03-25 05:00 AM,2018,3,25,5,119.1,184,Unhealthy,107.0,UG/M3,1 Hr,Valid
Embassy Kathmandu,PM2.5 - Principal,2018-03-25 06:00 AM,2018,3,25,6,121.1,185,Unhealthy,125.0,UG/M3,1 Hr,Valid
Embassy Kathmandu,PM2.5 - Principal,2018-03-25 07:00 AM,2018,3,25,7,138.8,194,Unhealthy,170.0,UG/M3,1 Hr,Valid
Embassy Kathmandu,PM2.5 - Principal,2018-03-25 08:00 AM,2018,3,25,8,165.3,216,Very Unhealthy,194.0,UG/M3,1 Hr,Valid
Embassy Kathmandu,PM2.5 - Principal,2018-03-25 09:00 AM,2018,3,25,9,157.5,208,Very Unhealthy,148.0,UG/M3,1 Hr,Valid
Embassy Kathmandu,PM2.5 - Principal,2018-03-25 10:00 AM,2018,3,25,10,153.2,204,Very Unhealthy,148.0,UG/M3,1 Hr,Valid
Embassy Kathmandu,PM2.5 - Principal,2018-03-25 11:00 AM,2018,3,25,11,151.3,202,Very Unhealthy,149.0,UG/M3,1 Hr,Valid
Embassy Kathmandu,PM2.5 - Principal,2018-03-25 12:00 PM,2018,3,25,12,135.0,192,Unhealthy,115.0,UG/M3,1 Hr,Valid
Embassy Kathmandu,PM2.5 - Principal,2018-03-25 01:00 PM,2018,3,25,13,151.6,202,Very Unhealthy,172.0,UG/M3,1 Hr,Valid
Embassy Kathmandu,PM2.5 - Principal,2018-03-25 02:00 PM,2018,3,25,14,133.4,191,Unhealthy,111.0,UG/M3,1 Hr,Valid
Embassy Kathmandu,PM2.5 - Principal,2018-03-25 03:00 PM,2018,3,25,15,111.3,180,Unhealthy,91.0,UG/M3,1 Hr,Valid
Embassy Kathmandu,PM2.5 - Principal,2018-03-25 04:00 PM,2018,3,25,16,111.1,180,Unhealthy,111.0,UG/M3,1 Hr,Valid
Embassy Kathmandu,PM2.5 - Principal,2018-03-25 05:00 PM,2018,3,25,17,107.5,178,Unhealthy,104.0,UG/M3,1 Hr,Valid
Embassy Kathmandu,PM2.5 - Principal,2018-03-25 06:00 PM,2018,3,25,18,103.7,176,Unhealthy,100.0,UG/M3,1 Hr,Valid
Embassy Kathmandu,PM2.5 - Principal,2018-03-25 07:00 PM,2018,3,25,19,125.3,187,Unhealthy,147.0,UG/M3,1 Hr,Valid
Embassy Kathmandu,PM2.5 - Principal,2018-03-25 08:00 PM,2018,3,25,20,133.6,191,Unhealthy,144.0,UG/M3,1 Hr,Valid
Embassy Kathmandu,PM2.5 - Principal,2018-03-25 09:00 PM,2018,3,25,21,143.7,197,Unhealthy,155.0,UG/M3,1 Hr,Valid
Embassy Kathmandu,PM2.5 - Principal,2018-03-25 10:00 PM,2018,3,25,22,155.1,206,Very Unhealthy,168.0,UG/M3,1 Hr,Valid
Embassy Kathmandu,PM2.5 - Principal,2018-03-25 11:00 PM,2018,3,25,23,159.3,210,Very Unhealthy,164.0,UG/M3,1 Hr,Valid
Embassy Kathmandu,PM2.5 - Principal,2018-03-26 12:00 AM,2018,3,26,0,159.6,210,Very Unhealthy,160.0,UG/M3,1 Hr,Valid
Embassy Kathmandu,PM2.5 - Principal,2018-03-26 01:00 AM,2018,3,26,1,156.0,206,Very Unhealthy,152.0,UG/M3,1 Hr,Valid
Embassy Kathmandu,PM2.5 - Principal,2018-03-26 02:00 AM,2018,3,26,2,154.1,205,Very Unhealthy,152.0,UG/M3,1 Hr,Valid
Embassy Kathmandu,PM2.5 - Principal,2018-03-26 03:00 AM,2018,3,26,3,155.3,206,Very Unhealthy,157.0,UG/M3,1 Hr,Valid
Embassy Kathmandu,PM2.5 - Principal,2018-03-26 04:00 AM,2018,3,26,4,154.4,205,Very Unhealthy,153.0,UG/M3,1 Hr,Valid
Embassy Kathmandu,PM2.5 - Principal,2018-03-26 05:00 AM,2018,3,26,5,156.7,207,Very Unhealthy,160.0,UG/M3,1 Hr,Valid
Embassy Kathmandu,PM2.5 - Principal,2018-03-26 06:00 AM,2018,3,26,6,156.8,207,Very Unhealthy,160.0,UG/M3,1 Hr,Valid
Embassy Kathmandu,PM2.5 - Principal,2018-03-26 07:00 AM,2018,3,26,7,178.9,229,Very Unhealthy,219.0,UG/M3,1 Hr,Valid
Embassy Kathmandu,PM2.5 - Principal,2018-03-26 08:00 AM,2018,3,26,8,209.4,259,Very Unhealthy,251.0,UG/M3,1 Hr,Valid
Embassy Kathmandu,PM2.5 - Principal,2018-03-26 09:00 AM,2018,3,26,9,226.5,276,Very Unhealthy,252.0,UG/M3,1 Hr,Valid
Embassy Kathmandu,PM2.5 - Principal,2018-03-26 10:00 AM,2018,3,26,10,226.6,276,Very Unhealthy,985.0,UG/M3,1 Hr,Invalid
Embassy Kathmandu,PM2.5 - Principal,2018-03-26 11:00 AM,2018,3,26,11,196.5,247,Very Unhealthy,169.0,UG/M3,1 Hr,Valid
Embassy Kathmandu,PM2.5 - Principal,2018-03-26 12:00 PM,2018,3,26,12,153.4,204,Very Unhealthy,125.0,UG/M3,1 Hr,Valid
Embassy Kathmandu,PM2.5 - Principal,2018-03-26 01:00 PM,2018,3,26,13,130.2,190,Unhealthy,110.0,UG/M3,1 Hr,Valid
Embassy Kathmandu,PM2.5 - Principal,2018-03-26 02:00 PM,2018,3,26,14,112.0,180,Unhealthy,95.0,UG/M3,1 Hr,Valid
Embassy Kathmandu,PM2.5 - Principal,2018-03-26 03:00 PM,2018,3,26,15,107.9,178,Unhealthy,104.0,UG/M3,1 Hr,Valid
Embassy Kathmandu,PM2.5 - Principal,2018-03-26 04:00 PM,2018,3,26,16,107.4,178,Unhealthy,107.0,UG/M3,1 Hr,Valid
Embassy Kathmandu,PM2.5 - Principal,2018-03-26 05:00 PM,2018,3,26,17,100.6,174,Unhealthy,94.0,UG/M3,1 Hr,Valid
Embassy Kathmandu,PM2.5 - Principal,2018-03-26 06:00 PM,2018,3,26,18,102.8,175,Unhealthy,105.0,UG/M3,1 Hr,Valid
Embassy Kathmandu,PM2.5 - Principal,2018-03-26 07:00 PM,2018,3,26,19,121.9,185,Unhealthy,141.0,UG/M3,1 Hr,Valid
Embassy Kathmandu,PM2.5 - Principal,2018-03-26 08:00 PM,2018,3,26,20,119.9,184,Unhealthy,118.0,UG/M3,1 Hr,Valid
Embassy Kathmandu,PM2.5 - Principal,2018-03-26 09:00 PM,2018,3,26,21,113.2,181,Unhealthy,106.0,UG/M3,1 Hr,Valid
Embassy Kathmandu,PM2.5 - Principal,2018-03-26 10:00 PM,2018,3,26,22,117.5,183,Unhealthy,123.0,UG/M3,1 Hr,Valid
Embassy Kathmandu,PM2.5 - Principal,2018-03-26 11:00 PM,2018,3,26,23,123.6,186,Unhealthy,138.0,UG/M3,1 Hr,Valid
Embassy Kathmandu,PM2.5 - Principal,2018-03-27 12:00 AM,2018,3,27,0,119.4,184,Unhealthy,111.0,UG/M3,1 Hr,Valid
Embassy Kathmandu,PM2.5 - Principal,2018-03-27 01:00 AM,2018,3,27,1,115.6,182,Unhealthy,108.0,UG/M3,1 Hr,Valid
Embassy Kathmandu,PM2.5 - Principal,2018-03-27 02:00 AM,2018,3,27,2,116.1,182,Unhealthy,117.0,UG/M3,1 Hr,Valid
Embassy Kathmandu,PM2.5 - Principal,2018-03-27 03:00 AM,2018,3,27,3,112.0,180,Unhealthy,104.0,UG/M3,1 Hr,Valid
Embassy Kathmandu,PM2.5 - Principal,2018-03-27 04:00 AM,2018,3,27,4,108.3,178,Unhealthy,101.0,UG/M3,1 Hr,Valid
Embassy Kathmandu,PM2.5 - Principal,2018-03-27 05:00 AM,2018,3,27,5,108.5,178,Unhealthy,106.0,UG/M3,1 Hr,Valid
Embassy Kathmandu,PM2.5 - Principal,2018-03-27 06:00 AM,2018,3,27,6,107.5,178,Unhealthy,105.0,UG/M3,1 Hr,Valid
Embassy Kathmandu,PM2.5 - Principal,2018-03-27 07:00 AM,2018,3,27,7,110.1,179,Unhealthy,117.0,UG/M3,1 Hr,Valid
Embassy Kathmandu,PM2.5 - Principal,2018-03-27 08:00 AM,2018,3,27,8,116.3,182,Unhealthy,133.0,UG/M3,1 Hr,Valid
Embassy Kathmandu,PM2.5 - Principal,2018-03-27 09:00 AM,2018,3,27,9,113.5,181,Unhealthy,106.0,UG/M3,1 Hr,Valid
Embassy Kathmandu,PM2.5 - Principal,2018-03-27 10:00 AM,2018,3,27,10,110.8,180,Unhealthy,104.0,UG/M3,1 Hr,Valid
Embassy Kathmandu,PM2.5 - Principal,2018-03-27 11:00 AM,2018,3,27,11,102.7,175,Unhealthy,88.0,UG/M3,1 Hr,Valid
Embassy Kathmandu,PM2.5 - Principal,2018-03-27 12:00 PM,2018,3,27,12,99.7,174,Unhealthy,94.0,UG/M3,1 Hr,Valid
Embassy Kathmandu,PM2.5 - Principal,2018-03-27 01:00 PM,2018,3,27,13,74.6,161,Unhealthy,53.0,UG/M3,1 Hr,Valid
Embassy Kathmandu,PM2.5 - Principal,2018-03-27 02:00 PM,2018,3,27,14,73.8,160,Unhealthy,73.0,UG/M3,1 Hr,Valid
Embassy Kathmandu,PM2.5 - Principal,2018-03-27 03:00 PM,2018,3,27,15,74.8,161,Unhealthy,76.0,UG/M3,1 Hr,Valid
Embassy Kathmandu,PM2.5 - Principal,2018-03-27 04:00 PM,2018,3,27,16,81.9,165,Unhealthy,89.0,UG/M3,1 Hr,Valid
Embassy Kathmandu,PM2.5 - Principal,2018-03-27 05:00 PM,2018,3,27,17,99.4,174,Unhealthy,117.0,UG/M3,1 Hr,Valid
Embassy Kathmandu,PM2.5 - Principal,2018-03-27 06:00 PM,2018,3,27,18,112.2,180,Unhealthy,125.0,UG/M3,1 Hr,Valid
Embassy Kathmandu,PM2.5 - Principal,2018-03-27 07:00 PM,2018,3,27,19,112.6,180,Unhealthy,113.0,UG/M3,1 Hr,Valid
Embassy Kathmandu,PM2.5 - Principal,2018-03-27 08:00 PM,2018,3,27,20,121.3,185,Unhealthy,130.0,UG/M3,1 Hr,Valid
Embassy Kathmandu,PM2.5 - Principal,2018-03-27 09:00 PM,2018,3,27,21,140.6,195,Unhealthy,160.0,UG/M3,1 Hr,Valid
Embassy Kathmandu,PM2.5 - Principal,2018-03-27 10:00 PM,2018,3,27,22,143.3,196,Unhealthy,146.0,UG/M3,1 Hr,Valid
Embassy Kathmandu,PM2.5 - Principal,2018-03-27 11:00 PM,2018,3,27,23,138.1,194,Unhealthy,133.0,UG/M3,1 Hr,Valid
Embassy Kathmandu,PM2.5 - Principal,2018-03-28 12:00 AM,2018,3,28,0,136.0,193,Unhealthy,134.0,UG/M3,1 Hr,Valid
Embassy Kathmandu,PM2.5 - Principal,2018-03-28 01:00 AM,2018,3,28,1,136.5,193,Unhealthy,137.0,UG/M3,1 Hr,Valid
Embassy Kathmandu,PM2.5 - Principal,2018-03-28 02:00 AM,2018,3,28,2,131.2,190,Unhealthy,126.0,UG/M3,1 Hr,Valid
Embassy Kathmandu,PM2.5 - Principal,2018-03-28 03:00 AM,2018,3,28,3,129.2,189,Unhealthy,126.0,UG/M3,1 Hr,Valid
Embassy Kathmandu,PM2.5 - Principal,2018-03-28 04:00 AM,2018,3,28,4,131.3,190,Unhealthy,132.0,UG/M3,1 Hr,Valid
Embassy Kathmandu,PM2.5 - Principal,2018-03-28 05:00 AM,2018,3,28,5,131.0,190,Unhealthy,130.0,UG/M3,1 Hr,Valid
Embassy Kathmandu,PM2.5 - Principal,2018-03-28 06:00 AM,2018,3,28,6,133.4,191,Unhealthy,139.0,UG/M3,1 Hr,Valid
Embassy Kathmandu,PM2.5 - Principal,2018-03-28 07:00 AM,2018,3,28,7,140.9,195,Unhealthy,164.0,UG/M3,1 Hr,Valid
Embassy Kathmandu,PM2.5 - Principal,2018-03-28 08:00 AM,2018,3,28,8,163.0,213,Very Unhealthy,196.0,UG/M3,1 Hr,Valid
Embassy Kathmandu,PM2.5 - Principal,2018-03-28 09:00 AM,2018,3,28,9,184.9,235,Very Unhealthy,212.0,UG/M3,1 Hr,Valid
Embassy Kathmandu,PM2.5 - Principal,2018-03-28 10:00 AM,2018,3,28,10,201.0,251,Very Unhealthy,220.0,UG/M3,1 Hr,Valid
Embassy Kathmandu,PM2.5 - Principal,2018-03-28 11:00 AM,2018,3,28,11,199.3,249,Very Unhealthy,197.0,UG/M3,1 Hr,Valid
Embassy Kathmandu,PM2.5 - Principal,2018-03-28 12:00 PM,2018,3,28,12,181.2,231,Very Unhealthy,157.0,UG/M3,1 Hr,Valid
Embassy Kathmandu,PM2.5 - Principal,2018-03-28 01:00 PM,2018,3,28,13,143.1,196,Unhealthy,107.0,UG/M3,1 Hr,Valid
Embassy Kathmandu,PM2.5 - Principal,2018-03-28 02:00 PM,2018,3,28,14,122.0,185,Unhealthy,101.0,UG/M3,1 Hr,Valid
Embassy Kathmandu,PM2.5 - Principal,2018-03-28 03:00 PM,2018,3,28,15,107.0,178,Unhealthy,92.0,UG/M3,1 Hr,Valid
Embassy Kathmandu,PM2.5 - Principal,2018-03-28 04:00 PM,2018,3,28,16,109.0,179,Unhealthy,111.0,UG/M3,1 Hr,Valid
Embassy Kathmandu,PM2.5 - Principal,2018-03-28 05:00 PM,2018,3,28,17,112.5,180,Unhealthy,116.0,UG/M3,1 Hr,Valid
Embassy Kathmandu,PM2.5 - Principal,2018-03-28 06:00 PM,2018,3,28,18,109.2,179,Unhealthy,106.0,UG/M3,1 Hr,Valid
Embassy Kathmandu,PM2.5 - Principal,2018-03-28 07:00 PM,2018,3,28,19,107.6,178,Unhealthy,106.0,UG/M3,1 Hr,Valid
Embassy Kathmandu,PM2.5 - Principal,2018-03-28 08:00 PM,2018,3,28,20,110.7,180,Unhealthy,114.0,UG/M3,1 Hr,Valid
Embassy Kathmandu,PM2.5 - Principal,2018-03-28 09:00 PM,2018,3,28,21,107.3,178,Unhealthy,104.0,UG/M3,1 Hr,Valid
Embassy Kathmandu,PM2.5 - Principal,2018-03-28 10:00 PM,2018,3,28,22,103.1,176,Unhealthy,99.0,UG/M3,1 Hr,Valid
Embassy Kathmandu,PM2.5 - Principal,2018-03-28 11:00 PM,2018,3,28,23,104.8,176,Unhealthy,106.0,UG/M3,1 Hr,Valid
Embassy Kathmandu,PM2.5 - Principal,2018-03-29 12:00 AM,2018,3,29,0,88.7,168,Unhealthy,67.0,UG/M3,1 Hr,Valid
Embassy Kathmandu,PM2.5 - Principal,2018-03-29 01:00 AM,2018,3,29,1,72.7,160,Unhealthy,59.0,UG/M3,1 Hr,Valid
Embassy Kathmandu,PM2.5 - Principal,2018-03-29 02:00 AM,2018,3,29,2,53.1,144,Unhealthy for Sensitive Groups,34.0,UG/M3,1 Hr,Valid
Embassy Kathmandu,PM2.5 - Principal,2018-03-29 03:00 AM,2018,3,29,3,39.5,111,Unhealthy for Sensitive Groups,26.0,UG/M3,1 Hr,Valid
Embassy Kathmandu,PM2.5 - Principal,2018-03-29 04:00 AM,2018,3,29,4,31.2,91,Moderate,23.0,UG/M3,1 Hr,Valid
Embassy Kathmandu,PM2.5 - Principal,2018-03-29 05:00 AM,2018,3,29,5,33.6,96,Moderate,36.0,UG/M3,1 Hr,Valid
Embassy Kathmandu,PM2.5 - Principal,2018-03-29 06:00 AM,2018,3,29,6,36.3,103,Unhealthy for Sensitive Groups,39.0,UG/M3,1 Hr,Valid
Embassy Kathmandu,PM2.5 - Principal,2018-03-29 07:00 AM,2018,3,29,7,46.1,127,Unhealthy for Sensitive Groups,56.0,UG/M3,1 Hr,Valid
Embassy Kathmandu,PM2.5 - Principal,2018-03-29 08:00 AM,2018,3,29,8,52.0,142,Unhealthy for Sensitive Groups,58.0,UG/M3,1 Hr,Valid
Embassy Kathmandu,PM2.5 - Principal,2018-03-29 09:00 AM,2018,3,29,9,50.0,137,Unhealthy for Sensitive Groups,48.0,UG/M3,1 Hr,Valid
Embassy Kathmandu,PM2.5 - Principal,2018-03-29 10:00 AM,2018,3,29,10,54.5,148,Unhealthy for Sensitive Groups,59.0,UG/M3,1 Hr,Valid
Embassy Kathmandu,PM2.5 - Principal,2018-03-29 11:00 AM,2018,3,29,11,57.7,152,Unhealthy,61.0,UG/M3,1 Hr,Valid
Embassy Kathmandu,PM2.5 - Principal,2018-03-29 12:00 PM,2018,3,29,12,54.3,147,Unhealthy for Sensitive Groups,51.0,UG/M3,1 Hr,Valid
Embassy Kathmandu,PM2.5 - Principal,2018-03-29 01:00 PM,2018,3,29,13,56.1,151,Unhealthy,58.0,UG/M3,1 Hr,Valid
Embassy Kathmandu,PM2.5 - Principal,2018-03-29 02:00 PM,2018,3,29,14,58.0,152,Unhealthy,60.0,UG/M3,1 Hr,Valid
Embassy Kathmandu,PM2.5 - Principal,2018-03-29 03:00 PM,2018,3,29,15,76.5,162,Unhealthy,95.0,UG/M3,1 Hr,Valid
Embassy Kathmandu,PM2.5 - Principal,2018-03-29 04:00 PM,2018,3,29,16,72.7,160,Unhealthy,69.0,UG/M3,1 Hr,Valid
Embassy Kathmandu,PM2.5 - Principal,2018-03-29 05:00 PM,2018,3,29,17,64.3,156,Unhealthy,56.0,UG/M3,1 Hr,Valid
Embassy Kathmandu,PM2.5 - Principal,2018-03-29 06:00 PM,2018,3,29,18,60.7,154,Unhealthy,57.0,UG/M3,1 Hr,Valid
Embassy Kathmandu,PM2.5 - Principal,2018-03-29 07:00 PM,2018,3,29,19,68.3,158,Unhealthy,76.0,UG/M3,1 Hr,Valid
Embassy Kathmandu,PM2.5 - Principal,2018-03-29 08:00 PM,2018,3,29,20,81.0,164,Unhealthy,94.0,UG/M3,1 Hr,Valid
Embassy Kathmandu,PM2.5 - Principal,2018-03-29 09:00 PM,2018,3,29,21,93.5,171,Unhealthy,106.0,UG/M3,1 Hr,Valid
Embassy Kathmandu,PM2.5 - Principal,2018-03-29 10:00 PM,2018,3,29,22,100.3,174,Unhealthy,107.0,UG/M3,1 Hr,Valid
Embassy Kathmandu,PM2.5 - Principal,2018-03-29 11:00 PM,2018,3,29,23,100.6,174,Unhealthy,101.0,UG/M3,1 Hr,Valid
Embassy Kathmandu,PM2.5 - Principal,2018-03-30 12:00 AM,2018,3,30,0,97.7,173,Unhealthy,95.0,UG/M3,1 Hr,Valid
Embassy Kathmandu,PM2.5 - Principal,2018-03-30 01:00 AM,2018,3,30,1,92.1,170,Unhealthy,86.0,UG/M3,1 Hr,Valid
Embassy Kathmandu,PM2.5 - Principal,2018-03-30 02:00 AM,2018,3,30,2,87.7,168,Unhealthy,83.0,UG/M3,1 Hr,Valid
Embassy Kathmandu,PM2.5 - Principal,2018-03-30 03:00 AM,2018,3,30,3,83.5,165,Unhealthy,79.0,UG/M3,1 Hr,Valid
Embassy Kathmandu,PM2.5 - Principal,2018-03-30 04:00 AM,2018,3,30,4,65.6,156,Unhealthy,48.0,UG/M3,1 Hr,Valid
Embassy Kathmandu,PM2.5 - Principal,2018-03-30 05:00 AM,2018,3,30,5,69.3,158,Unhealthy,73.0,UG/M3,1 Hr,Valid
Embassy Kathmandu,PM2.5 - Principal,2018-03-30 06:00 AM,2018,3,30,6,59.6,153,Unhealthy,50.0,UG/M3,1 Hr,Valid
Embassy Kathmandu,PM2.5 - Principal,2018-03-30 07:00 AM,2018,3,30,7,48.8,134,Unhealthy for Sensitive Groups,38.0,UG/M3,1 Hr,Valid
Embassy Kathmandu,PM2.5 - Principal,2018-03-30 08:00 AM,2018,3,30,8,47.4,130,Unhealthy for Sensitive Groups,46.0,UG/M3,1 Hr,Valid
Embassy Kathmandu,PM2.5 - Principal,2018-03-30 09:00 AM,2018,3,30,9,46.6,128,Unhealthy for Sensitive Groups,46.0,UG/M3,1 Hr,Valid
Embassy Kathmandu,PM2.5 - Principal,2018-03-30 10:00 AM,2018,3,30,10,39.8,112,Unhealthy for Sensitive Groups,33.0,UG/M3,1 Hr,Valid
Embassy Kathmandu,PM2.5 - Principal,2018-03-30 11:00 AM,2018,3,30,11,40.4,113,Unhealthy for Sensitive Groups,41.0,UG/M3,1 Hr,Valid
Embassy Kathmandu,PM2.5 - Principal,2018-03-30 12:00 PM,2018,3,30,12,35.6,101,Unhealthy for Sensitive Groups,31.0,UG/M3,1 Hr,Valid
Embassy Kathmandu,PM2.5 - Principal,2018-03-30 01:00 PM,2018,3,30,13,39.8,112,Unhealthy for Sensitive Groups,44.0,UG/M3,1 Hr,Valid
Embassy Kathmandu,PM2.5 - Principal,2018-03-30 02:00 PM,2018,3,30,14,48.4,133,Unhealthy for Sensitive Groups,57.0,UG/M3,1 Hr,Valid
Embassy Kathmandu,PM2.5 - Principal,2018-03-30 03:00 PM,2018,3,30,15,41.7,116,Unhealthy for Sensitive Groups,35.0,UG/M3,1 Hr,Valid
Embassy Kathmandu,PM2.5 - Principal,2018-03-30 04:00 PM,2018,3,30,16,47.3,130,Unhealthy for Sensitive Groups,53.0,UG/M3,1 Hr,Valid
Embassy Kathmandu,PM2.5 - Principal,2018-03-30 05:00 PM,2018,3,30,17,35.6,101,Unhealthy for Sensitive Groups,24.0,UG/M3,1 Hr,Valid
Embassy Kathmandu,PM2.5 - Principal,2018-03-30 06:00 PM,2018,3,30,18,33.8,97,Moderate,32.0,UG/M3,1 Hr,Valid
Embassy Kathmandu,PM2.5 - Principal,2018-03-30 07:00 PM,2018,3,30,19,32.9,95,Moderate,32.0,UG/M3,1 Hr,Valid
Embassy Kathmandu,PM2.5 - Principal,2018-03-30 08:00 PM,2018,3,30,20,27.4,83,Moderate,22.0,UG/M3,1 Hr,Valid
Embassy Kathmandu,PM2.5 - Principal,2018-03-30 09:00 PM,2018,3,30,21,28.2,85,Moderate,29.0,UG/M3,1 Hr,Valid
Embassy Kathmandu,PM2.5 - Principal,2018-03-30 10:00 PM,2018,3,30,22,27.6,84,Moderate,27.0,UG/M3,1 Hr,Valid
Embassy Kathmandu,PM2.5 - Principal,2018-03-30 11:00 PM,2018,3,30,23,23.8,76,Moderate,20.0,UG/M3,1 Hr,Valid
Embassy Kathmandu,PM2.5 - Principal,2018-03-31 12:00 AM,2018,3,31,0,22.9,74,Moderate,22.0,UG/M3,1 Hr,Valid
Embassy Kathmandu,PM2.5 - Principal,2018-03-31 01:00 AM,2018,3,31,1,21.9,72,Moderate,21.0,UG/M3,1 Hr,Valid
Embassy Kathmandu,PM2.5 - Principal,2018-03-31 02:00 AM,2018,3,31,2,21.4,71,Moderate,21.0,UG/M3,1 Hr,Valid
Embassy Kathmandu,PM2.5 - Principal,2018-03-31 03:00 AM,2018,3,31,3,20.7,69,Moderate,20.0,UG/M3,1 Hr,Valid
Embassy Kathmandu,PM2.5 - Principal,2018-03-31 04:00 AM,2018,3,31,4,21.5,71,Moderate,22.0,UG/M3,1 Hr,Valid
Embassy Kathmandu,PM2.5 - Principal,2018-03-31 05:00 AM,2018,3,31,5,22.0,72,Moderate,23.0,UG/M3,1 Hr,Valid
Embassy Kathmandu,PM2.5 - Principal,2018-03-31 06:00 AM,2018,3,31,6,24.2,76,Moderate,28.0,UG/M3,1 Hr,Valid
Embassy Kathmandu,PM2.5 - Principal,2018-03-31 07:00 AM,2018,3,31,7,46.5,128,Unhealthy for Sensitive Groups,68.0,UG/M3,1 Hr,Valid
Embassy Kathmandu,PM2.5 - Principal,2018-03-31 08:00 AM,2018,3,31,8,63.2,155,Unhealthy,80.0,UG/M3,1 Hr,Valid
Embassy Kathmandu,PM2.5 - Principal,2018-03-31 09:00 AM,2018,3,31,9,59.1,153,Unhealthy,55.0,UG/M3,1 Hr,Valid
Embassy Kathmandu,PM2.5 - Principal,2018-03-31 10:00 AM,2018,3,31,10,46.5,128,Unhealthy for Sensitive Groups,34.0,UG/M3,1 Hr,Valid
Embassy Kathmandu,PM2.5 - Principal,2018-03-31 11:00 AM,2018,3,31,11,53.7,146,Unhealthy for Sensitive Groups,61.0,UG/M3,1 Hr,Valid
Embassy Kathmandu,PM2.5 - Principal,2018-03-31 12:00 PM,2018,3,31,12,46.8,129,Unhealthy for Sensitive Groups,40.0,UG/M3,1 Hr,Valid
Embassy Kathmandu,PM2.5 - Principal,2018-03-31 01:00 PM,2018,3,31,13,38.4,108,Unhealthy for Sensitive Groups,30.0,UG/M3,1 Hr,Valid
Embassy Kathmandu,PM2.5 - Principal,2018-03-31 02:00 PM,2018,3,31,14,33.2,95,Moderate,28.0,UG/M3,1 Hr,Valid
Embassy Kathmandu,PM2.5 - Principal,2018-03-31 03:00 PM,2018,3,31,15,41.1,115,Unhealthy for Sensitive Groups,49.0,UG/M3,1 Hr,Valid
Embassy Kathmandu,PM2.5 - Principal,2018-03-31 04:00 PM,2018,3,31,16,44.5,123,Unhealthy for Sensitive Groups,48.0,UG/M3,1 Hr,Valid
Embassy Kathmandu,PM2.5 - Principal,2018-03-31 05:00 PM,2018,3,31,17,40.7,114,Unhealthy for Sensitive Groups,37.0,UG/M3,1 Hr,Valid
Embassy Kathmandu,PM2.5 - Principal,2018-03-31 06:00 PM,2018,3,31,18,38.8,109,Unhealthy for Sensitive Groups,37.0,UG/M3,1 Hr,Valid
Embassy Kathmandu,PM2.5 - Principal,2018-03-31 07:00 PM,2018,3,31,19,45.4,125,Unhealthy for Sensitive Groups,52.0,UG/M3,1 Hr,Valid
Embassy Kathmandu,PM2.5 - Principal,2018-03-31 08:00 PM,2018,3,31,20,47.2,130,Unhealthy for Sensitive Groups,49.0,UG/M3,1 Hr,Valid
Embassy Kathmandu,PM2.5 - Principal,2018-03-31 09:00 PM,2018,3,31,21,42.6,118,Unhealthy for Sensitive Groups,38.0,UG/M3,1 Hr,Valid
Embassy Kathmandu,PM2.5 - Principal,2018-03-31 10:00 PM,2018,3,31,22,42.8,119,Unhealthy for Sensitive Groups,43.0,UG/M3,1 Hr,Valid
Embassy Kathmandu,PM2.5 - Principal,2018-03-31 11:00 PM,2018,3,31,23,45.7,126,Unhealthy for Sensitive Groups,49.0,UG/M3,1 Hr,Valid
Embassy Kathmandu,PM2.5 - Principal,2018-04-01 12:00 AM,2018,4,1,0,50.3,137,Unhealthy for Sensitive Groups,55.0,UG/M3,1 Hr,Valid
Embassy Kathmandu,PM2.5 - Principal,2018-04-01 01:00 AM,2018,4,1,1,63.2,155,Unhealthy,76.0,UG/M3,1 Hr,Valid
Embassy Kathmandu,PM2.5 - Principal,2018-04-01 02:00 AM,2018,4,1,2,55.6,151,Unhealthy,48.0,UG/M3,1 Hr,Valid
Embassy Kathmandu,PM2.5 - Principal,2018-04-01 03:00 AM,2018,4,1,3,52.3,142,Unhealthy for Sensitive Groups,49.0,UG/M3,1 Hr,Valid
Embassy Kathmandu,PM2.5 - Principal,2018-04-01 04:00 AM,2018,4,1,4,51.1,139,Unhealthy for Sensitive Groups,50.0,UG/M3,1 Hr,Valid
Embassy Kathmandu,PM2.5 - Principal,2018-04-01 05:00 AM,2018,4,1,5,51.5,140,Unhealthy for Sensitive Groups,52.0,UG/M3,1 Hr,Valid
Embassy Kathmandu,PM2.5 - Principal,2018-04-01 06:00 AM,2018,4,1,6,47.2,130,Unhealthy for Sensitive Groups,43.0,UG/M3,1 Hr,Valid
Embassy Kathmandu,PM2.5 - Principal,2018-04-01 07:00 AM,2018,4,1,7,52.1,142,Unhealthy for Sensitive Groups,57.0,UG/M3,1 Hr,Valid
Embassy Kathmandu,PM2.5 - Principal,2018-04-01 08:00 AM,2018,4,1,8,86.5,167,Unhealthy,121.0,UG/M3,1 Hr,Valid
Embassy Kathmandu,PM2.5 - Principal,2018-04-01 09:00 AM,2018,4,1,9,130.8,190,Unhealthy,175.0,UG/M3,1 Hr,Valid
Embassy Kathmandu,PM2.5 - Principal,2018-04-01 10:00 AM,2018,4,1,10,171.9,222,Very Unhealthy,213.0,UG/M3,1 Hr,Valid
Embassy Kathmandu,PM2.5 - Principal,2018-04-01 11:00 AM,2018,4,1,11,172.9,223,Very Unhealthy,174.0,UG/M3,1 Hr,Valid
Embassy Kathmandu,PM2.5 - Principal,2018-04-01 12:00 PM,2018,4,1,12,163.5,214,Very Unhealthy,154.0,UG/M3,1 Hr,Valid
Embassy Kathmandu,PM2.5 - Principal,2018-04-01 01:00 PM,2018,4,1,13,145.2,197,Unhealthy,127.0,UG/M3,1 Hr,Valid
Embassy Kathmandu,PM2.5 - Principal,2018-04-01 02:00 PM,2018,4,1,14,130.6,190,Unhealthy,116.0,UG/M3,1 Hr,Valid
Embassy Kathmandu,PM2.5 - Principal,2018-04-01 03:00 PM,2018,4,1,15,121.3,185,Unhealthy,112.0,UG/M3,1 Hr,Valid
Embassy Kathmandu,PM2.5 - Principal,2018-04-01 04:00 PM,2018,4,1,16,115.1,182,Unhealthy,109.0,UG/M3,1 Hr,Valid
Embassy Kathmandu,PM2.5 - Principal,2018-04-01 05:00 PM,2018,4,1,17,110.0,179,Unhealthy,105.0,UG/M3,1 Hr,Valid
Embassy Kathmandu,PM2.5 - Principal,2018-04-01 06:00 PM,2018,4,1,18,100.0,174,Unhealthy,90.0,UG/M3,1 Hr,Valid
Embassy Kathmandu,PM2.5 - Principal,2018-04-01 07:00 PM,2018,4,1,19,97.0,172,Unhealthy,94.0,UG/M3,1 Hr,Valid
Embassy Kathmandu,PM2.5 - Principal,2018-04-01 08:00 PM,2018,4,1,20,93.0,170,Unhealthy,89.0,UG/M3,1 Hr,Valid
Embassy Kathmandu,PM2.5 - Principal,2018-04-01 09:00 PM,2018,4,1,21,89.9,169,Unhealthy,87.0,UG/M3,1 Hr,Valid
Embassy Kathmandu,PM2.5 - Principal,2018-04-01 10:00 PM,2018,4,1,22,88.9,168,Unhealthy,88.0,UG/M3,1 Hr,Valid
Embassy Kathmandu,PM2.5 - Principal,2018-04-01 11:00 PM,2018,4,1,23,82.4,165,Unhealthy,76.0,UG/M3,1 Hr,Valid
Embassy Kathmandu,PM2.5 - Principal,2018-04-02 12:00 AM,2018,4,2,0,75.4,161,Unhealthy,67.0,UG/M3,1 Hr,Valid
Embassy Kathmandu,PM2.5 - Principal,2018-04-02 01:00 AM,2018,4,2,1,73.8,160,Unhealthy,70.0,UG/M3,1 Hr,Valid
Embassy Kathmandu,PM2.5 - Principal,2018-04-02 02:00 AM,2018,4,2,2,74.1,161,Unhealthy,74.0,UG/M3,1 Hr,Valid
Embassy Kathmandu,PM2.5 - Principal,2018-04-02 03:00 AM,2018,4,2,3,71.9,159,Unhealthy,68.0,UG/M3,1 Hr,Valid
Embassy Kathmandu,PM2.5 - Principal,2018-04-02 04:00 AM,2018,4,2,4,68.7,158,Unhealthy,64.0,UG/M3,1 Hr,Valid
Embassy Kathmandu,PM2.5 - Principal,2018-04-02 05:00 AM,2018,4,2,5,80.3,164,Unhealthy,100.0,UG/M3,1 Hr,Valid
Embassy Kathmandu,PM2.5 - Principal,2018-04-02 06:00 AM,2018,4,2,6,84.5,166,Unhealthy,92.0,UG/M3,1 Hr,Valid
Embassy Kathmandu,PM2.5 - Principal,2018-04-02 07:00 AM,2018,4,2,7,85.4,166,Unhealthy,87.0,UG/M3,1 Hr,Valid
Embassy Kathmandu,PM2.5 - Principal,2018-04-02 08:00 AM,2018,4,2,8,89.2,168,Unhealthy,96.0,UG/M3,1 Hr,Valid
Embassy Kathmandu,PM2.5 - Principal,2018-04-02 09:00 AM,2018,4,2,9,105.9,177,Unhealthy,122.0,UG/M3,1 Hr,Valid
Embassy Kathmandu,PM2.5 - Principal,2018-04-02 10:00 AM,2018,4,2,10,111.1,180,Unhealthy,117.0,UG/M3,1 Hr,Valid
Embassy Kathmandu,PM2.5 - Principal,2018-04-02 11:00 AM,2018,4,2,11,103.9,176,Unhealthy,96.0,UG/M3,1 Hr,Valid
Embassy Kathmandu,PM2.5 - Principal,2018-04-02 12:00 PM,2018,4,2,12,97.8,173,Unhealthy,91.0,UG/M3,1 Hr,Valid
Embassy Kathmandu,PM2.5 - Principal,2018-04-02 01:00 PM,2018,4,2,13,90.2,169,Unhealthy,82.0,UG/M3,1 Hr,Valid
Embassy Kathmandu,PM2.5 - Principal,2018-04-02 02:00 PM,2018,4,2,14,86.3,167,Unhealthy,82.0,UG/M3,1 Hr,Valid
Embassy Kathmandu,PM2.5 - Principal,2018-04-02 03:00 PM,2018,4,2,15,88.5,168,Unhealthy,91.0,UG/M3,1 Hr,Valid
Embassy Kathmandu,PM2.5 - Principal,2018-04-02 04:00 PM,2018,4,2,16,91.1,169,Unhealthy,93.0,UG/M3,1 Hr,Valid
Embassy Kathmandu,PM2.5 - Principal,2018-04-02 05:00 PM,2018,4,2,17,96.0,172,Unhealthy,106.0,UG/M3,1 Hr,Valid
Embassy Kathmandu,PM2.5 - Principal,2018-04-02 06:00 PM,2018,4,2,18,94.3,171,Unhealthy,91.0,UG/M3,1 Hr,Valid
Embassy Kathmandu,PM2.5 - Principal,2018-04-02 07:00 PM,2018,4,2,19,89.8,169,Unhealthy,81.0,UG/M3,1 Hr,Valid
Embassy Kathmandu,PM2.5 - Principal,2018-04-02 08:00 PM,2018,4,2,20,84.3,166,Unhealthy,76.0,UG/M3,1 Hr,Valid
Embassy Kathmandu,PM2.5 - Principal,2018-04-02 09:00 PM,2018,4,2,21,76.9,162,Unhealthy,68.0,UG/M3,1 Hr,Valid
Embassy Kathmandu,PM2.5 - Principal,2018-04-02 10:00 PM,2018,4,2,22,59.4,153,Unhealthy,44.0,UG/M3,1 Hr,Valid
Embassy Kathmandu,PM2.5 - Principal,2018-04-02 11:00 PM,2018,4,2,23,44.2,122,Unhealthy for Sensitive Groups,29.0,UG/M3,1 Hr,Valid
Embassy Kathmandu,PM2.5 - Principal,2018-04-03 12:00 AM,2018,4,3,0,36.1,102,Unhealthy for Sensitive Groups,28.0,UG/M3,1 Hr,Valid
Embassy Kathmandu,PM2.5 - Principal,2018-04-03 01:00 AM,2018,4,3,1,31.5,92,Moderate,27.0,UG/M3,1 Hr,Valid
Embassy Kathmandu,PM2.5 - Principal,2018-04-03 02:00 AM,2018,4,3,2,29.7,88,Moderate,28.0,UG/M3,1 Hr,Valid
Embassy Kathmandu,PM2.5 - Principal,2018-04-03 03:00 AM,2018,4,3,3,29.8,88,Moderate,30.0,UG/M3,1 Hr,Valid
Embassy Kathmandu,PM2.5 - Principal,2018-04-03 04:00 AM,2018,4,3,4,29.9,88,Moderate,30.0,UG/M3,1 Hr,Valid
Embassy Kathmandu,PM2.5 - Principal,2018-04-03 05:00 AM,2018,4,3,5,31.9,93,Moderate,34.0,UG/M3,1 Hr,Valid
Embassy Kathmandu,PM2.5 - Principal,2018-04-03 06:00 AM,2018,4,3,6,42.4,118,Unhealthy for Sensitive Groups,53.0,UG/M3,1 Hr,Valid
Embassy Kathmandu,PM2.5 - Principal,2018-04-03 07:00 AM,2018,4,3,7,55.2,150,Unhealthy for Sensitive Groups,68.0,UG/M3,1 Hr,Valid
Embassy Kathmandu,PM2.5 - Principal,2018-04-03 08:00 AM,2018,4,3,8,63.1,155,Unhealthy,71.0,UG/M3,1 Hr,Valid
Embassy Kathmandu,PM2.5 - Principal,2018-04-03 09:00 AM,2018,4,3,9,65.0,156,Unhealthy,67.0,UG/M3,1 Hr,Valid
Embassy Kathmandu,PM2.5 - Principal,2018-04-03 10:00 AM,2018,4,3,10,67.5,157,Unhealthy,70.0,UG/M3,1 Hr,Valid
Embassy Kathmandu,PM2.5 - Principal,2018-04-03 11:00 AM,2018,4,3,11,64.7,156,Unhealthy,62.0,UG/M3,1 Hr,Valid
Embassy Kathmandu,PM2.5 - Principal,2018-04-03 12:00 PM,2018,4,3,12,59.3,153,Unhealthy,54.0,UG/M3,1 Hr,Valid
Embassy Kathmandu,PM2.5 - Principal,2018-04-03 01:00 PM,2018,4,3,13,54.6,148,Unhealthy for Sensitive Groups,50.0,UG/M3,1 Hr,Valid
Embassy Kathmandu,PM2.5 - Principal,2018-04-03 02:00 PM,2018,4,3,14,50.3,137,Unhealthy for Sensitive Groups,46.0,UG/M3,1 Hr,Valid
Embassy Kathmandu,PM2.5 - Principal,2018-04-03 03:00 PM,2018,4,3,15,54.1,147,Unhealthy for Sensitive Groups,58.0,UG/M3,1 Hr,Valid
Embassy Kathmandu,PM2.5 - Principal,2018-04-03 04:00 PM,2018,4,3,16,49.5,135,Unhealthy for Sensitive Groups,45.0,UG/M3,1 Hr,Valid
Embassy Kathmandu,PM2.5 - Principal,2018-04-03 05:00 PM,2018,4,3,17,51.1,139,Unhealthy for Sensitive Groups,51.0,UG/M3,1 Hr,Valid
Embassy Kathmandu,PM2.5 - Principal,2018-04-03 06:00 PM,2018,4,3,18,54.0,147,Unhealthy for Sensitive Groups,59.0,UG/M3,1 Hr,Valid
Embassy Kathmandu,PM2.5 - Principal,2018-04-03 07:00 PM,2018,4,3,19,61.8,154,Unhealthy,74.0,UG/M3,1 Hr,Valid
Embassy Kathmandu,PM2.5 - Principal,2018-04-03 08:00 PM,2018,4,3,20,69.1,158,Unhealthy,78.0,UG/M3,1 Hr,Valid
Embassy Kathmandu,PM2.5 - Principal,2018-04-03 09:00 PM,2018,4,3,21,67.7,157,Unhealthy,66.0,UG/M3,1 Hr,Valid
Embassy Kathmandu,PM2.5 - Principal,2018-04-03 10:00 PM,2018,4,3,22,69.9,158,Unhealthy,73.0,UG/M3,1 Hr,Valid
Embassy Kathmandu,PM2.5 - Principal,2018-04-03 11:00 PM,2018,4,3,23,64.4,156,Unhealthy,57.0,UG/M3,1 Hr,Valid
Embassy Kathmandu,PM2.5 - Principal,2018-04-04 12:00 AM,2018,4,4,0,58.7,153,Unhealthy,51.0,UG/M3,1 Hr,Valid
Embassy Kathmandu,PM2.5 - Principal,2018-04-04 01:00 AM,2018,4,4,1,51.4,140,Unhealthy for Sensitive Groups,43.0,UG/M3,1 Hr,Valid
Embassy Kathmandu,PM2.5 - Principal,2018-04-04 02:00 AM,2018,4,4,2,48.1,132,Unhealthy for Sensitive Groups,44.0,UG/M3,1 Hr,Valid
Embassy Kathmandu,PM2.5 - Principal,2018-04-04 03:00 AM,2018,4,4,3,49.8,136,Unhealthy for Sensitive Groups,52.0,UG/M3,1 Hr,Valid
Embassy Kathmandu,PM2.5 - Principal,2018-04-04 04:00 AM,2018,4,4,4,52.6,143,Unhealthy for Sensitive Groups,56.0,UG/M3,1 Hr,Valid
Embassy Kathmandu,PM2.5 - Principal,2018-04-04 05:00 AM,2018,4,4,5,50.0,137,Unhealthy for Sensitive Groups,47.0,UG/M3,1 Hr,Valid
Embassy Kathmandu,PM2.5 - Principal,2018-04-04 06:00 AM,2018,4,4,6,48.2,132,Unhealthy for Sensitive Groups,46.0,UG/M3,1 Hr,Valid
Embassy Kathmandu,PM2.5 - Principal,2018-04-04 07:00 AM,2018,4,4,7,49.9,136,Unhealthy for Sensitive Groups,52.0,UG/M3,1 Hr,Valid
Embassy Kathmandu,PM2.5 - Principal,2018-04-04 08:00 AM,2018,4,4,8,51.9,141,Unhealthy for Sensitive Groups,55.0,UG/M3,1 Hr,Valid
Embassy Kathmandu,PM2.5 - Principal,2018-04-04 09:00 AM,2018,4,4,9,51.1,139,Unhealthy for Sensitive Groups,50.0,UG/M3,1 Hr,Valid
Embassy Kathmandu,PM2.5 - Principal,2018-04-04 10:00 AM,2018,4,4,10,44.2,122,Unhealthy for Sensitive Groups,34.0,UG/M3,1 Hr,Valid
Embassy Kathmandu,PM2.5 - Principal,2018-04-04 11:00 AM,2018,4,4,11,41.0,115,Unhealthy for Sensitive Groups,36.0,UG/M3,1 Hr,Valid
Embassy Kathmandu,PM2.5 - Principal,2018-04-04 12:00 PM,2018,4,4,12,42.9,119,Unhealthy for Sensitive Groups,46.0,UG/M3,1 Hr,Valid
Embassy Kathmandu,PM2.5 - Principal,2018-04-04 01:00 PM,2018,4,4,13,42.6,118,Unhealthy for Sensitive Groups,42.0,UG/M3,1 Hr,Valid
Embassy Kathmandu,PM2.5 - Principal,2018-04-04 02:00 PM,2018,4,4,14,42.7,119,Unhealthy for Sensitive Groups,43.0,UG/M3,1 Hr,Valid
Embassy Kathmandu,PM2.5 - Principal,2018-04-04 03:00 PM,2018,4,4,15,42.4,118,Unhealthy for Sensitive Groups,42.0,UG/M3,1 Hr,Valid
Embassy Kathmandu,PM2.5 - Principal,2018-04-04 04:00 PM,2018,4,4,16,50.0,137,Unhealthy for Sensitive Groups,60.0,UG/M3,1 Hr,Valid
Embassy Kathmandu,PM2.5 - Principal,2018-04-04 05:00 PM,2018,4,4,17,52.1,142,Unhealthy for Sensitive Groups,55.0,UG/M3,1 Hr,Valid
Embassy Kathmandu,PM2.5 - Principal,2018-04-04 06:00 PM,2018,4,4,18,53.8,146,Unhealthy for Sensitive Groups,56.0,UG/M3,1 Hr,Valid
Embassy Kathmandu,PM2.5 - Principal,2018-04-04 07:00 PM,2018,4,4,19,54.7,148,Unhealthy for Sensitive Groups,56.0,UG/M3,1 Hr,Valid
Embassy Kathmandu,PM2.5 - Principal,2018-04-04 08:00 PM,2018,4,4,20,62.1,154,Unhealthy,69.0,UG/M3,1 Hr,Valid
Embassy Kathmandu,PM2.5 - Principal,2018-04-04 09:00 PM,2018,4,4,21,49.0,134,Unhealthy for Sensitive Groups,36.0,UG/M3,1 Hr,Valid
Embassy Kathmandu,PM2.5 - Principal,2018-04-04 10:00 PM,2018,4,4,22,36.0,102,Unhealthy for Sensitive Groups,23.0,UG/M3,1 Hr,Valid
Embassy Kathmandu,PM2.5 - Principal,2018-04-04 11:00 PM,2018,4,4,23,34.0,97,Moderate,32.0,UG/M3,1 Hr,Valid
Embassy Kathmandu,PM2.5 - Principal,2018-04-05 12:00 AM,2018,4,5,0,31.5,92,Moderate,29.0,UG/M3,1 Hr,Valid
Embassy Kathmandu,PM2.5 - Principal,2018-04-05 01:00 AM,2018,4,5,1,36.2,103,Unhealthy for Sensitive Groups,41.0,UG/M3,1 Hr,Valid
Embassy Kathmandu,PM2.5 - Principal,2018-04-05 02:00 AM,2018,4,5,2,33.6,96,Moderate,31.0,UG/M3,1 Hr,Valid
Embassy Kathmandu,PM2.5 - Principal,2018-04-05 03:00 AM,2018,4,5,3,31.3,91,Moderate,29.0,UG/M3,1 Hr,Valid
Embassy Kathmandu,PM2.5 - Principal,2018-04-05 04:00 AM,2018,4,5,4,30.6,90,Moderate,30.0,UG/M3,1 Hr,Valid
Embassy Kathmandu,PM2.5 - Principal,2018-04-05 05:00 AM,2018,4,5,5,44.8,124,Unhealthy for Sensitive Groups,59.0,UG/M3,1 Hr,Valid
Embassy Kathmandu,PM2.5 - Principal,2018-04-05 06:00 AM,2018,4,5,6,44.4,123,Unhealthy for Sensitive Groups,44.0,UG/M3,1 Hr,Valid
Embassy Kathmandu,PM2.5 - Principal,2018-04-05 07:00 AM,2018,4,5,7,45.2,125,Unhealthy for Sensitive Groups,46.0,UG/M3,1 Hr,Valid
Embassy Kathmandu,PM2.5 - Principal,2018-04-05 08:00 AM,2018,4,5,8,51.6,141,Unhealthy for Sensitive Groups,58.0,UG/M3,1 Hr,Valid
Embassy Kathmandu,PM2.5 - Principal,2018-04-05 09:00 AM,2018,4,5,9,67.8,157,Unhealthy,84.0,UG/M3,1 Hr,Valid
Embassy Kathmandu,PM2.5 - Principal,2018-04-05 10:00 AM,2018,4,5,10,59.4,153,Unhealthy,51.0,UG/M3,1 Hr,Valid
Embassy Kathmandu,PM2.5 - Principal,2018-04-05 11:00 AM,2018,4,5,11,45.2,125,Unhealthy for Sensitive Groups,31.0,UG/M3,1 Hr,Valid
Embassy Kathmandu,PM2.5 - Principal,2018-04-05 12:00 PM,2018,4,5,12,38.1,107,Unhealthy for Sensitive Groups,31.0,UG/M3,1 Hr,Valid
Embassy Kathmandu,PM2.5 - Principal,2018-04-05 01:00 PM,2018,4,5,13,27.5,83,Moderate,17.0,UG/M3,1 Hr,Valid
Embassy Kathmandu,PM2.5 - Principal,2018-04-05 02:00 PM,2018,4,5,14,23.7,75,Moderate,20.0,UG/M3,1 Hr,Valid
Embassy Kathmandu,PM2.5 - Principal,2018-04-05 03:00 PM,2018,4,5,15,20.3,68,Moderate,17.0,UG/M3,1 Hr,Valid
Embassy Kathmandu,PM2.5 - Principal,2018-04-05 04:00 PM,2018,4,5,16,18.6,65,Moderate,17.0,UG/M3,1 Hr,Valid
Embassy Kathmandu,PM2.5 - Principal,2018-04-05 05:00 PM,2018,4,5,17,22.8,74,Moderate,27.0,UG/M3,1 Hr,Valid
Embassy Kathmandu,PM2.5 - Principal,2018-04-05 06:00 PM,2018,4,5,18,25.4,79,Moderate,28.0,UG/M3,1 Hr,Valid
Embassy Kathmandu,PM2.5 - Principal,2018-04-05 07:00 PM,2018,4,5,19,44.7,124,Unhealthy for Sensitive Groups,64.0,UG/M3,1 Hr,Valid
Embassy Kathmandu,PM2.5 - Principal,2018-04-05 08:00 PM,2018,4,5,20,50.3,137,Unhealthy for Sensitive Groups,56.0,UG/M3,1 Hr,Valid
Embassy Kathmandu,PM2.5 - Principal,2018-04-05 09:00 PM,2018,4,5,21,52.1,142,Unhealthy for Sensitive Groups,54.0,UG/M3,1 Hr,Valid
Embassy Kathmandu,PM2.5 - Principal,2018-04-05 10:00 PM,2018,4,5,22,52.0,142,Unhealthy for Sensitive Groups,52.0,UG/M3,1 Hr,Valid
Embassy Kathmandu,PM2.5 - Principal,2018-04-05 11:00 PM,2018,4,5,23,60.5,154,Unhealthy,69.0,UG/M3,1 Hr,Valid
Embassy Kathmandu,PM2.5 - Principal,2018-04-06 12:00 AM,2018,4,6,0,55.7,151,Unhealthy,51.0,UG/M3,1 Hr,Valid
Embassy Kathmandu,PM2.5 - Principal,2018-04-06 01:00 AM,2018,4,6,1,49.8,136,Unhealthy for Sensitive Groups,44.0,UG/M3,1 Hr,Valid
Embassy Kathmandu,PM2.5 - Principal,2018-04-06 02:00 AM,2018,4,6,2,48.9,134,Unhealthy for Sensitive Groups,48.0,UG/M3,1 Hr,Valid
Embassy Kathmandu,PM2.5 - Principal,2018-04-06 03:00 AM,2018,4,6,3,50.9,139,Unhealthy for Sensitive Groups,53.0,UG/M3,1 Hr,Valid
Embassy Kathmandu,PM2.5 - Principal,2018-04-06 04:00 AM,2018,4,6,4,57.9,152,Unhealthy,65.0,UG/M3,1 Hr,Valid
Embassy Kathmandu,PM2.5 - Principal,2018-04-06 05:00 AM,2018,4,6,5,49.9,136,Unhealthy for Sensitive Groups,42.0,UG/M3,1 Hr,Valid
Embassy Kathmandu,PM2.5 - Principal,2018-04-06 06:00 AM,2018,4,6,6,49.7,136,Unhealthy for Sensitive Groups,48.0,UG/M3,1 Hr,Valid
Embassy Kathmandu,PM2.5 - Principal,2018-04-06 07:00 AM,2018,4,6,7,56.9,152,Unhealthy,68.0,UG/M3,1 Hr,Valid
Embassy Kathmandu,PM2.5 - Principal,2018-04-06 08:00 AM,2018,4,6,8,75.2,161,Unhealthy,92.0,UG/M3,1 Hr,Valid
Embassy Kathmandu,PM2.5 - Principal,2018-04-06 09:00 AM,2018,4,6,9,72.1,160,Unhealthy,69.0,UG/M3,1 Hr,Valid
Embassy Kathmandu,PM2.5 - Principal,2018-04-06 10:00 AM,2018,4,6,10,62.5,155,Unhealthy,53.0,UG/M3,1 Hr,Valid
Embassy Kathmandu,PM2.5 - Principal,2018-04-06 11:00 AM,2018,4,6,11,48.2,132,Unhealthy for Sensitive Groups,34.0,UG/M3,1 Hr,Valid
Embassy Kathmandu,PM2.5 - Principal,2018-04-06 12:00 PM,2018,4,6,12,40.1,112,Unhealthy for Sensitive Groups,32.0,UG/M3,1 Hr,Valid
Embassy Kathmandu,PM2.5 - Principal,2018-04-06 01:00 PM,2018,4,6,13,34.5,98,Moderate,29.0,UG/M3,1 Hr,Valid
Embassy Kathmandu,PM2.5 - Principal,2018-04-06 02:00 PM,2018,4,6,14,41.2,115,Unhealthy for Sensitive Groups,48.0,UG/M3,1 Hr,Valid
Embassy Kathmandu,PM2.5 - Principal,2018-04-06 03:00 PM,2018,4,6,15,41.6,116,Unhealthy for Sensitive Groups,42.0,UG/M3,1 Hr,Valid
Embassy Kathmandu,PM2.5 - Principal,2018-04-06 04:00 PM,2018,4,6,16,40.3,113,Unhealthy for Sensitive Groups,39.0,UG/M3,1 Hr,Valid
Embassy Kathmandu,PM2.5 - Principal,2018-04-06 05:00 PM,2018,4,6,17,42.6,118,Unhealthy for Sensitive Groups,45.0,UG/M3,1 Hr,Valid
Embassy Kathmandu,PM2.5 - Principal,2018-04-06 06:00 PM,2018,4,6,18,46.3,128,Unhealthy for Sensitive Groups,50.0,UG/M3,1 Hr,Valid
Embassy Kathmandu,PM2.5 - Principal,2018-04-06 07:00 PM,2018,4,6,19,47.6,131,Unhealthy for Sensitive Groups,49.0,UG/M3,1 Hr,Valid
Embassy Kathmandu,PM2.5 - Principal,2018-04-06 08:00 PM,2018,4,6,20,41.8,117,Unhealthy for Sensitive Groups,36.0,UG/M3,1 Hr,Valid
Embassy Kathmandu,PM2.5 - Principal,2018-04-06 09:00 PM,2018,4,6,21,41.1,115,Unhealthy for Sensitive Groups,40.0,UG/M3,1 Hr,Valid
Embassy Kathmandu,PM2.5 - Principal,2018-04-06 10:00 PM,2018,4,6,22,39.0,110,Unhealthy for Sensitive Groups,36.0,UG/M3,1 Hr,Valid
Embassy Kathmandu,PM2.5 - Principal,2018-04-06 11:00 PM,2018,4,6,23,36.9,104,Unhealthy for Sensitive Groups,34.0,UG/M3,1 Hr,Valid
Embassy Kathmandu,PM2.5 - Principal,2018-04-07 12:00 AM,2018,4,7,0,34.8,99,Moderate,32.0,UG/M3,1 Hr,Valid
Embassy Kathmandu,PM2.5 - Principal,2018-04-07 01:00 AM,2018,4,7,1,33.6,96,Moderate,31.0,UG/M3,1 Hr,Valid
Embassy Kathmandu,PM2.5 - Principal,2018-04-07 02:00 AM,2018,4,7,2,32.0,93,Moderate,30.0,UG/M3,1 Hr,Valid
Embassy Kathmandu,PM2.5 - Principal,2018-04-07 03:00 AM,2018,4,7,3,32.4,94,Moderate,33.0,UG/M3,1 Hr,Valid
Embassy Kathmandu,PM2.5 - Principal,2018-04-07 04:00 AM,2018,4,7,4,33.0,95,Moderate,34.0,UG/M3,1 Hr,Valid
Embassy Kathmandu,PM2.5 - Principal,2018-04-07 05:00 AM,2018,4,7,5,34.6,98,Moderate,37.0,UG/M3,1 Hr,Valid
Embassy Kathmandu,PM2.5 - Principal,2018-04-07 06:00 AM,2018,4,7,6,39.7,111,Unhealthy for Sensitive Groups,48.0,UG/M3,1 Hr,Valid
Embassy Kathmandu,PM2.5 - Principal,2018-04-07 07:00 AM,2018,4,7,7,40.8,114,Unhealthy for Sensitive Groups,43.0,UG/M3,1 Hr,Valid
Embassy Kathmandu,PM2.5 - Principal,2018-04-07 08:00 AM,2018,4,7,8,56.6,152,Unhealthy,71.0,UG/M3,1 Hr,Valid
Embassy Kathmandu,PM2.5 - Principal,2018-04-07 09:00 AM,2018,4,7,9,56.8,152,Unhealthy,57.0,UG/M3,1 Hr,Valid
Embassy Kathmandu,PM2.5 - Principal,2018-04-07 10:00 AM,2018,4,7,10,57.9,152,Unhealthy,59.0,UG/M3,1 Hr,Valid
Embassy Kathmandu,PM2.5 - Principal,2018-04-07 11:00 AM,2018,4,7,11,50.4,138,Unhealthy for Sensitive Groups,43.0,UG/M3,1 Hr,Valid
Embassy Kathmandu,PM2.5 - Principal,2018-04-07 12:00 PM,2018,4,7,12,41.2,115,Unhealthy for Sensitive Groups,32.0,UG/M3,1 Hr,Valid
Embassy Kathmandu,PM2.5 - Principal,2018-04-07 01:00 PM,2018,4,7,13,35.6,101,Unhealthy for Sensitive Groups,30.0,UG/M3,1 Hr,Valid
Embassy Kathmandu,PM2.5 - Principal,2018-04-07 02:00 PM,2018,4,7,14,29.8,88,Moderate,24.0,UG/M3,1 Hr,Valid
Embassy Kathmandu,PM2.5 - Principal,2018-04-07 03:00 PM,2018,4,7,15,29.4,87,Moderate,29.0,UG/M3,1 Hr,Valid
Embassy Kathmandu,PM2.5 - Principal,2018-04-07 04:00 PM,2018,4,7,16,31.2,91,Moderate,33.0,UG/M3,1 Hr,Valid
Embassy Kathmandu,PM2.5 - Principal,2018-04-07 05:00 PM,2018,4,7,17,32.6,94,Moderate,34.0,UG/M3,1 Hr,Valid
Embassy Kathmandu,PM2.5 - Principal,2018-04-07 06:00 PM,2018,4,7,18,29.7,88,Moderate,27.0,UG/M3,1 Hr,Valid
Embassy Kathmandu,PM2.5 - Principal,2018-04-07 07:00 PM,2018,4,7,19,29.8,88,Moderate,30.0,UG/M3,1 Hr,Valid
Embassy Kathmandu,PM2.5 - Principal,2018-04-07 08:00 PM,2018,4,7,20,33.4,96,Moderate,37.0,UG/M3,1 Hr,Valid
Embassy Kathmandu,PM2.5 - Principal,2018-04-07 09:00 PM,2018,4,7,21,33.7,96,Moderate,34.0,UG/M3,1 Hr,Valid
Embassy Kathmandu,PM2.5 - Principal,2018-04-07 10:00 PM,2018,4,7,22,37.2,105,Unhealthy for Sensitive Groups,42.0,UG/M3,1 Hr,Valid
Embassy Kathmandu,PM2.5 - Principal,2018-04-07 11:00 PM,2018,4,7,23,44.9,124,Unhealthy for Sensitive Groups,52.0,UG/M3,1 Hr,Valid
Embassy Kathmandu,PM2.5 - Principal,2018-04-08 12:00 AM,2018,4,8,0,40.4,113,Unhealthy for Sensitive Groups,36.0,UG/M3,1 Hr,Valid
Embassy Kathmandu,PM2.5 - Principal,2018-04-08 01:00 AM,2018,4,8,1,37.2,105,Unhealthy for Sensitive Groups,34.0,UG/M3,1 Hr,Valid
Embassy Kathmandu,PM2.5 - Principal,2018-04-08 02:00 AM,2018,4,8,2,45.6,126,Unhealthy for Sensitive Groups,54.0,UG/M3,1 Hr,Valid
Embassy Kathmandu,PM2.5 - Principal,2018-04-08 03:00 AM,2018,4,8,3,38.3,108,Unhealthy for Sensitive Groups,31.0,UG/M3,1 Hr,Valid
Embassy Kathmandu,PM2.5 - Principal,2018-04-08 04:00 AM,2018,4,8,4,46.1,127,Unhealthy for Sensitive Groups,54.0,UG/M3,1 Hr,Valid
Embassy Kathmandu,PM2.5 - Principal,2018-04-08 05:00 AM,2018,4,8,5,42.5,118,Unhealthy for Sensitive Groups,39.0,UG/M3,1 Hr,Valid
Embassy Kathmandu,PM2.5 - Principal,2018-04-08 06:00 AM,2018,4,8,6,43.2,120,Unhealthy for Sensitive Groups,44.0,UG/M3,1 Hr,Valid
Embassy Kathmandu,PM2.5 - Principal,2018-04-08 07:00 AM,2018,4,8,7,51.3,140,Unhealthy for Sensitive Groups,60.0,UG/M3,1 Hr,Valid
Embassy Kathmandu,PM2.5 - Principal,2018-04-08 08:00 AM,2018,4,8,8,62.3,155,Unhealthy,73.0,UG/M3,1 Hr,Valid
Embassy Kathmandu,PM2.5 - Principal,2018-04-08 09:00 AM,2018,4,8,9,71.1,159,Unhealthy,80.0,UG/M3,1 Hr,Valid
Embassy Kathmandu,PM2.5 - Principal,2018-04-08 10:00 AM,2018,4,8,10,72.5,160,Unhealthy,74.0,UG/M3,1 Hr,Valid
Embassy Kathmandu,PM2.5 - Principal,2018-04-08 11:00 AM,2018,4,8,11,61.2,154,Unhealthy,50.0,UG/M3,1 Hr,Valid
Embassy Kathmandu,PM2.5 - Principal,2018-04-08 12:00 PM,2018,4,8,12,49.6,136,Unhealthy for Sensitive Groups,38.0,UG/M3,1 Hr,Valid
Embassy Kathmandu,PM2.5 - Principal,2018-04-08 01:00 PM,2018,4,8,13,50.8,139,Unhealthy for Sensitive Groups,52.0,UG/M3,1 Hr,Valid
Embassy Kathmandu,PM2.5 - Principal,2018-04-08 02:00 PM,2018,4,8,14,53.4,145,Unhealthy for Sensitive Groups,56.0,UG/M3,1 Hr,Valid
Embassy Kathmandu,PM2.5 - Principal,2018-04-08 03:00 PM,2018,4,8,15,48.7,134,Unhealthy for Sensitive Groups,44.0,UG/M3,1 Hr,Valid
Embassy Kathmandu,PM2.5 - Principal,2018-04-08 04:00 PM,2018,4,8,16,41.8,117,Unhealthy for Sensitive Groups,35.0,UG/M3,1 Hr,Valid
Embassy Kathmandu,PM2.5 - Principal,2018-04-08 05:00 PM,2018,4,8,17,41.9,117,Unhealthy for Sensitive Groups,42.0,UG/M3,1 Hr,Valid
Embassy Kathmandu,PM2.5 - Principal,2018-04-08 06:00 PM,2018,4,8,18,43.4,120,Unhealthy for Sensitive Groups,45.0,UG/M3,1 Hr,Valid
Embassy Kathmandu,PM2.5 - Principal,2018-04-08 07:00 PM,2018,4,8,19,47.2,130,Unhealthy for Sensitive Groups,51.0,UG/M3,1 Hr,Valid
Embassy Kathmandu,PM2.5 - Principal,2018-04-08 08:00 PM,2018,4,8,20,47.6,131,Unhealthy for Sensitive Groups,48.0,UG/M3,1 Hr,Valid
Embassy Kathmandu,PM2.5 - Principal,2018-04-08 09:00 PM,2018,4,8,21,50.3,137,Unhealthy for Sensitive Groups,53.0,UG/M3,1 Hr,Valid
Embassy Kathmandu,PM2.5 - Principal,2018-04-08 10:00 PM,2018,4,8,22,73.6,160,Unhealthy,97.0,UG/M3,1 Hr,Valid
Embassy Kathmandu,PM2.5 - Principal,2018-04-08 11:00 PM,2018,4,8,23,64.8,156,Unhealthy,56.0,UG/M3,1 Hr,Valid
Embassy Kathmandu,PM2.5 - Principal,2018-04-09 12:00 AM,2018,4,9,0,58.9,153,Unhealthy,53.0,UG/M3,1 Hr,Valid
Embassy Kathmandu,PM2.5 - Principal,2018-04-09 01:00 AM,2018,4,9,1,47.9,132,Unhealthy for Sensitive Groups,37.0,UG/M3,1 Hr,Valid
Embassy Kathmandu,PM2.5 - Principal,2018-04-09 02:00 AM,2018,4,9,2,45.4,125,Unhealthy for Sensitive Groups,43.0,UG/M3,1 Hr,Valid
Embassy Kathmandu,PM2.5 - Principal,2018-04-09 03:00 AM,2018,4,9,3,44.7,124,Unhealthy for Sensitive Groups,44.0,UG/M3,1 Hr,Valid
Embassy Kathmandu,PM2.5 - Principal,2018-04-09 04:00 AM,2018,4,9,4,43.3,120,Unhealthy for Sensitive Groups,42.0,UG/M3,1 Hr,Valid
Embassy Kathmandu,PM2.5 - Principal,2018-04-09 05:00 AM,2018,4,9,5,42.1,117,Unhealthy for Sensitive Groups,41.0,UG/M3,1 Hr,Valid
Embassy Kathmandu,PM2.5 - Principal,2018-04-09 06:00 AM,2018,4,9,6,47.5,131,Unhealthy for Sensitive Groups,53.0,UG/M3,1 Hr,Valid
Embassy Kathmandu,PM2.5 - Principal,2018-04-09 07:00 AM,2018,4,9,7,55.2,150,Unhealthy for Sensitive Groups,63.0,UG/M3,1 Hr,Valid
Embassy Kathmandu,PM2.5 - Principal,2018-04-09 08:00 AM,2018,4,9,8,86.6,167,Unhealthy,118.0,UG/M3,1 Hr,Valid
Embassy Kathmandu,PM2.5 - Principal,2018-04-09 09:00 AM,2018,4,9,9,108.8,179,Unhealthy,131.0,UG/M3,1 Hr,Valid
Embassy Kathmandu,PM2.5 - Principal,2018-04-09 10:00 AM,2018,4,9,10,87.9,168,Unhealthy,67.0,UG/M3,1 Hr,Valid
Embassy Kathmandu,PM2.5 - Principal,2018-04-09 11:00 AM,2018,4,9,11,74.9,161,Unhealthy,62.0,UG/M3,1 Hr,Valid
Embassy Kathmandu,PM2.5 - Principal,2018-04-09 12:00 PM,2018,4,9,12,66.9,157,Unhealthy,59.0,UG/M3,1 Hr,Valid
Embassy Kathmandu,PM2.5 - Principal,2018-04-09 01:00 PM,2018,4,9,13,71.4,159,Unhealthy,76.0,UG/M3,1 Hr,Valid
Embassy Kathmandu,PM2.5 - Principal,2018-04-09 02:00 PM,2018,4,9,14,63.2,155,Unhealthy,55.0,UG/M3,1 Hr,Valid
Embassy Kathmandu,PM2.5 - Principal,2018-04-09 03:00 PM,2018,4,9,15,54.1,147,Unhealthy for Sensitive Groups,45.0,UG/M3,1 Hr,Valid
Embassy Kathmandu,PM2.5 - Principal,2018-04-09 04:00 PM,2018,4,9,16,45.0,124,Unhealthy for Sensitive Groups,36.0,UG/M3,1 Hr,Valid
Embassy Kathmandu,PM2.5 - Principal,2018-04-09 05:00 PM,2018,4,9,17,42.0,117,Unhealthy for Sensitive Groups,39.0,UG/M3,1 Hr,Valid
Embassy Kathmandu,PM2.5 - Principal,2018-04-09 06:00 PM,2018,4,9,18,44.0,122,Unhealthy for Sensitive Groups,46.0,UG/M3,1 Hr,Valid
Embassy Kathmandu,PM2.5 - Principal,2018-04-09 07:00 PM,2018,4,9,19,51.0,139,Unhealthy for Sensitive Groups,58.0,UG/M3,1 Hr,Valid
Embassy Kathmandu,PM2.5 - Principal,2018-04-09 08:00 PM,2018,4,9,20,49.9,136,Unhealthy for Sensitive Groups,49.0,UG/M3,1 Hr,Valid
Embassy Kathmandu,PM2.5 - Principal,2018-04-09 09:00 PM,2018,4,9,21,48.4,133,Unhealthy for Sensitive Groups,47.0,UG/M3,1 Hr,Valid
Embassy Kathmandu,PM2.5 - Principal,2018-04-09 10:00 PM,2018,4,9,22,47.2,130,Unhealthy for Sensitive Groups,46.0,UG/M3,1 Hr,Valid
Embassy Kathmandu,PM2.5 - Principal,2018-04-09 11:00 PM,2018,4,9,23,47.1,130,Unhealthy for Sensitive Groups,47.0,UG/M3,1 Hr,Valid
Embassy Kathmandu,PM2.5 - Principal,2018-04-10 12:00 AM,2018,4,10,0,46.0,127,Unhealthy for Sensitive Groups,45.0,UG/M3,1 Hr,Valid
Embassy Kathmandu,PM2.5 - Principal,2018-04-10 01:00 AM,2018,4,10,1,45.4,125,Unhealthy for Sensitive Groups,44.0,UG/M3,1 Hr,Valid
Embassy Kathmandu,PM2.5 - Principal,2018-04-10 02:00 AM,2018,4,10,2,46.4,128,Unhealthy for Sensitive Groups,48.0,UG/M3,1 Hr,Valid
Embassy Kathmandu,PM2.5 - Principal,2018-04-10 03:00 AM,2018,4,10,3,43.2,120,Unhealthy for Sensitive Groups,38.0,UG/M3,1 Hr,Valid
Embassy Kathmandu,PM2.5 - Principal,2018-04-10 04:00 AM,2018,4,10,4,39.8,112,Unhealthy for Sensitive Groups,35.0,UG/M3,1 Hr,Valid
Embassy Kathmandu,PM2.5 - Principal,2018-04-10 05:00 AM,2018,4,10,5,40.3,113,Unhealthy for Sensitive Groups,41.0,UG/M3,1 Hr,Valid
Embassy Kathmandu,PM2.5 - Principal,2018-04-10 06:00 AM,2018,4,10,6,49.6,136,Unhealthy for Sensitive Groups,62.0,UG/M3,1 Hr,Valid
Embassy Kathmandu,PM2.5 - Principal,2018-04-10 07:00 AM,2018,4,10,7,56.9,152,Unhealthy,65.0,UG/M3,1 Hr,Valid
Embassy Kathmandu,PM2.5 - Principal,2018-04-10 08:00 AM,2018,4,10,8,66.4,157,Unhealthy,75.0,UG/M3,1 Hr,Valid
Embassy Kathmandu,PM2.5 - Principal,2018-04-10 09:00 AM,2018,4,10,9,68.7,158,Unhealthy,71.0,UG/M3,1 Hr,Valid
Embassy Kathmandu,PM2.5 - Principal,2018-04-10 10:00 AM,2018,4,10,10,71.3,159,Unhealthy,74.0,UG/M3,1 Hr,Valid
Embassy Kathmandu,PM2.5 - Principal,2018-04-10 11:00 AM,2018,4,10,11,59.6,153,Unhealthy,48.0,UG/M3,1 Hr,Valid
Embassy Kathmandu,PM2.5 - Principal,2018-04-10 12:00 PM,2018,4,10,12,48.3,133,Unhealthy for Sensitive Groups,37.0,UG/M3,1 Hr,Valid
Embassy Kathmandu,PM2.5 - Principal,2018-04-10 01:00 PM,2018,4,10,13,42.6,118,Unhealthy for Sensitive Groups,37.0,UG/M3,1 Hr,Valid
Embassy Kathmandu,PM2.5 - Principal,2018-04-10 02:00 PM,2018,4,10,14,35.8,102,Unhealthy for Sensitive Groups,29.0,UG/M3,1 Hr,Valid
Embassy Kathmandu,PM2.5 - Principal,2018-04-10 03:00 PM,2018,4,10,15,25.9,80,Moderate,16.0,UG/M3,1 Hr,Valid
Embassy Kathmandu,PM2.5 - Principal,2018-04-10 04:00 PM,2018,4,10,16,23.9,76,Moderate,22.0,UG/M3,1 Hr,Valid
Embassy Kathmandu,PM2.5 - Principal,2018-04-10 05:00 PM,2018,4,10,17,30.9,91,Moderate,38.0,UG/M3,1 Hr,Valid
Embassy Kathmandu,PM2.5 - Principal,2018-04-10 06:00 PM,2018,4,10,18,33.9,97,Moderate,37.0,UG/M3,1 Hr,Valid
Embassy Kathmandu,PM2.5 - Principal,2018-04-10 07:00 PM,2018,4,10,19,41.4,116,Unhealthy for Sensitive Groups,49.0,UG/M3,1 Hr,Valid
Embassy Kathmandu,PM2.5 - Principal,2018-04-10 08:00 PM,2018,4,10,20,56.7,152,Unhealthy,72.0,UG/M3,1 Hr,Valid
Embassy Kathmandu,PM2.5 - Principal,2018-04-10 09:00 PM,2018,4,10,21,64.8,156,Unhealthy,73.0,UG/M3,1 Hr,Valid
Embassy Kathmandu,PM2.5 - Principal,2018-04-10 10:00 PM,2018,4,10,22,62.9,155,Unhealthy,61.0,UG/M3,1 Hr,Valid
Embassy Kathmandu,PM2.5 - Principal,2018-04-10 11:00 PM,2018,4,10,23,62.9,155,Unhealthy,63.0,UG/M3,1 Hr,Valid
Embassy Kathmandu,PM2.5 - Principal,2018-04-11 12:00 AM,2018,4,11,0,53.4,145,Unhealthy for Sensitive Groups,44.0,UG/M3,1 Hr,Valid
Embassy Kathmandu,PM2.5 - Principal,2018-04-11 01:00 AM,2018,4,11,1,53.2,145,Unhealthy for Sensitive Groups,53.0,UG/M3,1 Hr,Valid
Embassy Kathmandu,PM2.5 - Principal,2018-04-11 02:00 AM,2018,4,11,2,46.1,127,Unhealthy for Sensitive Groups,39.0,UG/M3,1 Hr,Valid
Embassy Kathmandu,PM2.5 - Principal,2018-04-11 03:00 AM,2018,4,11,3,49.0,134,Unhealthy for Sensitive Groups,52.0,UG/M3,1 Hr,Valid
Embassy Kathmandu,PM2.5 - Principal,2018-04-11 04:00 AM,2018,4,11,4,60.3,153,Unhealthy,72.0,UG/M3,1 Hr,Valid
Embassy Kathmandu,PM2.5 - Principal,2018-04-11 05:00 AM,2018,4,11,5,65.1,156,Unhealthy,70.0,UG/M3,1 Hr,Valid
Embassy Kathmandu,PM2.5 - Principal,2018-04-11 06:00 AM,2018,4,11,6,72.1,160,Unhealthy,79.0,UG/M3,1 Hr,Valid
Embassy Kathmandu,PM2.5 - Principal,2018-04-11 07:00 AM,2018,4,11,7,76.0,162,Unhealthy,80.0,UG/M3,1 Hr,Valid
Embassy Kathmandu,PM2.5 - Principal,2018-04-11 08:00 AM,2018,4,11,8,73.0,160,Unhealthy,70.0,UG/M3,1 Hr,Valid
Embassy Kathmandu,PM2.5 - Principal,2018-04-11 09:00 AM,2018,4,11,9,71.0,159,Unhealthy,69.0,UG/M3,1 Hr,Valid
Embassy Kathmandu,PM2.5 - Principal,2018-04-11 10:00 AM,2018,4,11,10,68.0,157,Unhealthy,65.0,UG/M3,1 Hr,Valid
Embassy Kathmandu,PM2.5 - Principal,2018-04-11 11:00 AM,2018,4,11,11,50.5,138,Unhealthy for Sensitive Groups,33.0,UG/M3,1 Hr,Valid
Embassy Kathmandu,PM2.5 - Principal,2018-04-11 12:00 PM,2018,4,11,12,49.7,136,Unhealthy for Sensitive Groups,49.0,UG/M3,1 Hr,Valid
Embassy Kathmandu,PM2.5 - Principal,2018-04-11 01:00 PM,2018,4,11,13,46.3,128,Unhealthy for Sensitive Groups,43.0,UG/M3,1 Hr,Valid
Embassy Kathmandu,PM2.5 - Principal,2018-04-11 02:00 PM,2018,4,11,14,39.6,111,Unhealthy for Sensitive Groups,33.0,UG/M3,1 Hr,Valid
Embassy Kathmandu,PM2.5 - Principal,2018-04-11 03:00 PM,2018,4,11,15,35.8,102,Unhealthy for Sensitive Groups,32.0,UG/M3,1 Hr,Valid
Embassy Kathmandu,PM2.5 - Principal,2018-04-11 04:00 PM,2018,4,11,16,35.9,102,Unhealthy for Sensitive Groups,36.0,UG/M3,1 Hr,Valid
Embassy Kathmandu,PM2.5 - Principal,2018-04-11 05:00 PM,2018,4,11,17,38.4,108,Unhealthy for Sensitive Groups,41.0,UG/M3,1 Hr,Valid
Embassy Kathmandu,PM2.5 - Principal,2018-04-11 06:00 PM,2018,4,11,18,37.2,105,Unhealthy for Sensitive Groups,36.0,UG/M3,1 Hr,Valid
Embassy Kathmandu,PM2.5 - Principal,2018-04-11 07:00 PM,2018,4,11,19,28.6,86,Moderate,20.0,UG/M3,1 Hr,Valid
Embassy Kathmandu,PM2.5 - Principal,2018-04-11 08:00 PM,2018,4,11,20,24.7,77,Moderate,21.0,UG/M3,1 Hr,Valid
Embassy Kathmandu,PM2.5 - Principal,2018-04-11 09:00 PM,2018,4,11,21,29.8,88,Moderate,35.0,UG/M3,1 Hr,Valid
Embassy Kathmandu,PM2.5 - Principal,2018-04-11 10:00 PM,2018,4,11,22,30.4,89,Moderate,31.0,UG/M3,1 Hr,Valid
Embassy Kathmandu,PM2.5 - Principal,2018-04-11 11:00 PM,2018,4,11,23,26.7,82,Moderate,23.0,UG/M3,1 Hr,Valid
Embassy Kathmandu,PM2.5 - Principal,2018-04-12 12:00 AM,2018,4,12,0,22.3,72,Moderate,18.0,UG/M3,1 Hr,Valid
Embassy Kathmandu,PM2.5 - Principal,2018-04-12 01:00 AM,2018,4,12,1,24.6,77,Moderate,27.0,UG/M3,1 Hr,Valid
Embassy Kathmandu,PM2.5 - Principal,2018-04-12 02:00 AM,2018,4,12,2,31.8,92,Moderate,39.0,UG/M3,1 Hr,Valid
Embassy Kathmandu,PM2.5 - Principal,2018-04-12 03:00 AM,2018,4,12,3,25.4,79,Moderate,19.0,UG/M3,1 Hr,Valid
Embassy Kathmandu,PM2.5 - Principal,2018-04-12 04:00 AM,2018,4,12,4,22.2,72,Moderate,19.0,UG/M3,1 Hr,Valid
Embassy Kathmandu,PM2.5 - Principal,2018-04-12 05:00 AM,2018,4,12,5,24.1,76,Moderate,26.0,UG/M3,1 Hr,Valid
Embassy Kathmandu,PM2.5 - Principal,2018-04-12 06:00 AM,2018,4,12,6,29.5,88,Moderate,35.0,UG/M3,1 Hr,Valid
Embassy Kathmandu,PM2.5 - Principal,2018-04-12 07:00 AM,2018,4,12,7,35.7,101,Unhealthy for Sensitive Groups,42.0,UG/M3,1 Hr,Valid
Embassy Kathmandu,PM2.5 - Principal,2018-04-12 08:00 AM,2018,4,12,8,51.8,141,Unhealthy for Sensitive Groups,68.0,UG/M3,1 Hr,Valid
Embassy Kathmandu,PM2.5 - Principal,2018-04-12 09:00 AM,2018,4,12,9,58.9,153,Unhealthy,66.0,UG/M3,1 Hr,Valid
Embassy Kathmandu,PM2.5 - Principal,2018-04-12 10:00 AM,2018,4,12,10,55.4,150,Unhealthy for Sensitive Groups,52.0,UG/M3,1 Hr,Valid
Embassy Kathmandu,PM2.5 - Principal,2018-04-12 11:00 AM,2018,4,12,11,50.7,138,Unhealthy for Sensitive Groups,46.0,UG/M3,1 Hr,Valid
Embassy Kathmandu,PM2.5 - Principal,2018-04-12 12:00 PM,2018,4,12,12,42.3,118,Unhealthy for Sensitive Groups,34.0,UG/M3,1 Hr,Valid
Embassy Kathmandu,PM2.5 - Principal,2018-04-12 01:00 PM,2018,4,12,13,38.1,107,Unhealthy for Sensitive Groups,34.0,UG/M3,1 Hr,Valid
Embassy Kathmandu,PM2.5 - Principal,2018-04-12 02:00 PM,2018,4,12,14,35.0,99,Moderate,32.0,UG/M3,1 Hr,Valid
Embassy Kathmandu,PM2.5 - Principal,2018-04-12 03:00 PM,2018,4,12,15,36.5,103,Unhealthy for Sensitive Groups,38.0,UG/M3,1 Hr,Valid
Embassy Kathmandu,PM2.5 - Principal,2018-04-12 04:00 PM,2018,4,12,16,32.7,94,Moderate,29.0,UG/M3,1 Hr,Valid
Embassy Kathmandu,PM2.5 - Principal,2018-04-12 05:00 PM,2018,4,12,17,29.3,87,Moderate,26.0,UG/M3,1 Hr,Valid
Embassy Kathmandu,PM2.5 - Principal,2018-04-12 06:00 PM,2018,4,12,18,29.1,87,Moderate,29.0,UG/M3,1 Hr,Valid
Embassy Kathmandu,PM2.5 - Principal,2018-04-12 07:00 PM,2018,4,12,19,32.0,93,Moderate,35.0,UG/M3,1 Hr,Valid
Embassy Kathmandu,PM2.5 - Principal,2018-04-12 08:00 PM,2018,4,12,20,36.5,103,Unhealthy for Sensitive Groups,41.0,UG/M3,1 Hr,Valid
Embassy Kathmandu,PM2.5 - Principal,2018-04-12 09:00 PM,2018,4,12,21,37.2,105,Unhealthy for Sensitive Groups,38.0,UG/M3,1 Hr,Valid
Embassy Kathmandu,PM2.5 - Principal,2018-04-12 10:00 PM,2018,4,12,22,38.6,109,Unhealthy for Sensitive Groups,41.0,UG/M3,1 Hr,Valid
Embassy Kathmandu,PM2.5 - Principal,2018-04-12 11:00 PM,2018,4,12,23,33.0,95,Moderate,25.0,UG/M3,1 Hr,Valid
Embassy Kathmandu,PM2.5 - Principal,2018-04-13 12:00 AM,2018,4,13,0,31.4,92,Moderate,29.0,UG/M3,1 Hr,Valid
Embassy Kathmandu,PM2.5 - Principal,2018-04-13 01:00 AM,2018,4,13,1,24.2,76,Moderate,18.0,UG/M3,1 Hr,Valid
Embassy Kathmandu,PM2.5 - Principal,2018-04-13 02:00 AM,2018,4,13,2,40.1,112,Unhealthy for Sensitive Groups,56.0,UG/M3,1 Hr,Valid
Embassy Kathmandu,PM2.5 - Principal,2018-04-13 03:00 AM,2018,4,13,3,30.5,90,Moderate,21.0,UG/M3,1 Hr,Valid
Embassy Kathmandu,PM2.5 - Principal,2018-04-13 04:00 AM,2018,4,13,4,32.7,94,Moderate,35.0,UG/M3,1 Hr,Valid
Embassy Kathmandu,PM2.5 - Principal,2018-04-13 05:00 AM,2018,4,13,5,31.3,91,Moderate,30.0,UG/M3,1 Hr,Valid
Embassy Kathmandu,PM2.5 - Principal,2018-04-13 06:00 AM,2018,4,13,6,32.1,93,Moderate,33.0,UG/M3,1 Hr,Valid
Embassy Kathmandu,PM2.5 - Principal,2018-04-13 07:00 AM,2018,4,13,7,37.0,105,Unhealthy for Sensitive Groups,42.0,UG/M3,1 Hr,Valid
Embassy Kathmandu,PM2.5 - Principal,2018-04-13 08:00 AM,2018,4,13,8,46.5,128,Unhealthy for Sensitive Groups,56.0,UG/M3,1 Hr,Valid
Embassy Kathmandu,PM2.5 - Principal,2018-04-13 09:00 AM,2018,4,13,9,68.2,158,Unhealthy,90.0,UG/M3,1 Hr,Valid
Embassy Kathmandu,PM2.5 - Principal,2018-04-13 10:00 AM,2018,4,13,10,66.1,156,Unhealthy,64.0,UG/M3,1 Hr,Valid
Embassy Kathmandu,PM2.5 - Principal,2018-04-13 11:00 AM,2018,4,13,11,54.5,148,Unhealthy for Sensitive Groups,43.0,UG/M3,1 Hr,Valid
Embassy Kathmandu,PM2.5 - Principal,2018-04-13 12:00 PM,2018,4,13,12,36.7,104,Unhealthy for Sensitive Groups,19.0,UG/M3,1 Hr,Valid
Embassy Kathmandu,PM2.5 - Principal,2018-04-13 01:00 PM,2018,4,13,13,24.3,77,Moderate,12.0,UG/M3,1 Hr,Valid
Embassy Kathmandu,PM2.5 - Principal,2018-04-13 02:00 PM,2018,4,13,14,22.6,73,Moderate,21.0,UG/M3,1 Hr,Valid
Embassy Kathmandu,PM2.5 - Principal,2018-04-13 03:00 PM,2018,4,13,15,22.3,72,Moderate,22.0,UG/M3,1 Hr,Valid
Embassy Kathmandu,PM2.5 - Principal,2018-04-13 04:00 PM,2018,4,13,16,23.1,74,Moderate,24.0,UG/M3,1 Hr,Valid
Embassy Kathmandu,PM2.5 - Principal,2018-04-13 05:00 PM,2018,4,13,17,23.5,75,Moderate,24.0,UG/M3,1 Hr,Valid
Embassy Kathmandu,PM2.5 - Principal,2018-04-13 06:00 PM,2018,4,13,18,25.2,79,Moderate,27.0,UG/M3,1 Hr,Valid
Embassy Kathmandu,PM2.5 - Principal,2018-04-13 07:00 PM,2018,4,13,19,28.1,85,Moderate,31.0,UG/M3,1 Hr,Valid
Embassy Kathmandu,PM2.5 - Principal,2018-04-13 08:00 PM,2018,4,13,20,32.0,93,Moderate,36.0,UG/M3,1 Hr,Valid
Embassy Kathmandu,PM2.5 - Principal,2018-04-13 09:00 PM,2018,4,13,21,35.0,99,Moderate,38.0,UG/M3,1 Hr,Valid
Embassy Kathmandu,PM2.5 - Principal,2018-04-13 10:00 PM,2018,4,13,22,37.0,105,Unhealthy for Sensitive Groups,39.0,UG/M3,1 Hr,Valid
Embassy Kathmandu,PM2.5 - Principal,2018-04-13 11:00 PM,2018,4,13,23,43.5,121,Unhealthy for Sensitive Groups,50.0,UG/M3,1 Hr,Valid
Embassy Kathmandu,PM2.5 - Principal,2018-04-14 12:00 AM,2018,4,14,0,40.2,113,Unhealthy for Sensitive Groups,37.0,UG/M3,1 Hr,Valid
Embassy Kathmandu,PM2.5 - Principal,2018-04-14 01:00 AM,2018,4,14,1,39.1,110,Unhealthy for Sensitive Groups,38.0,UG/M3,1 Hr,Valid
Embassy Kathmandu,PM2.5 - Principal,2018-04-14 02:00 AM,2018,4,14,2,35.0,99,Moderate,31.0,UG/M3,1 Hr,Valid
Embassy Kathmandu,PM2.5 - Principal,2018-04-14 03:00 AM,2018,4,14,3,33.5,96,Moderate,32.0,UG/M3,1 Hr,Valid
Embassy Kathmandu,PM2.5 - Principal,2018-04-14 04:00 AM,2018,4,14,4,42.2,117,Unhealthy for Sensitive Groups,51.0,UG/M3,1 Hr,Valid
Embassy Kathmandu,PM2.5 - Principal,2018-04-14 05:00 AM,2018,4,14,5,47.4,130,Unhealthy for Sensitive Groups,53.0,UG/M3,1 Hr,Valid
Embassy Kathmandu,PM2.5 - Principal,2018-04-14 06:00 AM,2018,4,14,6,45.6,126,Unhealthy for Sensitive Groups,45.0,UG/M3,1 Hr,Valid
Embassy Kathmandu,PM2.5 - Principal,2018-04-14 07:00 AM,2018,4,14,7,60.1,153,Unhealthy,74.0,UG/M3,1 Hr,Valid
Embassy Kathmandu,PM2.5 - Principal,2018-04-14 08:00 AM,2018,4,14,8,82.0,165,Unhealthy,104.0,UG/M3,1 Hr,Valid
Embassy Kathmandu,PM2.5 - Principal,2018-04-14 09:00 AM,2018,4,14,9,92.0,170,Unhealthy,102.0,UG/M3,1 Hr,Valid
Embassy Kathmandu,PM2.5 - Principal,2018-04-14 10:00 AM,2018,4,14,10,94.0,171,Unhealthy,96.0,UG/M3,1 Hr,Valid
Embassy Kathmandu,PM2.5 - Principal,2018-04-14 11:00 AM,2018,4,14,11,78.0,163,Unhealthy,62.0,UG/M3,1 Hr,Valid
Embassy Kathmandu,PM2.5 - Principal,2018-04-14 12:00 PM,2018,4,14,12,50.0,137,Unhealthy for Sensitive Groups,22.0,UG/M3,1 Hr,Valid
Embassy Kathmandu,PM2.5 - Principal,2018-04-14 01:00 PM,2018,4,14,13,34.0,97,Moderate,18.0,UG/M3,1 Hr,Valid
Embassy Kathmandu,PM2.5 - Principal,2018-04-14 02:00 PM,2018,4,14,14,28.9,86,Moderate,24.0,UG/M3,1 Hr,Valid
Embassy Kathmandu,PM2.5 - Principal,2018-04-14 03:00 PM,2018,4,14,15,41.0,115,Unhealthy for Sensitive Groups,53.0,UG/M3,1 Hr,Valid
Embassy Kathmandu,PM2.5 - Principal,2018-04-14 04:00 PM,2018,4,14,16,37.4,106,Unhealthy for Sensitive Groups,34.0,UG/M3,1 Hr,Valid
Embassy Kathmandu,PM2.5 - Principal,2018-04-14 05:00 PM,2018,4,14,17,32.2,93,Moderate,27.0,UG/M3,1 Hr,Valid
Embassy Kathmandu,PM2.5 - Principal,2018-04-14 06:00 PM,2018,4,14,18,32.6,94,Moderate,33.0,UG/M3,1 Hr,Valid
Embassy Kathmandu,PM2.5 - Principal,2018-04-14 07:00 PM,2018,4,14,19,36.3,103,Unhealthy for Sensitive Groups,40.0,UG/M3,1 Hr,Valid
Embassy Kathmandu,PM2.5 - Principal,2018-04-14 08:00 PM,2018,4,14,20,44.1,122,Unhealthy for Sensitive Groups,52.0,UG/M3,1 Hr,Valid
Embassy Kathmandu,PM2.5 - Principal,2018-04-14 09:00 PM,2018,4,14,21,52.0,142,Unhealthy for Sensitive Groups,60.0,UG/M3,1 Hr,Valid
Embassy Kathmandu,PM2.5 - Principal,2018-04-14 10:00 PM,2018,4,14,22,61.5,154,Unhealthy,71.0,UG/M3,1 Hr,Valid
Embassy Kathmandu,PM2.5 - Principal,2018-04-14 11:00 PM,2018,4,14,23,61.7,154,Unhealthy,62.0,UG/M3,1 Hr,Valid
Embassy Kathmandu,PM2.5 - Principal,2018-04-15 12:00 AM,2018,4,15,0,56.3,151,Unhealthy,51.0,UG/M3,1 Hr,Valid
Embassy Kathmandu,PM2.5 - Principal,2018-04-15 01:00 AM,2018,4,15,1,51.1,139,Unhealthy for Sensitive Groups,46.0,UG/M3,1 Hr,Valid
Embassy Kathmandu,PM2.5 - Principal,2018-04-15 02:00 AM,2018,4,15,2,55.1,149,Unhealthy for Sensitive Groups,59.0,UG/M3,1 Hr,Valid
Embassy Kathmandu,PM2.5 - Principal,2018-04-15 03:00 AM,2018,4,15,3,50.5,138,Unhealthy for Sensitive Groups,46.0,UG/M3,1 Hr,Valid
Embassy Kathmandu,PM2.5 - Principal,2018-04-15 04:00 AM,2018,4,15,4,53.2,145,Unhealthy for Sensitive Groups,56.0,UG/M3,1 Hr,Valid
Embassy Kathmandu,PM2.5 - Principal,2018-04-15 05:00 AM,2018,4,15,5,61.6,154,Unhealthy,70.0,UG/M3,1 Hr,Valid
Embassy Kathmandu,PM2.5 - Principal,2018-04-15 06:00 AM,2018,4,15,6,67.5,157,Unhealthy,75.0,UG/M3,1 Hr,Valid
Embassy Kathmandu,PM2.5 - Principal,2018-04-15 07:00 AM,2018,4,15,7,85.1,166,Unhealthy,102.0,UG/M3,1 Hr,Valid
Embassy Kathmandu,PM2.5 - Principal,2018-04-15 08:00 AM,2018,4,15,8,93.0,170,Unhealthy,101.0,UG/M3,1 Hr,Valid
Embassy Kathmandu,PM2.5 - Principal,2018-04-15 09:00 AM,2018,4,15,9,89.5,169,Unhealthy,86.0,UG/M3,1 Hr,Valid
Embassy Kathmandu,PM2.5 - Principal,2018-04-15 10:00 AM,2018,4,15,10,91.2,169,Unhealthy,93.0,UG/M3,1 Hr,Valid
Embassy Kathmandu,PM2.5 - Principal,2018-04-15 11:00 AM,2018,4,15,11,79.6,163,Unhealthy,68.0,UG/M3,1 Hr,Valid
Embassy Kathmandu,PM2.5 - Principal,2018-04-15 12:00 PM,2018,4,15,12,69.8,158,Unhealthy,60.0,UG/M3,1 Hr,Valid
Embassy Kathmandu,PM2.5 - Principal,2018-04-15 01:00 PM,2018,4,15,13,83.9,166,Unhealthy,98.0,UG/M3,1 Hr,Valid
Embassy Kathmandu,PM2.5 - Principal,2018-04-15 02:00 PM,2018,4,15,14,79.9,164,Unhealthy,76.0,UG/M3,1 Hr,Valid
Embassy Kathmandu,PM2.5 - Principal,2018-04-15 03:00 PM,2018,4,15,15,64.9,156,Unhealthy,50.0,UG/M3,1 Hr,Valid
Embassy Kathmandu,PM2.5 - Principal,2018-04-15 04:00 PM,2018,4,15,16,68.9,158,Unhealthy,73.0,UG/M3,1 Hr,Valid
Embassy Kathmandu,PM2.5 - Principal,2018-04-15 05:00 PM,2018,4,15,17,71.4,159,Unhealthy,74.0,UG/M3,1 Hr,Valid
Embassy Kathmandu,PM2.5 - Principal,2018-04-15 06:00 PM,2018,4,15,18,72.2,160,Unhealthy,73.0,UG/M3,1 Hr,Valid
Embassy Kathmandu,PM2.5 - Principal,2018-04-15 07:00 PM,2018,4,15,19,75.1,161,Unhealthy,78.0,UG/M3,1 Hr,Valid
Embassy Kathmandu,PM2.5 - Principal,2018-04-15 08:00 PM,2018,4,15,20,72.0,160,Unhealthy,69.0,UG/M3,1 Hr,Valid
Embassy Kathmandu,PM2.5 - Principal,2018-04-15 09:00 PM,2018,4,15,21,72.0,160,Unhealthy,72.0,UG/M3,1 Hr,Valid
Embassy Kathmandu,PM2.5 - Principal,2018-04-15 10:00 PM,2018,4,15,22,74.9,161,Unhealthy,78.0,UG/M3,1 Hr,Valid
Embassy Kathmandu,PM2.5 - Principal,2018-04-15 11:00 PM,2018,4,15,23,76.4,162,Unhealthy,78.0,UG/M3,1 Hr,Valid
Embassy Kathmandu,PM2.5 - Principal,2018-04-16 12:00 AM,2018,4,16,0,73.7,160,Unhealthy,71.0,UG/M3,1 Hr,Valid
Embassy Kathmandu,PM2.5 - Principal,2018-04-16 01:00 AM,2018,4,16,1,75.7,161,Unhealthy,79.0,UG/M3,1 Hr,Valid
Embassy Kathmandu,PM2.5 - Principal,2018-04-16 02:00 AM,2018,4,16,2,72.5,160,Unhealthy,67.0,UG/M3,1 Hr,Valid
Embassy Kathmandu,PM2.5 - Principal,2018-04-16 03:00 AM,2018,4,16,3,77.9,163,Unhealthy,91.0,UG/M3,1 Hr,Valid
Embassy Kathmandu,PM2.5 - Principal,2018-04-16 04:00 AM,2018,4,16,4,76.1,162,Unhealthy,71.0,UG/M3,1 Hr,Valid
Embassy Kathmandu,PM2.5 - Principal,2018-04-16 05:00 AM,2018,4,16,5,75.2,161,Unhealthy,73.0,UG/M3,1 Hr,Valid
Embassy Kathmandu,PM2.5 - Principal,2018-04-16 06:00 AM,2018,4,16,6,78.4,163,Unhealthy,87.0,UG/M3,1 Hr,Valid
Embassy Kathmandu,PM2.5 - Principal,2018-04-16 07:00 AM,2018,4,16,7,81.3,164,Unhealthy,89.0,UG/M3,1 Hr,Valid
Embassy Kathmandu,PM2.5 - Principal,2018-04-16 08:00 AM,2018,4,16,8,94.4,171,Unhealthy,111.0,UG/M3,1 Hr,Valid
Embassy Kathmandu,PM2.5 - Principal,2018-04-16 09:00 AM,2018,4,16,9,115.2,182,Unhealthy,133.0,UG/M3,1 Hr,Valid
Embassy Kathmandu,PM2.5 - Principal,2018-04-16 10:00 AM,2018,4,16,10,123.0,186,Unhealthy,131.0,UG/M3,1 Hr,Valid
Embassy Kathmandu,PM2.5 - Principal,2018-04-16 11:00 AM,2018,4,16,11,98.2,173,Unhealthy,73.0,UG/M3,1 Hr,Valid
Embassy Kathmandu,PM2.5 - Principal,2018-04-16 12:00 PM,2018,4,16,12,84.7,166,Unhealthy,71.0,UG/M3,1 Hr,Valid
Embassy Kathmandu,PM2.5 - Principal,2018-04-16 01:00 PM,2018,4,16,13,73.7,160,Unhealthy,63.0,UG/M3,1 Hr,Valid
Embassy Kathmandu,PM2.5 - Principal,2018-04-16 02:00 PM,2018,4,16,14,64.8,156,Unhealthy,56.0,UG/M3,1 Hr,Valid
Embassy Kathmandu,PM2.5 - Principal,2018-04-16 03:00 PM,2018,4,16,15,65.9,156,Unhealthy,67.0,UG/M3,1 Hr,Valid
Embassy Kathmandu,PM2.5 - Principal,2018-04-16 04:00 PM,2018,4,16,16,66.9,157,Unhealthy,68.0,UG/M3,1 Hr,Valid
Embassy Kathmandu,PM2.5 - Principal,2018-04-16 05:00 PM,2018,4,16,17,62.4,155,Unhealthy,58.0,UG/M3,1 Hr,Valid
Embassy Kathmandu,PM2.5 - Principal,2018-04-16 06:00 PM,2018,4,16,18,61.2,154,Unhealthy,60.0,UG/M3,1 Hr,Valid
Embassy Kathmandu,PM2.5 - Principal,2018-04-16 07:00 PM,2018,4,16,19,61.6,154,Unhealthy,62.0,UG/M3,1 Hr,Valid
Embassy Kathmandu,PM2.5 - Principal,2018-04-16 08:00 PM,2018,4,16,20,70.3,159,Unhealthy,79.0,UG/M3,1 Hr,Valid
Embassy Kathmandu,PM2.5 - Principal,2018-04-16 09:00 PM,2018,4,16,21,78.1,163,Unhealthy,86.0,UG/M3,1 Hr,Valid
Embassy Kathmandu,PM2.5 - Principal,2018-04-16 10:00 PM,2018,4,16,22,80.1,164,Unhealthy,89.0,UG/M3,1 Hr,Valid
Embassy Kathmandu,PM2.5 - Principal,2018-04-16 11:00 PM,2018,4,16,23,81.5,164,Unhealthy,84.0,UG/M3,1 Hr,Valid
Embassy Kathmandu,PM2.5 - Principal,2018-04-17 12:00 AM,2018,4,17,0,79.1,163,Unhealthy,75.0,UG/M3,1 Hr,Valid
Embassy Kathmandu,PM2.5 - Principal,2018-04-17 01:00 AM,2018,4,17,1,77.6,162,Unhealthy,75.0,UG/M3,1 Hr,Valid
Embassy Kathmandu,PM2.5 - Principal,2018-04-17 02:00 AM,2018,4,17,2,77.4,162,Unhealthy,77.0,UG/M3,1 Hr,Valid
Embassy Kathmandu,PM2.5 - Principal,2018-04-17 03:00 AM,2018,4,17,3,78.7,163,Unhealthy,81.0,UG/M3,1 Hr,Valid
Embassy Kathmandu,PM2.5 - Principal,2018-04-17 04:00 AM,2018,4,17,4,78.8,163,Unhealthy,79.0,UG/M3,1 Hr,Valid
Embassy Kathmandu,PM2.5 - Principal,2018-04-17 05:00 AM,2018,4,17,5,79.2,163,Unhealthy,80.0,UG/M3,1 Hr,Valid
Embassy Kathmandu,PM2.5 - Principal,2018-04-17 06:00 AM,2018,4,17,6,75.2,161,Unhealthy,66.0,UG/M3,1 Hr,Valid
Embassy Kathmandu,PM2.5 - Principal,2018-04-17 07:00 AM,2018,4,17,7,56.3,151,Unhealthy,40.0,UG/M3,1 Hr,Valid
Embassy Kathmandu,PM2.5 - Principal,2018-04-17 08:00 AM,2018,4,17,8,55.6,151,Unhealthy,55.0,UG/M3,1 Hr,Valid
Embassy Kathmandu,PM2.5 - Principal,2018-04-17 09:00 AM,2018,4,17,9,55.6,151,Unhealthy,-15.0,UG/M3,1 Hr,Invalid
Embassy Kathmandu,PM2.5 - Principal,2018-04-17 10:00 AM,2018,4,17,10,61.8,154,Unhealthy,65.0,UG/M3,1 Hr,Valid
Embassy Kathmandu,PM2.5 - Principal,2018-04-17 11:00 AM,2018,4,17,11,57.3,152,Unhealthy,54.0,UG/M3,1 Hr,Valid
Embassy Kathmandu,PM2.5 - Principal,2018-04-17 12:00 PM,2018,4,17,12,55.0,149,Unhealthy for Sensitive Groups,53.0,UG/M3,1 Hr,Valid
Embassy Kathmandu,PM2.5 - Principal,2018-04-17 01:00 PM,2018,4,17,13,56.0,151,Unhealthy,57.0,UG/M3,1 Hr,Valid
Embassy Kathmandu,PM2.5 - Principal,2018-04-17 02:00 PM,2018,4,17,14,56.0,151,Unhealthy,56.0,UG/M3,1 Hr,Valid
Embassy Kathmandu,PM2.5 - Principal,2018-04-17 03:00 PM,2018,4,17,15,54.9,149,Unhealthy for Sensitive Groups,54.0,UG/M3,1 Hr,Valid
Embassy Kathmandu,PM2.5 - Principal,2018-04-17 04:00 PM,2018,4,17,16,60.5,154,Unhealthy,66.0,UG/M3,1 Hr,Valid
Embassy Kathmandu,PM2.5 - Principal,2018-04-17 05:00 PM,2018,4,17,17,56.1,151,Unhealthy,51.0,UG/M3,1 Hr,Valid
Embassy Kathmandu,PM2.5 - Principal,2018-04-17 06:00 PM,2018,4,17,18,58.4,152,Unhealthy,62.0,UG/M3,1 Hr,Valid
Embassy Kathmandu,PM2.5 - Principal,2018-04-17 07:00 PM,2018,4,17,19,52.9,144,Unhealthy for Sensitive Groups,43.0,UG/M3,1 Hr,Valid
Embassy Kathmandu,PM2.5 - Principal,2018-04-17 08:00 PM,2018,4,17,20,53.2,145,Unhealthy for Sensitive Groups,54.0,UG/M3,1 Hr,Valid
Embassy Kathmandu,PM2.5 - Principal,2018-04-17 09:00 PM,2018,4,17,21,58.6,153,Unhealthy,68.0,UG/M3,1 Hr,Valid
Embassy Kathmandu,PM2.5 - Principal,2018-04-17 10:00 PM,2018,4,17,22,53.2,145,Unhealthy for Sensitive Groups,44.0,UG/M3,1 Hr,Valid
Embassy Kathmandu,PM2.5 - Principal,2018-04-17 11:00 PM,2018,4,17,23,54.2,147,Unhealthy for Sensitive Groups,56.0,UG/M3,1 Hr,Valid
Embassy Kathmandu,PM2.5 - Principal,2018-04-18 12:00 AM,2018,4,18,0,50.8,139,Unhealthy for Sensitive Groups,45.0,UG/M3,1 Hr,Valid
Embassy Kathmandu,PM2.5 - Principal,2018-04-18 01:00 AM,2018,4,18,1,44.0,122,Unhealthy for Sensitive Groups,37.0,UG/M3,1 Hr,Valid
Embassy Kathmandu,PM2.5 - Principal,2018-04-18 02:00 AM,2018,4,18,2,34.6,98,Moderate,26.0,UG/M3,1 Hr,Valid
Embassy Kathmandu,PM2.5 - Principal,2018-04-18 03:00 AM,2018,4,18,3,29.3,87,Moderate,24.0,UG/M3,1 Hr,Valid
Embassy Kathmandu,PM2.5 - Principal,2018-04-18 04:00 AM,2018,4,18,4,31.1,91,Moderate,33.0,UG/M3,1 Hr,Valid
Embassy Kathmandu,PM2.5 - Principal,2018-04-18 05:00 AM,2018,4,18,5,34.5,98,Moderate,38.0,UG/M3,1 Hr,Valid
Embassy Kathmandu,PM2.5 - Principal,2018-04-18 06:00 AM,2018,4,18,6,39.2,110,Unhealthy for Sensitive Groups,44.0,UG/M3,1 Hr,Valid
Embassy Kathmandu,PM2.5 - Principal,2018-04-18 07:00 AM,2018,4,18,7,51.1,139,Unhealthy for Sensitive Groups,63.0,UG/M3,1 Hr,Valid
Embassy Kathmandu,PM2.5 - Principal,2018-04-18 08:00 AM,2018,4,18,8,60.0,153,Unhealthy,69.0,UG/M3,1 Hr,Valid
Embassy Kathmandu,PM2.5 - Principal,2018-04-18 09:00 AM,2018,4,18,9,62.5,155,Unhealthy,65.0,UG/M3,1 Hr,Valid
Embassy Kathmandu,PM2.5 - Principal,2018-04-18 10:00 AM,2018,4,18,10,63.7,155,Unhealthy,65.0,UG/M3,1 Hr,Valid
Embassy Kathmandu,PM2.5 - Principal,2018-04-18 11:00 AM,2018,4,18,11,56.8,152,Unhealthy,50.0,UG/M3,1 Hr,Valid
Embassy Kathmandu,PM2.5 - Principal,2018-04-18 12:00 PM,2018,4,18,12,49.9,136,Unhealthy for Sensitive Groups,43.0,UG/M3,1 Hr,Valid
Embassy Kathmandu,PM2.5 - Principal,2018-04-18 01:00 PM,2018,4,18,13,48.4,133,Unhealthy for Sensitive Groups,47.0,UG/M3,1 Hr,Valid
Embassy Kathmandu,PM2.5 - Principal,2018-04-18 02:00 PM,2018,4,18,14,44.2,122,Unhealthy for Sensitive Groups,40.0,UG/M3,1 Hr,Valid
Embassy Kathmandu,PM2.5 - Principal,2018-04-18 03:00 PM,2018,4,18,15,41.1,115,Unhealthy for Sensitive Groups,38.0,UG/M3,1 Hr,Valid
Embassy Kathmandu,PM2.5 - Principal,2018-04-18 04:00 PM,2018,4,18,16,43.2,120,Unhealthy for Sensitive Groups,45.0,UG/M3,1 Hr,Valid
Embassy Kathmandu,PM2.5 - Principal,2018-04-18 05:00 PM,2018,4,18,17,45.8,126,Unhealthy for Sensitive Groups,49.0,UG/M3,1 Hr,Valid
Embassy Kathmandu,PM2.5 - Principal,2018-04-18 06:00 PM,2018,4,18,18,47.2,130,Unhealthy for Sensitive Groups,49.0,UG/M3,1 Hr,Valid
Embassy Kathmandu,PM2.5 - Principal,2018-04-18 07:00 PM,2018,4,18,19,49.3,135,Unhealthy for Sensitive Groups,52.0,UG/M3,1 Hr,Valid
Embassy Kathmandu,PM2.5 - Principal,2018-04-18 08:00 PM,2018,4,18,20,49.0,134,Unhealthy for Sensitive Groups,49.0,UG/M3,1 Hr,Valid
Embassy Kathmandu,PM2.5 - Principal,2018-04-18 09:00 PM,2018,4,18,21,51.1,139,Unhealthy for Sensitive Groups,54.0,UG/M3,1 Hr,Valid
Embassy Kathmandu,PM2.5 - Principal,2018-04-18 10:00 PM,2018,4,18,22,50.0,137,Unhealthy for Sensitive Groups,50.0,UG/M3,1 Hr,Valid
Embassy Kathmandu,PM2.5 - Principal,2018-04-18 11:00 PM,2018,4,18,23,50.3,137,Unhealthy for Sensitive Groups,51.0,UG/M3,1 Hr,Valid
Embassy Kathmandu,PM2.5 - Principal,2018-04-19 12:00 AM,2018,4,19,0,52.2,142,Unhealthy for Sensitive Groups,56.0,UG/M3,1 Hr,Valid
Embassy Kathmandu,PM2.5 - Principal,2018-04-19 01:00 AM,2018,4,19,1,50.9,139,Unhealthy for Sensitive Groups,48.0,UG/M3,1 Hr,Valid
Embassy Kathmandu,PM2.5 - Principal,2018-04-19 02:00 AM,2018,4,19,2,47.0,129,Unhealthy for Sensitive Groups,39.0,UG/M3,1 Hr,Valid
Embassy Kathmandu,PM2.5 - Principal,2018-04-19 03:00 AM,2018,4,19,3,45.6,126,Unhealthy for Sensitive Groups,42.0,UG/M3,1 Hr,Valid
Embassy Kathmandu,PM2.5 - Principal,2018-04-19 04:00 AM,2018,4,19,4,45.1,125,Unhealthy for Sensitive Groups,44.0,UG/M3,1 Hr,Valid
Embassy Kathmandu,PM2.5 - Principal,2018-04-19 05:00 AM,2018,4,19,5,43.8,121,Unhealthy for Sensitive Groups,41.0,UG/M3,1 Hr,Valid
Embassy Kathmandu,PM2.5 - Principal,2018-04-19 06:00 AM,2018,4,19,6,42.3,118,Unhealthy for Sensitive Groups,39.0,UG/M3,1 Hr,Valid
Embassy Kathmandu,PM2.5 - Principal,2018-04-19 07:00 AM,2018,4,19,7,44.6,123,Unhealthy for Sensitive Groups,50.0,UG/M3,1 Hr,Valid
Embassy Kathmandu,PM2.5 - Principal,2018-04-19 08:00 AM,2018,4,19,8,46.5,128,Unhealthy for Sensitive Groups,51.0,UG/M3,1 Hr,Valid
Embassy Kathmandu,PM2.5 - Principal,2018-04-19 09:00 AM,2018,4,19,9,46.6,128,Unhealthy for Sensitive Groups,47.0,UG/M3,1 Hr,Valid
Embassy Kathmandu,PM2.5 - Principal,2018-04-19 10:00 AM,2018,4,19,10,47.3,130,Unhealthy for Sensitive Groups,49.0,UG/M3,1 Hr,Valid
Embassy Kathmandu,PM2.5 - Principal,2018-04-19 11:00 AM,2018,4,19,11,51.9,141,Unhealthy for Sensitive Groups,60.0,UG/M3,1 Hr,Valid
Embassy Kathmandu,PM2.5 - Principal,2018-04-19 12:00 PM,2018,4,19,12,59.4,153,Unhealthy,68.0,UG/M3,1 Hr,Valid
Embassy Kathmandu,PM2.5 - Principal,2018-04-19 01:00 PM,2018,4,19,13,62.6,155,Unhealthy,67.0,UG/M3,1 Hr,Valid
Embassy Kathmandu,PM2.5 - Principal,2018-04-19 02:00 PM,2018,4,19,14,56.4,151,Unhealthy,48.0,UG/M3,1 Hr,Valid
Embassy Kathmandu,PM2.5 - Principal,2018-04-19 03:00 PM,2018,4,19,15,51.1,139,Unhealthy for Sensitive Groups,44.0,UG/M3,1 Hr,Valid
Embassy Kathmandu,PM2.5 - Principal,2018-04-19 04:00 PM,2018,4,19,16,48.0,132,Unhealthy for Sensitive Groups,44.0,UG/M3,1 Hr,Valid
Embassy Kathmandu,PM2.5 - Principal,2018-04-19 05:00 PM,2018,4,19,17,46.7,129,Unhealthy for Sensitive Groups,45.0,UG/M3,1 Hr,Valid
Embassy Kathmandu,PM2.5 - Principal,2018-04-19 06:00 PM,2018,4,19,18,46.7,129,Unhealthy for Sensitive Groups,45.0,UG/M3,1 Hr,Valid
Embassy Kathmandu,PM2.5 - Principal,2018-04-19 07:00 PM,2018,4,19,19,48.6,133,Unhealthy for Sensitive Groups,52.0,UG/M3,1 Hr,Valid
Embassy Kathmandu,PM2.5 - Principal,2018-04-19 08:00 PM,2018,4,19,20,48.3,133,Unhealthy for Sensitive Groups,48.0,UG/M3,1 Hr,Valid
Embassy Kathmandu,PM2.5 - Principal,2018-04-19 09:00 PM,2018,4,19,21,45.9,127,Unhealthy for Sensitive Groups,42.0,UG/M3,1 Hr,Valid
Embassy Kathmandu,PM2.5 - Principal,2018-04-19 10:00 PM,2018,4,19,22,47.4,130,Unhealthy for Sensitive Groups,50.0,UG/M3,1 Hr,Valid
Embassy Kathmandu,PM2.5 - Principal,2018-04-19 11:00 PM,2018,4,19,23,43.3,120,Unhealthy for Sensitive Groups,38.0,UG/M3,1 Hr,Valid
Embassy Kathmandu,PM2.5 - Principal,2018-04-20 12:00 AM,2018,4,20,0,39.1,110,Unhealthy for Sensitive Groups,35.0,UG/M3,1 Hr,Valid
Embassy Kathmandu,PM2.5 - Principal,2018-04-20 01:00 AM,2018,4,20,1,46.3,128,Unhealthy for Sensitive Groups,56.0,UG/M3,1 Hr,Valid
Embassy Kathmandu,PM2.5 - Principal,2018-04-20 02:00 AM,2018,4,20,2,49.9,136,Unhealthy for Sensitive Groups,56.0,UG/M3,1 Hr,Valid
Embassy Kathmandu,PM2.5 - Principal,2018-04-20 03:00 AM,2018,4,20,3,53.9,146,Unhealthy for Sensitive Groups,59.0,UG/M3,1 Hr,Valid
Embassy Kathmandu,PM2.5 - Principal,2018-04-20 04:00 AM,2018,4,20,4,45.6,126,Unhealthy for Sensitive Groups,34.0,UG/M3,1 Hr,Valid
Embassy Kathmandu,PM2.5 - Principal,2018-04-20 05:00 AM,2018,4,20,5,47.4,130,Unhealthy for Sensitive Groups,50.0,UG/M3,1 Hr,Valid
Embassy Kathmandu,PM2.5 - Principal,2018-04-20 06:00 AM,2018,4,20,6,48.9,134,Unhealthy for Sensitive Groups,51.0,UG/M3,1 Hr,Valid
Embassy Kathmandu,PM2.5 - Principal,2018-04-20 07:00 AM,2018,4,20,7,54.8,149,Unhealthy for Sensitive Groups,62.0,UG/M3,1 Hr,Valid
Embassy Kathmandu,PM2.5 - Principal,2018-04-20 08:00 AM,2018,4,20,8,62.7,155,Unhealthy,70.0,UG/M3,1 Hr,Valid
Embassy Kathmandu,PM2.5 - Principal,2018-04-20 09:00 AM,2018,4,20,9,72.4,160,Unhealthy,82.0,UG/M3,1 Hr,Valid
Embassy Kathmandu,PM2.5 - Principal,2018-04-20 10:00 AM,2018,4,20,10,77.7,162,Unhealthy,83.0,UG/M3,1 Hr,Valid
Embassy Kathmandu,PM2.5 - Principal,2018-04-20 11:00 AM,2018,4,20,11,82.8,165,Unhealthy,88.0,UG/M3,1 Hr,Valid
Embassy Kathmandu,PM2.5 - Principal,2018-04-20 12:00 PM,2018,4,20,12,78.9,163,Unhealthy,75.0,UG/M3,1 Hr,Valid
Embassy Kathmandu,PM2.5 - Principal,2018-04-20 01:00 PM,2018,4,20,13,76.4,162,Unhealthy,74.0,UG/M3,1 Hr,Valid
Embassy Kathmandu,PM2.5 - Principal,2018-04-20 02:00 PM,2018,4,20,14,84.2,166,Unhealthy,92.0,UG/M3,1 Hr,Valid
Embassy Kathmandu,PM2.5 - Principal,2018-04-20 03:00 PM,2018,4,20,15,63.1,155,Unhealthy,42.0,UG/M3,1 Hr,Valid
Embassy Kathmandu,PM2.5 - Principal,2018-04-20 04:00 PM,2018,4,20,16,51.5,140,Unhealthy for Sensitive Groups,40.0,UG/M3,1 Hr,Valid
Embassy Kathmandu,PM2.5 - Principal,2018-04-20 05:00 PM,2018,4,20,17,48.2,132,Unhealthy for Sensitive Groups,45.0,UG/M3,1 Hr,Valid
Embassy Kathmandu,PM2.5 - Principal,2018-04-20 06:00 PM,2018,4,20,18,47.1,130,Unhealthy for Sensitive Groups,46.0,UG/M3,1 Hr,Valid
Embassy Kathmandu,PM2.5 - Principal,2018-04-20 07:00 PM,2018,4,20,19,44.0,122,Unhealthy for Sensitive Groups,41.0,UG/M3,1 Hr,Valid
Embassy Kathmandu,PM2.5 - Principal,2018-04-20 08:00 PM,2018,4,20,20,47.5,131,Unhealthy for Sensitive Groups,51.0,UG/M3,1 Hr,Valid
Embassy Kathmandu,PM2.5 - Principal,2018-04-20 09:00 PM,2018,4,20,21,49.2,135,Unhealthy for Sensitive Groups,51.0,UG/M3,1 Hr,Valid
Embassy Kathmandu,PM2.5 - Principal,2018-04-20 10:00 PM,2018,4,20,22,43.6,121,Unhealthy for Sensitive Groups,38.0,UG/M3,1 Hr,Valid
Embassy Kathmandu,PM2.5 - Principal,2018-04-20 11:00 PM,2018,4,20,23,40.8,114,Unhealthy for Sensitive Groups,38.0,UG/M3,1 Hr,Valid
Embassy Kathmandu,PM2.5 - Principal,2018-04-21 12:00 AM,2018,4,21,0,47.9,132,Unhealthy for Sensitive Groups,55.0,UG/M3,1 Hr,Valid
Embassy Kathmandu,PM2.5 - Principal,2018-04-21 01:00 AM,2018,4,21,1,41.4,116,Unhealthy for Sensitive Groups,35.0,UG/M3,1 Hr,Valid
Embassy Kathmandu,PM2.5 - Principal,2018-04-21 02:00 AM,2018,4,21,2,33.7,96,Moderate,26.0,UG/M3,1 Hr,Valid
Embassy Kathmandu,PM2.5 - Principal,2018-04-21 03:00 AM,2018,4,21,3,33.8,97,Moderate,34.0,UG/M3,1 Hr,Valid
Embassy Kathmandu,PM2.5 - Principal,2018-04-21 04:00 AM,2018,4,21,4,44.9,124,Unhealthy for Sensitive Groups,56.0,UG/M3,1 Hr,Valid
Embassy Kathmandu,PM2.5 - Principal,2018-04-21 05:00 AM,2018,4,21,5,41.9,117,Unhealthy for Sensitive Groups,39.0,UG/M3,1 Hr,Valid
Embassy Kathmandu,PM2.5 - Principal,2018-04-21 06:00 AM,2018,4,21,6,44.9,124,Unhealthy for Sensitive Groups,48.0,UG/M3,1 Hr,Valid
Embassy Kathmandu,PM2.5 - Principal,2018-04-21 07:00 AM,2018,4,21,7,47.9,132,Unhealthy for Sensitive Groups,51.0,UG/M3,1 Hr,Valid
Embassy Kathmandu,PM2.5 - Principal,2018-04-21 08:00 AM,2018,4,21,8,56.4,151,Unhealthy,65.0,UG/M3,1 Hr,Valid
Embassy Kathmandu,PM2.5 - Principal,2018-04-21 09:00 AM,2018,4,21,9,58.7,153,Unhealthy,61.0,UG/M3,1 Hr,Valid
Embassy Kathmandu,PM2.5 - Principal,2018-04-21 10:00 AM,2018,4,21,10,54.8,149,Unhealthy for Sensitive Groups,51.0,UG/M3,1 Hr,Valid
Embassy Kathmandu,PM2.5 - Principal,2018-04-21 11:00 AM,2018,4,21,11,48.9,134,Unhealthy for Sensitive Groups,43.0,UG/M3,1 Hr,Valid
Embassy Kathmandu,PM2.5 - Principal,2018-04-21 12:00 PM,2018,4,21,12,41.4,116,Unhealthy for Sensitive Groups,34.0,UG/M3,1 Hr,Valid
Embassy Kathmandu,PM2.5 - Principal,2018-04-21 01:00 PM,2018,4,21,13,39.7,111,Unhealthy for Sensitive Groups,38.0,UG/M3,1 Hr,Valid
Embassy Kathmandu,PM2.5 - Principal,2018-04-21 02:00 PM,2018,4,21,14,40.0,112,Unhealthy for Sensitive Groups,40.0,UG/M3,1 Hr,Valid
Embassy Kathmandu,PM2.5 - Principal,2018-04-21 03:00 PM,2018,4,21,15,38.5,108,Unhealthy for Sensitive Groups,37.0,UG/M3,1 Hr,Valid
Embassy Kathmandu,PM2.5 - Principal,2018-04-21 04:00 PM,2018,4,21,16,37.3,105,Unhealthy for Sensitive Groups,36.0,UG/M3,1 Hr,Valid
Embassy Kathmandu,PM2.5 - Principal,2018-04-21 05:00 PM,2018,4,21,17,37.6,106,Unhealthy for Sensitive Groups,38.0,UG/M3,1 Hr,Valid
Embassy Kathmandu,PM2.5 - Principal,2018-04-21 06:00 PM,2018,4,21,18,40.2,113,Unhealthy for Sensitive Groups,43.0,UG/M3,1 Hr,Valid
Embassy Kathmandu,PM2.5 - Principal,2018-04-21 07:00 PM,2018,4,21,19,44.3,123,Unhealthy for Sensitive Groups,49.0,UG/M3,1 Hr,Valid
Embassy Kathmandu,PM2.5 - Principal,2018-04-21 08:00 PM,2018,4,21,20,51.0,139,Unhealthy for Sensitive Groups,60.0,UG/M3,1 Hr,Valid
Embassy Kathmandu,PM2.5 - Principal,2018-04-21 09:00 PM,2018,4,21,21,38.6,109,Unhealthy for Sensitive Groups,25.0,UG/M3,1 Hr,Valid
Embassy Kathmandu,PM2.5 - Principal,2018-04-21 10:00 PM,2018,4,21,22,29.8,88,Moderate,21.0,UG/M3,1 Hr,Valid
Embassy Kathmandu,PM2.5 - Principal,2018-04-21 11:00 PM,2018,4,21,23,27.4,83,Moderate,25.0,UG/M3,1 Hr,Valid
Embassy Kathmandu,PM2.5 - Principal,2018-04-22 12:00 AM,2018,4,22,0,26.7,82,Moderate,26.0,UG/M3,1 Hr,Valid
Embassy Kathmandu,PM2.5 - Principal,2018-04-22 01:00 AM,2018,4,22,1,26.8,82,Moderate,27.0,UG/M3,1 Hr,Valid
Embassy Kathmandu,PM2.5 - Principal,2018-04-22 02:00 AM,2018,4,22,2,25.4,79,Moderate,24.0,UG/M3,1 Hr,Valid
Embassy Kathmandu,PM2.5 - Principal,2018-04-22 03:00 AM,2018,4,22,3,33.7,96,Moderate,42.0,UG/M3,1 Hr,Valid
Embassy Kathmandu,PM2.5 - Principal,2018-04-22 04:00 AM,2018,4,22,4,36.3,103,Unhealthy for Sensitive Groups,39.0,UG/M3,1 Hr,Valid
Embassy Kathmandu,PM2.5 - Principal,2018-04-22 05:00 AM,2018,4,22,5,37.1,105,Unhealthy for Sensitive Groups,38.0,UG/M3,1 Hr,Valid
Embassy Kathmandu,PM2.5 - Principal,2018-04-22 06:00 AM,2018,4,22,6,44.5,123,Unhealthy for Sensitive Groups,52.0,UG/M3,1 Hr,Valid
Embassy Kathmandu,PM2.5 - Principal,2018-04-22 07:00 AM,2018,4,22,7,54.2,147,Unhealthy for Sensitive Groups,64.0,UG/M3,1 Hr,Valid
Embassy Kathmandu,PM2.5 - Principal,2018-04-22 08:00 AM,2018,4,22,8,69.1,158,Unhealthy,84.0,UG/M3,1 Hr,Valid
Embassy Kathmandu,PM2.5 - Principal,2018-04-22 09:00 AM,2018,4,22,9,81.0,164,Unhealthy,93.0,UG/M3,1 Hr,Valid
Embassy Kathmandu,PM2.5 - Principal,2018-04-22 10:00 AM,2018,4,22,10,84.5,166,Unhealthy,88.0,UG/M3,1 Hr,Valid
Embassy Kathmandu,PM2.5 - Principal,2018-04-22 11:00 AM,2018,4,22,11,69.2,158,Unhealthy,54.0,UG/M3,1 Hr,Valid
Embassy Kathmandu,PM2.5 - Principal,2018-04-22 12:00 PM,2018,4,22,12,56.6,152,Unhealthy,44.0,UG/M3,1 Hr,Valid
Embassy Kathmandu,PM2.5 - Principal,2018-04-22 01:00 PM,2018,4,22,13,54.3,147,Unhealthy for Sensitive Groups,52.0,UG/M3,1 Hr,Valid
Embassy Kathmandu,PM2.5 - Principal,2018-04-22 02:00 PM,2018,4,22,14,49.1,134,Unhealthy for Sensitive Groups,44.0,UG/M3,1 Hr,Valid
Embassy Kathmandu,PM2.5 - Principal,2018-04-22 03:00 PM,2018,4,22,15,44.5,123,Unhealthy for Sensitive Groups,40.0,UG/M3,1 Hr,Valid
Embassy Kathmandu,PM2.5 - Principal,2018-04-22 04:00 PM,2018,4,22,16,41.7,116,Unhealthy for Sensitive Groups,39.0,UG/M3,1 Hr,Valid
Embassy Kathmandu,PM2.5 - Principal,2018-04-22 05:00 PM,2018,4,22,17,46.3,128,Unhealthy for Sensitive Groups,51.0,UG/M3,1 Hr,Valid
Embassy Kathmandu,PM2.5 - Principal,2018-04-22 06:00 PM,2018,4,22,18,50.1,137,Unhealthy for Sensitive Groups,54.0,UG/M3,1 Hr,Valid
Embassy Kathmandu,PM2.5 - Principal,2018-04-22 07:00 PM,2018,4,22,19,54.0,147,Unhealthy for Sensitive Groups,58.0,UG/M3,1 Hr,Valid
Embassy Kathmandu,PM2.5 - Principal,2018-04-22 08:00 PM,2018,4,22,20,65.5,156,Unhealthy,77.0,UG/M3,1 Hr,Valid
Embassy Kathmandu,PM2.5 - Principal,2018-04-22 09:00 PM,2018,4,22,21,78.7,163,Unhealthy,92.0,UG/M3,1 Hr,Valid
Embassy Kathmandu,PM2.5 - Principal,2018-04-22 10:00 PM,2018,4,22,22,85.8,167,Unhealthy,93.0,UG/M3,1 Hr,Valid
Embassy Kathmandu,PM2.5 - Principal,2018-04-22 11:00 PM,2018,4,22,23,81.4,164,Unhealthy,77.0,UG/M3,1 Hr,Valid
Embassy Kathmandu,PM2.5 - Principal,2018-04-23 12:00 AM,2018,4,23,0,72.7,160,Unhealthy,64.0,UG/M3,1 Hr,Valid
Embassy Kathmandu,PM2.5 - Principal,2018-04-23 01:00 AM,2018,4,23,1,73.8,160,Unhealthy,75.0,UG/M3,1 Hr,Valid
Embassy Kathmandu,PM2.5 - Principal,2018-04-23 02:00 AM,2018,4,23,2,69.9,158,Unhealthy,66.0,UG/M3,1 Hr,Valid
Embassy Kathmandu,PM2.5 - Principal,2018-04-23 03:00 AM,2018,4,23,3,64.9,156,Unhealthy,60.0,UG/M3,1 Hr,Valid
Embassy Kathmandu,PM2.5 - Principal,2018-04-23 04:00 AM,2018,4,23,4,62.6,155,Unhealthy,59.0,UG/M3,1 Hr,Valid
Embassy Kathmandu,PM2.5 - Principal,2018-04-23 05:00 AM,2018,4,23,5,65.6,156,Unhealthy,69.0,UG/M3,1 Hr,Valid
Embassy Kathmandu,PM2.5 - Principal,2018-04-23 06:00 AM,2018,4,23,6,66.3,157,Unhealthy,67.0,UG/M3,1 Hr,Valid
Embassy Kathmandu,PM2.5 - Principal,2018-04-23 07:00 AM,2018,4,23,7,86.5,167,Unhealthy,110.0,UG/M3,1 Hr,Valid
Embassy Kathmandu,PM2.5 - Principal,2018-04-23 08:00 AM,2018,4,23,8,118.0,183,Unhealthy,148.0,UG/M3,1 Hr,Valid
Embassy Kathmandu,PM2.5 - Principal,2018-04-23 09:00 AM,2018,4,23,9,127.0,188,Unhealthy,136.0,UG/M3,1 Hr,Valid
Embassy Kathmandu,PM2.5 - Principal,2018-04-23 10:00 AM,2018,4,23,10,127.0,188,Unhealthy,985.0,UG/M3,1 Hr,Invalid
Embassy Kathmandu,PM2.5 - Principal,2018-04-23 11:00 AM,2018,4,23,11,89.6,169,Unhealthy,71.0,UG/M3,1 Hr,Valid
Embassy Kathmandu,PM2.5 - Principal,2018-04-23 12:00 PM,2018,4,23,12,78.4,163,Unhealthy,70.0,UG/M3,1 Hr,Valid
Embassy Kathmandu,PM2.5 - Principal,2018-04-23 01:00 PM,2018,4,23,13,67.0,157,Unhealthy,57.0,UG/M3,1 Hr,Valid
Embassy Kathmandu,PM2.5 - Principal,2018-04-23 02:00 PM,2018,4,23,14,60.2,153,Unhealthy,54.0,UG/M3,1 Hr,Valid
Embassy Kathmandu,PM2.5 - Principal,2018-04-23 03:00 PM,2018,4,23,15,66.2,157,Unhealthy,72.0,UG/M3,1 Hr,Valid
Embassy Kathmandu,PM2.5 - Principal,2018-04-23 04:00 PM,2018,4,23,16,67.6,157,Unhealthy,69.0,UG/M3,1 Hr,Valid
Embassy Kathmandu,PM2.5 - Principal,2018-04-23 05:00 PM,2018,4,23,17,70.3,159,Unhealthy,73.0,UG/M3,1 Hr,Valid
Embassy Kathmandu,PM2.5 - Principal,2018-04-23 06:00 PM,2018,4,23,18,74.1,161,Unhealthy,78.0,UG/M3,1 Hr,Valid
Embassy Kathmandu,PM2.5 - Principal,2018-04-23 07:00 PM,2018,4,23,19,76.5,162,Unhealthy,79.0,UG/M3,1 Hr,Valid
Embassy Kathmandu,PM2.5 - Principal,2018-04-23 08:00 PM,2018,4,23,20,80.7,164,Unhealthy,85.0,UG/M3,1 Hr,Valid
Embassy Kathmandu,PM2.5 - Principal,2018-04-23 09:00 PM,2018,4,23,21,85.1,166,Unhealthy,93.0,UG/M3,1 Hr,Valid
Embassy Kathmandu,PM2.5 - Principal,2018-04-23 10:00 PM,2018,4,23,22,82.5,165,Unhealthy,79.0,UG/M3,1 Hr,Valid
Embassy Kathmandu,PM2.5 - Principal,2018-04-23 11:00 PM,2018,4,23,23,87.4,167,Unhealthy,94.0,UG/M3,1 Hr,Valid
Embassy Kathmandu,PM2.5 - Principal,2018-04-24 12:00 AM,2018,4,24,0,85.5,166,Unhealthy,83.0,UG/M3,1 Hr,Valid
Embassy Kathmandu,PM2.5 - Principal,2018-04-24 01:00 AM,2018,4,24,1,82.3,165,Unhealthy,78.0,UG/M3,1 Hr,Valid
Embassy Kathmandu,PM2.5 - Principal,2018-04-24 02:00 AM,2018,4,24,2,81.4,164,Unhealthy,78.0,UG/M3,1 Hr,Valid
Embassy Kathmandu,PM2.5 - Principal,2018-04-24 03:00 AM,2018,4,24,3,81.4,164,Unhealthy,81.0,UG/M3,1 Hr,Valid
Embassy Kathmandu,PM2.5 - Principal,2018-04-24 04:00 AM,2018,4,24,4,96.2,172,Unhealthy,120.0,UG/M3,1 Hr,Valid
Embassy Kathmandu,PM2.5 - Principal,2018-04-24 05:00 AM,2018,4,24,5,97.0,172,Unhealthy,101.0,UG/M3,1 Hr,Valid
Embassy Kathmandu,PM2.5 - Principal,2018-04-24 06:00 AM,2018,4,24,6,114.1,181,Unhealthy,135.0,UG/M3,1 Hr,Valid
Embassy Kathmandu,PM2.5 - Principal,2018-04-24 07:00 AM,2018,4,24,7,149.4,199,Unhealthy,181.0,UG/M3,1 Hr,Valid
Embassy Kathmandu,PM2.5 - Principal,2018-04-24 08:00 AM,2018,4,24,8,184.7,235,Very Unhealthy,220.0,UG/M3,1 Hr,Valid
Embassy Kathmandu,PM2.5 - Principal,2018-04-24 09:00 AM,2018,4,24,9,195.8,246,Very Unhealthy,207.0,UG/M3,1 Hr,Valid
Embassy Kathmandu,PM2.5 - Principal,2018-04-24 10:00 AM,2018,4,24,10,179.4,230,Very Unhealthy,163.0,UG/M3,1 Hr,Valid
Embassy Kathmandu,PM2.5 - Principal,2018-04-24 11:00 AM,2018,4,24,11,185.2,235,Very Unhealthy,191.0,UG/M3,1 Hr,Valid
Embassy Kathmandu,PM2.5 - Principal,2018-04-24 12:00 PM,2018,4,24,12,164.1,214,Very Unhealthy,143.0,UG/M3,1 Hr,Valid
Embassy Kathmandu,PM2.5 - Principal,2018-04-24 01:00 PM,2018,4,24,13,137.5,193,Unhealthy,111.0,UG/M3,1 Hr,Valid
Embassy Kathmandu,PM2.5 - Principal,2018-04-24 02:00 PM,2018,4,24,14,110.2,179,Unhealthy,83.0,UG/M3,1 Hr,Valid
Embassy Kathmandu,PM2.5 - Principal,2018-04-24 03:00 PM,2018,4,24,15,111.6,180,Unhealthy,113.0,UG/M3,1 Hr,Valid
Embassy Kathmandu,PM2.5 - Principal,2018-04-24 04:00 PM,2018,4,24,16,106.3,177,Unhealthy,101.0,UG/M3,1 Hr,Valid
Embassy Kathmandu,PM2.5 - Principal,2018-04-24 05:00 PM,2018,4,24,17,101.1,175,Unhealthy,96.0,UG/M3,1 Hr,Valid
Embassy Kathmandu,PM2.5 - Principal,2018-04-24 06:00 PM,2018,4,24,18,99.5,174,Unhealthy,98.0,UG/M3,1 Hr,Valid
Embassy Kathmandu,PM2.5 - Principal,2018-04-24 07:00 PM,2018,4,24,19,129.7,189,Unhealthy,160.0,UG/M3,1 Hr,Valid
Embassy Kathmandu,PM2.5 - Principal,2018-04-24 08:00 PM,2018,4,24,20,107.3,178,Unhealthy,85.0,UG/M3,1 Hr,Valid
Embassy Kathmandu,PM2.5 - Principal,2018-04-24 09:00 PM,2018,4,24,21,93.6,171,Unhealthy,80.0,UG/M3,1 Hr,Valid
Embassy Kathmandu,PM2.5 - Principal,2018-04-24 10:00 PM,2018,4,24,22,88.8,168,Unhealthy,84.0,UG/M3,1 Hr,Valid
Embassy Kathmandu,PM2.5 - Principal,2018-04-24 11:00 PM,2018,4,24,23,87.9,168,Unhealthy,87.0,UG/M3,1 Hr,Valid
Embassy Kathmandu,PM2.5 - Principal,2018-04-25 12:00 AM,2018,4,25,0,81.9,165,Unhealthy,76.0,UG/M3,1 Hr,Valid
Embassy Kathmandu,PM2.5 - Principal,2018-04-25 01:00 AM,2018,4,25,1,72.4,160,Unhealthy,63.0,UG/M3,1 Hr,Valid
Embassy Kathmandu,PM2.5 - Principal,2018-04-25 02:00 AM,2018,4,25,2,71.2,159,Unhealthy,70.0,UG/M3,1 Hr,Valid
Embassy Kathmandu,PM2.5 - Principal,2018-04-25 03:00 AM,2018,4,25,3,72.6,160,Unhealthy,74.0,UG/M3,1 Hr,Valid
Embassy Kathmandu,PM2.5 - Principal,2018-04-25 04:00 AM,2018,4,25,4,70.8,159,Unhealthy,69.0,UG/M3,1 Hr,Valid
Embassy Kathmandu,PM2.5 - Principal,2018-04-25 05:00 AM,2018,4,25,5,74.8,161,Unhealthy,79.0,UG/M3,1 Hr,Valid
Embassy Kathmandu,PM2.5 - Principal,2018-04-25 06:00 AM,2018,4,25,6,85.9,167,Unhealthy,97.0,UG/M3,1 Hr,Valid
Embassy Kathmandu,PM2.5 - Principal,2018-04-25 07:00 AM,2018,4,25,7,97.7,173,Unhealthy,114.0,UG/M3,1 Hr,Valid
Embassy Kathmandu,PM2.5 - Principal,2018-04-25 08:00 AM,2018,4,25,8,125.4,187,Unhealthy,151.0,UG/M3,1 Hr,Valid
Embassy Kathmandu,PM2.5 - Principal,2018-04-25 09:00 AM,2018,4,25,9,136.2,193,Unhealthy,147.0,UG/M3,1 Hr,Valid
Embassy Kathmandu,PM2.5 - Principal,2018-04-25 10:00 AM,2018,4,25,10,146.1,198,Unhealthy,156.0,UG/M3,1 Hr,Valid
Embassy Kathmandu,PM2.5 - Principal,2018-04-25 11:00 AM,2018,4,25,11,122.5,186,Unhealthy,99.0,UG/M3,1 Hr,Valid
Embassy Kathmandu,PM2.5 - Principal,2018-04-25 12:00 PM,2018,4,25,12,106.2,177,Unhealthy,90.0,UG/M3,1 Hr,Valid
Embassy Kathmandu,PM2.5 - Principal,2018-04-25 01:00 PM,2018,4,25,13,93.1,170,Unhealthy,80.0,UG/M3,1 Hr,Valid
Embassy Kathmandu,PM2.5 - Principal,2018-04-25 02:00 PM,2018,4,25,14,83.0,165,Unhealthy,73.0,UG/M3,1 Hr,Valid
Embassy Kathmandu,PM2.5 - Principal,2018-04-25 03:00 PM,2018,4,25,15,78.0,163,Unhealthy,73.0,UG/M3,1 Hr,Valid
Embassy Kathmandu,PM2.5 - Principal,2018-04-25 04:00 PM,2018,4,25,16,76.5,162,Unhealthy,75.0,UG/M3,1 Hr,Valid
Embassy Kathmandu,PM2.5 - Principal,2018-04-25 05:00 PM,2018,4,25,17,75.7,161,Unhealthy,75.0,UG/M3,1 Hr,Valid
Embassy Kathmandu,PM2.5 - Principal,2018-04-25 06:00 PM,2018,4,25,18,74.3,161,Unhealthy,73.0,UG/M3,1 Hr,Valid
Embassy Kathmandu,PM2.5 - Principal,2018-04-25 07:00 PM,2018,4,25,19,74.6,161,Unhealthy,75.0,UG/M3,1 Hr,Valid
Embassy Kathmandu,PM2.5 - Principal,2018-04-25 08:00 PM,2018,4,25,20,74.8,161,Unhealthy,75.0,UG/M3,1 Hr,Valid
Embassy Kathmandu,PM2.5 - Principal,2018-04-25 09:00 PM,2018,4,25,21,78.4,163,Unhealthy,82.0,UG/M3,1 Hr,Valid
Embassy Kathmandu,PM2.5 - Principal,2018-04-25 10:00 PM,2018,4,25,22,77.9,163,Unhealthy,80.0,UG/M3,1 Hr,Valid
Embassy Kathmandu,PM2.5 - Principal,2018-04-25 11:00 PM,2018,4,25,23,81.4,164,Unhealthy,94.0,UG/M3,1 Hr,Valid
Embassy Kathmandu,PM2.5 - Principal,2018-04-26 12:00 AM,2018,4,26,0,80.9,164,Unhealthy,80.0,UG/M3,1 Hr,Valid
Embassy Kathmandu,PM2.5 - Principal,2018-04-26 01:00 AM,2018,4,26,1,81.0,164,Unhealthy,81.0,UG/M3,1 Hr,Valid
Embassy Kathmandu,PM2.5 - Principal,2018-04-26 02:00 AM,2018,4,26,2,79.4,163,Unhealthy,74.0,UG/M3,1 Hr,Valid
Embassy Kathmandu,PM2.5 - Principal,2018-04-26 03:00 AM,2018,4,26,3,84.7,166,Unhealthy,99.0,UG/M3,1 Hr,Valid
Embassy Kathmandu,PM2.5 - Principal,2018-04-26 04:00 AM,2018,4,26,4,83.5,165,Unhealthy,80.0,UG/M3,1 Hr,Valid
Embassy Kathmandu,PM2.5 - Principal,2018-04-26 05:00 AM,2018,4,26,5,83.1,165,Unhealthy,82.0,UG/M3,1 Hr,Valid
Embassy Kathmandu,PM2.5 - Principal,2018-04-26 06:00 AM,2018,4,26,6,84.2,166,Unhealthy,87.0,UG/M3,1 Hr,Valid
Embassy Kathmandu,PM2.5 - Principal,2018-04-26 07:00 AM,2018,4,26,7,97.1,172,Unhealthy,118.0,UG/M3,1 Hr,Valid
Embassy Kathmandu,PM2.5 - Principal,2018-04-26 08:00 AM,2018,4,26,8,106.8,177,Unhealthy,121.0,UG/M3,1 Hr,Valid
Embassy Kathmandu,PM2.5 - Principal,2018-04-26 09:00 AM,2018,4,26,9,106.1,177,Unhealthy,105.0,UG/M3,1 Hr,Valid
Embassy Kathmandu,PM2.5 - Principal,2018-04-26 10:00 AM,2018,4,26,10,114.1,181,Unhealthy,125.0,UG/M3,1 Hr,Valid
Embassy Kathmandu,PM2.5 - Principal,2018-04-26 11:00 AM,2018,4,26,11,135.2,192,Unhealthy,154.0,UG/M3,1 Hr,Valid
Embassy Kathmandu,PM2.5 - Principal,2018-04-26 12:00 PM,2018,4,26,12,140.1,195,Unhealthy,145.0,UG/M3,1 Hr,Valid
Embassy Kathmandu,PM2.5 - Principal,2018-04-26 01:00 PM,2018,4,26,13,147.5,199,Unhealthy,155.0,UG/M3,1 Hr,Valid
Embassy Kathmandu,PM2.5 - Principal,2018-04-26 02:00 PM,2018,4,26,14,124.7,187,Unhealthy,101.0,UG/M3,1 Hr,Valid
Embassy Kathmandu,PM2.5 - Principal,2018-04-26 03:00 PM,2018,4,26,15,146.6,198,Unhealthy,169.0,UG/M3,1 Hr,Valid
Embassy Kathmandu,PM2.5 - Principal,2018-04-26 04:00 PM,2018,4,26,16,123.3,186,Unhealthy,100.0,UG/M3,1 Hr,Valid
Embassy Kathmandu,PM2.5 - Principal,2018-04-26 05:00 PM,2018,4,26,17,109.3,179,Unhealthy,94.0,UG/M3,1 Hr,Valid
Embassy Kathmandu,PM2.5 - Principal,2018-04-26 06:00 PM,2018,4,26,18,113.3,181,Unhealthy,116.0,UG/M3,1 Hr,Valid
Embassy Kathmandu,PM2.5 - Principal,2018-04-26 07:00 PM,2018,4,26,19,84.6,166,Unhealthy,57.0,UG/M3,1 Hr,Valid
Embassy Kathmandu,PM2.5 - Principal,2018-04-26 08:00 PM,2018,4,26,20,68.8,158,Unhealthy,53.0,UG/M3,1 Hr,Valid
Embassy Kathmandu,PM2.5 - Principal,2018-04-26 09:00 PM,2018,4,26,21,64.9,156,Unhealthy,61.0,UG/M3,1 Hr,Valid
Embassy Kathmandu,PM2.5 - Principal,2018-04-26 10:00 PM,2018,4,26,22,58.9,153,Unhealthy,53.0,UG/M3,1 Hr,Valid
Embassy Kathmandu,PM2.5 - Principal,2018-04-26 11:00 PM,2018,4,26,23,54.9,149,Unhealthy for Sensitive Groups,51.0,UG/M3,1 Hr,Valid
Embassy Kathmandu,PM2.5 - Principal,2018-04-27 12:00 AM,2018,4,27,0,57.9,152,Unhealthy,61.0,UG/M3,1 Hr,Valid
Embassy Kathmandu,PM2.5 - Principal,2018-04-27 01:00 AM,2018,4,27,1,52.9,144,Unhealthy for Sensitive Groups,48.0,UG/M3,1 Hr,Valid
Embassy Kathmandu,PM2.5 - Principal,2018-04-27 02:00 AM,2018,4,27,2,40.4,113,Unhealthy for Sensitive Groups,28.0,UG/M3,1 Hr,Valid
Embassy Kathmandu,PM2.5 - Principal,2018-04-27 03:00 AM,2018,4,27,3,40.2,113,Unhealthy for Sensitive Groups,40.0,UG/M3,1 Hr,Valid
Embassy Kathmandu,PM2.5 - Principal,2018-04-27 04:00 AM,2018,4,27,4,38.6,109,Unhealthy for Sensitive Groups,37.0,UG/M3,1 Hr,Valid
Embassy Kathmandu,PM2.5 - Principal,2018-04-27 05:00 AM,2018,4,27,5,42.2,117,Unhealthy for Sensitive Groups,46.0,UG/M3,1 Hr,Valid
Embassy Kathmandu,PM2.5 - Principal,2018-04-27 06:00 AM,2018,4,27,6,44.1,122,Unhealthy for Sensitive Groups,46.0,UG/M3,1 Hr,Valid
Embassy Kathmandu,PM2.5 - Principal,2018-04-27 07:00 AM,2018,4,27,7,51.5,140,Unhealthy for Sensitive Groups,59.0,UG/M3,1 Hr,Valid
Embassy Kathmandu,PM2.5 - Principal,2018-04-27 08:00 AM,2018,4,27,8,92.7,170,Unhealthy,134.0,UG/M3,1 Hr,Valid
Embassy Kathmandu,PM2.5 - Principal,2018-04-27 09:00 AM,2018,4,27,9,101.9,175,Unhealthy,111.0,UG/M3,1 Hr,Valid
Embassy Kathmandu,PM2.5 - Principal,2018-04-27 10:00 AM,2018,4,27,10,128.9,189,Unhealthy,156.0,UG/M3,1 Hr,Valid
Embassy Kathmandu,PM2.5 - Principal,2018-04-27 11:00 AM,2018,4,27,11,93.9,171,Unhealthy,59.0,UG/M3,1 Hr,Valid
Embassy Kathmandu,PM2.5 - Principal,2018-04-27 12:00 PM,2018,4,27,12,93.9,171,Unhealthy,-999.0,UG/M3,1 Hr,Missing
Embassy Kathmandu,PM2.5 - Principal,2018-04-27 01:00 PM,2018,4,27,13,66.6,157,Unhealthy,53.0,UG/M3,1 Hr,Valid
Embassy Kathmandu,PM2.5 - Principal,2018-04-27 02:00 PM,2018,4,27,14,56.5,152,Unhealthy,49.0,UG/M3,1 Hr,Valid
Embassy Kathmandu,PM2.5 - Principal,2018-04-27 03:00 PM,2018,4,27,15,49.8,136,Unhealthy for Sensitive Groups,44.0,UG/M3,1 Hr,Valid
Embassy Kathmandu,PM2.5 - Principal,2018-04-27 04:00 PM,2018,4,27,16,45.2,125,Unhealthy for Sensitive Groups,41.0,UG/M3,1 Hr,Valid
Embassy Kathmandu,PM2.5 - Principal,2018-04-27 05:00 PM,2018,4,27,17,47.1,130,Unhealthy for Sensitive Groups,49.0,UG/M3,1 Hr,Valid
Embassy Kathmandu,PM2.5 - Principal,2018-04-27 06:00 PM,2018,4,27,18,53.6,146,Unhealthy for Sensitive Groups,60.0,UG/M3,1 Hr,Valid
Embassy Kathmandu,PM2.5 - Principal,2018-04-27 07:00 PM,2018,4,27,19,53.8,146,Unhealthy for Sensitive Groups,54.0,UG/M3,1 Hr,Valid
Embassy Kathmandu,PM2.5 - Principal,2018-04-27 08:00 PM,2018,4,27,20,54.9,149,Unhealthy for Sensitive Groups,56.0,UG/M3,1 Hr,Valid
Embassy Kathmandu,PM2.5 - Principal,2018-04-27 09:00 PM,2018,4,27,21,56.4,151,Unhealthy,58.0,UG/M3,1 Hr,Valid
Embassy Kathmandu,PM2.5 - Principal,2018-04-27 10:00 PM,2018,4,27,22,59.0,153,Unhealthy,65.0,UG/M3,1 Hr,Valid
Embassy Kathmandu,PM2.5 - Principal,2018-04-27 11:00 PM,2018,4,27,23,60.4,154,Unhealthy,63.0,UG/M3,1 Hr,Valid
Embassy Kathmandu,PM2.5 - Principal,2018-04-28 12:00 AM,2018,4,28,0,59.5,153,Unhealthy,58.0,UG/M3,1 Hr,Valid
Embassy Kathmandu,PM2.5 - Principal,2018-04-28 01:00 AM,2018,4,28,1,56.3,151,Unhealthy,51.0,UG/M3,1 Hr,Valid
Embassy Kathmandu,PM2.5 - Principal,2018-04-28 02:00 AM,2018,4,28,2,53.6,146,Unhealthy for Sensitive Groups,49.0,UG/M3,1 Hr,Valid
Embassy Kathmandu,PM2.5 - Principal,2018-04-28 03:00 AM,2018,4,28,3,53.8,146,Unhealthy for Sensitive Groups,54.0,UG/M3,1 Hr,Valid
Embassy Kathmandu,PM2.5 - Principal,2018-04-28 04:00 AM,2018,4,28,4,55.0,149,Unhealthy for Sensitive Groups,56.0,UG/M3,1 Hr,Valid
Embassy Kathmandu,PM2.5 - Principal,2018-04-28 05:00 AM,2018,4,28,5,54.6,148,Unhealthy for Sensitive Groups,53.0,UG/M3,1 Hr,Valid
Embassy Kathmandu,PM2.5 - Principal,2018-04-28 06:00 AM,2018,4,28,6,61.3,154,Unhealthy,75.0,UG/M3,1 Hr,Valid
Embassy Kathmandu,PM2.5 - Principal,2018-04-28 07:00 AM,2018,4,28,7,61.6,154,Unhealthy,62.0,UG/M3,1 Hr,Valid
Embassy Kathmandu,PM2.5 - Principal,2018-04-28 08:00 AM,2018,4,28,8,56.8,152,Unhealthy,48.0,UG/M3,1 Hr,Valid
Embassy Kathmandu,PM2.5 - Principal,2018-04-28 09:00 AM,2018,4,28,9,46.9,129,Unhealthy for Sensitive Groups,38.0,UG/M3,1 Hr,Valid
Embassy Kathmandu,PM2.5 - Principal,2018-04-28 10:00 AM,2018,4,28,10,52.4,143,Unhealthy for Sensitive Groups,58.0,UG/M3,1 Hr,Valid
Embassy Kathmandu,PM2.5 - Principal,2018-04-28 11:00 AM,2018,4,28,11,48.7,134,Unhealthy for Sensitive Groups,45.0,UG/M3,1 Hr,Valid
Embassy Kathmandu,PM2.5 - Principal,2018-04-28 12:00 PM,2018,4,28,12,38.8,109,Unhealthy for Sensitive Groups,29.0,UG/M3,1 Hr,Valid
Embassy Kathmandu,PM2.5 - Principal,2018-04-28 01:00 PM,2018,4,28,13,33.4,96,Moderate,28.0,UG/M3,1 Hr,Valid
Embassy Kathmandu,PM2.5 - Principal,2018-04-28 02:00 PM,2018,4,28,14,31.2,91,Moderate,29.0,UG/M3,1 Hr,Valid
Embassy Kathmandu,PM2.5 - Principal,2018-04-28 03:00 PM,2018,4,28,15,30.6,90,Moderate,30.0,UG/M3,1 Hr,Valid
Embassy Kathmandu,PM2.5 - Principal,2018-04-28 04:00 PM,2018,4,28,16,38.2,108,Unhealthy for Sensitive Groups,46.0,UG/M3,1 Hr,Valid
Embassy Kathmandu,PM2.5 - Principal,2018-04-28 05:00 PM,2018,4,28,17,38.6,109,Unhealthy for Sensitive Groups,39.0,UG/M3,1 Hr,Valid
Embassy Kathmandu,PM2.5 - Principal,2018-04-28 06:00 PM,2018,4,28,18,33.3,96,Moderate,28.0,UG/M3,1 Hr,Valid
Embassy Kathmandu,PM2.5 - Principal,2018-04-28 07:00 PM,2018,4,28,19,36.1,102,Unhealthy for Sensitive Groups,39.0,UG/M3,1 Hr,Valid
Embassy Kathmandu,PM2.5 - Principal,2018-04-28 08:00 PM,2018,4,28,20,42.5,118,Unhealthy for Sensitive Groups,49.0,UG/M3,1 Hr,Valid
Embassy Kathmandu,PM2.5 - Principal,2018-04-28 09:00 PM,2018,4,28,21,57.2,152,Unhealthy,72.0,UG/M3,1 Hr,Valid
Embassy Kathmandu,PM2.5 - Principal,2018-04-28 10:00 PM,2018,4,28,22,50.6,138,Unhealthy for Sensitive Groups,44.0,UG/M3,1 Hr,Valid
Embassy Kathmandu,PM2.5 - Principal,2018-04-28 11:00 PM,2018,4,28,23,51.8,141,Unhealthy for Sensitive Groups,53.0,UG/M3,1 Hr,Valid
Embassy Kathmandu,PM2.5 - Principal,2018-04-29 12:00 AM,2018,4,29,0,46.4,128,Unhealthy for Sensitive Groups,41.0,UG/M3,1 Hr,Valid
Embassy Kathmandu,PM2.5 - Principal,2018-04-29 01:00 AM,2018,4,29,1,39.7,111,Unhealthy for Sensitive Groups,33.0,UG/M3,1 Hr,Valid
Embassy Kathmandu,PM2.5 - Principal,2018-04-29 02:00 AM,2018,4,29,2,37.3,105,Unhealthy for Sensitive Groups,35.0,UG/M3,1 Hr,Valid
Embassy Kathmandu,PM2.5 - Principal,2018-04-29 03:00 AM,2018,4,29,3,36.6,104,Unhealthy for Sensitive Groups,36.0,UG/M3,1 Hr,Valid
Embassy Kathmandu,PM2.5 - Principal,2018-04-29 04:00 AM,2018,4,29,4,37.3,105,Unhealthy for Sensitive Groups,38.0,UG/M3,1 Hr,Valid
Embassy Kathmandu,PM2.5 - Principal,2018-04-29 05:00 AM,2018,4,29,5,40.6,114,Unhealthy for Sensitive Groups,44.0,UG/M3,1 Hr,Valid
Embassy Kathmandu,PM2.5 - Principal,2018-04-29 06:00 AM,2018,4,29,6,37.3,105,Unhealthy for Sensitive Groups,34.0,UG/M3,1 Hr,Valid
Embassy Kathmandu,PM2.5 - Principal,2018-04-29 07:00 AM,2018,4,29,7,39.1,110,Unhealthy for Sensitive Groups,41.0,UG/M3,1 Hr,Valid
Embassy Kathmandu,PM2.5 - Principal,2018-04-29 08:00 AM,2018,4,29,8,41.5,116,Unhealthy for Sensitive Groups,44.0,UG/M3,1 Hr,Valid
Embassy Kathmandu,PM2.5 - Principal,2018-04-29 09:00 AM,2018,4,29,9,41.6,116,Unhealthy for Sensitive Groups,43.0,UG/M3,1 Hr,Valid
Embassy Kathmandu,PM2.5 - Principal,2018-04-29 10:00 AM,2018,4,29,10,40.6,114,Unhealthy for Sensitive Groups,39.0,UG/M3,1 Hr,Valid
Embassy Kathmandu,PM2.5 - Principal,2018-04-29 11:00 AM,2018,4,29,11,44.2,122,Unhealthy for Sensitive Groups,51.0,UG/M3,1 Hr,Valid
Embassy Kathmandu,PM2.5 - Principal,2018-04-29 12:00 PM,2018,4,29,12,45.6,126,Unhealthy for Sensitive Groups,48.0,UG/M3,1 Hr,Valid
Embassy Kathmandu,PM2.5 - Principal,2018-04-29 01:00 PM,2018,4,29,13,41.1,115,Unhealthy for Sensitive Groups,33.0,UG/M3,1 Hr,Valid
Embassy Kathmandu,PM2.5 - Principal,2018-04-29 02:00 PM,2018,4,29,14,28.9,86,Moderate,18.0,UG/M3,1 Hr,Valid
Embassy Kathmandu,PM2.5 - Principal,2018-04-29 03:00 PM,2018,4,29,15,26.9,82,Moderate,25.0,UG/M3,1 Hr,Valid
Embassy Kathmandu,PM2.5 - Principal,2018-04-29 04:00 PM,2018,4,29,16,25.4,79,Moderate,24.0,UG/M3,1 Hr,Valid
Embassy Kathmandu,PM2.5 - Principal,2018-04-29 05:00 PM,2018,4,29,17,35.7,101,Unhealthy for Sensitive Groups,46.0,UG/M3,1 Hr,Valid
Embassy Kathmandu,PM2.5 - Principal,2018-04-29 06:00 PM,2018,4,29,18,44.3,123,Unhealthy for Sensitive Groups,53.0,UG/M3,1 Hr,Valid
Embassy Kathmandu,PM2.5 - Principal,2018-04-29 07:00 PM,2018,4,29,19,53.1,144,Unhealthy for Sensitive Groups,62.0,UG/M3,1 Hr,Valid
Embassy Kathmandu,PM2.5 - Principal,2018-04-29 08:00 PM,2018,4,29,20,54.0,147,Unhealthy for Sensitive Groups,55.0,UG/M3,1 Hr,Valid
Embassy Kathmandu,PM2.5 - Principal,2018-04-29 09:00 PM,2018,4,29,21,50.5,138,Unhealthy for Sensitive Groups,47.0,UG/M3,1 Hr,Valid
Embassy Kathmandu,PM2.5 - Principal,2018-04-29 10:00 PM,2018,4,29,22,47.7,131,Unhealthy for Sensitive Groups,45.0,UG/M3,1 Hr,Valid
Embassy Kathmandu,PM2.5 - Principal,2018-04-29 11:00 PM,2018,4,29,23,39.3,110,Unhealthy for Sensitive Groups,31.0,UG/M3,1 Hr,Valid
Embassy Kathmandu,PM2.5 - Principal,2018-04-30 12:00 AM,2018,4,30,0,36.6,104,Unhealthy for Sensitive Groups,34.0,UG/M3,1 Hr,Valid
Embassy Kathmandu,PM2.5 - Principal,2018-04-30 01:00 AM,2018,4,30,1,35.3,100,Moderate,34.0,UG/M3,1 Hr,Valid
Embassy Kathmandu,PM2.5 - Principal,2018-04-30 02:00 AM,2018,4,30,2,32.6,94,Moderate,30.0,UG/M3,1 Hr,Valid
Embassy Kathmandu,PM2.5 - Principal,2018-04-30 03:00 AM,2018,4,30,3,34.3,98,Moderate,36.0,UG/M3,1 Hr,Valid
Embassy Kathmandu,PM2.5 - Principal,2018-04-30 04:00 AM,2018,4,30,4,38.6,109,Unhealthy for Sensitive Groups,43.0,UG/M3,1 Hr,Valid
Embassy Kathmandu,PM2.5 - Principal,2018-04-30 05:00 AM,2018,4,30,5,41.8,117,Unhealthy for Sensitive Groups,45.0,UG/M3,1 Hr,Valid
Embassy Kathmandu,PM2.5 - Principal,2018-04-30 06:00 AM,2018,4,30,6,37.9,107,Unhealthy for Sensitive Groups,34.0,UG/M3,1 Hr,Valid
Embassy Kathmandu,PM2.5 - Principal,2018-04-30 07:00 AM,2018,4,30,7,31.9,93,Moderate,26.0,UG/M3,1 Hr,Valid
Embassy Kathmandu,PM2.5 - Principal,2018-04-30 08:00 AM,2018,4,30,8,33.2,95,Moderate,34.0,UG/M3,1 Hr,Valid
Embassy Kathmandu,PM2.5 - Principal,2018-04-30 09:00 AM,2018,4,30,9,30.2,89,Moderate,26.0,UG/M3,1 Hr,Valid
Embassy Kathmandu,PM2.5 - Principal,2018-04-30 10:00 AM,2018,4,30,10,30.2,89,Moderate,-15.0,UG/M3,1 Hr,Invalid
Embassy Kathmandu,PM2.5 - Principal,2018-04-30 11:00 AM,2018,4,30,11,24.4,77,Moderate,22.0,UG/M3,1 Hr,Valid
Embassy Kathmandu,PM2.5 - Principal,2018-04-30 12:00 PM,2018,4,30,12,28.2,85,Moderate,31.0,UG/M3,1 Hr,Valid
Embassy Kathmandu,PM2.5 - Principal,2018-04-30 01:00 PM,2018,4,30,13,28.6,86,Moderate,29.0,UG/M3,1 Hr,Valid
Embassy Kathmandu,PM2.5 - Principal,2018-04-30 02:00 PM,2018,4,30,14,28.8,86,Moderate,29.0,UG/M3,1 Hr,Valid
Embassy Kathmandu,PM2.5 - Principal,2018-04-30 03:00 PM,2018,4,30,15,28.9,86,Moderate,29.0,UG/M3,1 Hr,Valid
Embassy Kathmandu,PM2.5 - Principal,2018-04-30 04:00 PM,2018,4,30,16,26.4,81,Moderate,24.0,UG/M3,1 Hr,Valid
Embassy Kathmandu,PM2.5 - Principal,2018-04-30 05:00 PM,2018,4,30,17,25.2,79,Moderate,22.0,UG/M3,1 Hr,Valid
Embassy Kathmandu,PM2.5 - Principal,2018-04-30 06:00 PM,2018,4,30,18,25.4,79,Moderate,26.0,UG/M3,1 Hr,Valid
Embassy Kathmandu,PM2.5 - Principal,2018-04-30 07:00 PM,2018,4,30,19,28.1,85,Moderate,33.0,UG/M3,1 Hr,Valid
Embassy Kathmandu,PM2.5 - Principal,2018-04-30 08:00 PM,2018,4,30,20,31.9,93,Moderate,37.0,UG/M3,1 Hr,Valid
Embassy Kathmandu,PM2.5 - Principal,2018-04-30 09:00 PM,2018,4,30,21,39.0,110,Unhealthy for Sensitive Groups,45.0,UG/M3,1 Hr,Valid
Embassy Kathmandu,PM2.5 - Principal,2018-04-30 10:00 PM,2018,4,30,22,38.5,108,Unhealthy for Sensitive Groups,38.0,UG/M3,1 Hr,Valid
Embassy Kathmandu,PM2.5 - Principal,2018-04-30 11:00 PM,2018,4,30,23,33.7,96,Moderate,29.0,UG/M3,1 Hr,Valid
Embassy Kathmandu,PM2.5 - Principal,2018-05-01 12:00 AM,2018,5,1,0,27.3,83,Moderate,21.0,UG/M3,1 Hr,Valid
Embassy Kathmandu,PM2.5 - Principal,2018-05-01 01:00 AM,2018,5,1,1,25.1,78,Moderate,23.0,UG/M3,1 Hr,Valid
Embassy Kathmandu,PM2.5 - Principal,2018-05-01 02:00 AM,2018,5,1,2,25.5,79,Moderate,26.0,UG/M3,1 Hr,Valid
Embassy Kathmandu,PM2.5 - Principal,2018-05-01 03:00 AM,2018,5,1,3,23.7,75,Moderate,22.0,UG/M3,1 Hr,Valid
Embassy Kathmandu,PM2.5 - Principal,2018-05-01 04:00 AM,2018,5,1,4,21.8,71,Moderate,20.0,UG/M3,1 Hr,Valid
Embassy Kathmandu,PM2.5 - Principal,2018-05-01 05:00 AM,2018,5,1,5,24.4,77,Moderate,27.0,UG/M3,1 Hr,Valid
Embassy Kathmandu,PM2.5 - Principal,2018-05-01 06:00 AM,2018,5,1,6,29.7,88,Moderate,35.0,UG/M3,1 Hr,Valid
Embassy Kathmandu,PM2.5 - Principal,2018-05-01 07:00 AM,2018,5,1,7,32.8,95,Moderate,36.0,UG/M3,1 Hr,Valid
Embassy Kathmandu,PM2.5 - Principal,2018-05-01 08:00 AM,2018,5,1,8,47.4,130,Unhealthy for Sensitive Groups,62.0,UG/M3,1 Hr,Valid
Embassy Kathmandu,PM2.5 - Principal,2018-05-01 09:00 AM,2018,5,1,9,52.2,142,Unhealthy for Sensitive Groups,57.0,UG/M3,1 Hr,Valid
Embassy Kathmandu,PM2.5 - Principal,2018-05-01 10:00 AM,2018,5,1,10,46.6,128,Unhealthy for Sensitive Groups,41.0,UG/M3,1 Hr,Valid
Embassy Kathmandu,PM2.5 - Principal,2018-05-01 11:00 AM,2018,5,1,11,39.3,110,Unhealthy for Sensitive Groups,32.0,UG/M3,1 Hr,Valid
Embassy Kathmandu,PM2.5 - Principal,2018-05-01 12:00 PM,2018,5,1,12,31.6,92,Moderate,24.0,UG/M3,1 Hr,Valid
Embassy Kathmandu,PM2.5 - Principal,2018-05-01 01:00 PM,2018,5,1,13,26.3,81,Moderate,21.0,UG/M3,1 Hr,Valid
Embassy Kathmandu,PM2.5 - Principal,2018-05-01 02:00 PM,2018,5,1,14,22.6,73,Moderate,19.0,UG/M3,1 Hr,Valid
Embassy Kathmandu,PM2.5 - Principal,2018-05-01 03:00 PM,2018,5,1,15,28.8,86,Moderate,35.0,UG/M3,1 Hr,Valid
Embassy Kathmandu,PM2.5 - Principal,2018-05-01 04:00 PM,2018,5,1,16,43.9,122,Unhealthy for Sensitive Groups,59.0,UG/M3,1 Hr,Valid
Embassy Kathmandu,PM2.5 - Principal,2018-05-01 05:00 PM,2018,5,1,17,47.9,132,Unhealthy for Sensitive Groups,52.0,UG/M3,1 Hr,Valid
Embassy Kathmandu,PM2.5 - Principal,2018-05-01 06:00 PM,2018,5,1,18,42.4,118,Unhealthy for Sensitive Groups,37.0,UG/M3,1 Hr,Valid
Embassy Kathmandu,PM2.5 - Principal,2018-05-01 07:00 PM,2018,5,1,19,38.7,109,Unhealthy for Sensitive Groups,35.0,UG/M3,1 Hr,Valid
Embassy Kathmandu,PM2.5 - Principal,2018-05-01 08:00 PM,2018,5,1,20,39.3,110,Unhealthy for Sensitive Groups,40.0,UG/M3,1 Hr,Valid
Embassy Kathmandu,PM2.5 - Principal,2018-05-01 09:00 PM,2018,5,1,21,39.6,111,Unhealthy for Sensitive Groups,40.0,UG/M3,1 Hr,Valid
Embassy Kathmandu,PM2.5 - Principal,2018-05-01 10:00 PM,2018,5,1,22,36.3,103,Unhealthy for Sensitive Groups,33.0,UG/M3,1 Hr,Valid
Embassy Kathmandu,PM2.5 - Principal,2018-05-01 11:00 PM,2018,5,1,23,33.6,96,Moderate,31.0,UG/M3,1 Hr,Valid
Embassy Kathmandu,PM2.5 - Principal,2018-05-02 12:00 AM,2018,5,2,0,30.3,89,Moderate,27.0,UG/M3,1 Hr,Valid
Embassy Kathmandu,PM2.5 - Principal,2018-05-02 01:00 AM,2018,5,2,1,28.6,86,Moderate,27.0,UG/M3,1 Hr,Valid
Embassy Kathmandu,PM2.5 - Principal,2018-05-02 02:00 AM,2018,5,2,2,29.8,88,Moderate,31.0,UG/M3,1 Hr,Valid
Embassy Kathmandu,PM2.5 - Principal,2018-05-02 03:00 AM,2018,5,2,3,33.9,97,Moderate,38.0,UG/M3,1 Hr,Valid
Embassy Kathmandu,PM2.5 - Principal,2018-05-02 04:00 AM,2018,5,2,4,34.3,98,Moderate,35.0,UG/M3,1 Hr,Valid
Embassy Kathmandu,PM2.5 - Principal,2018-05-02 05:00 AM,2018,5,2,5,43.5,121,Unhealthy for Sensitive Groups,53.0,UG/M3,1 Hr,Valid
Embassy Kathmandu,PM2.5 - Principal,2018-05-02 06:00 AM,2018,5,2,6,38.3,108,Unhealthy for Sensitive Groups,33.0,UG/M3,1 Hr,Valid
Embassy Kathmandu,PM2.5 - Principal,2018-05-02 07:00 AM,2018,5,2,7,46.6,128,Unhealthy for Sensitive Groups,55.0,UG/M3,1 Hr,Valid
Embassy Kathmandu,PM2.5 - Principal,2018-05-02 08:00 AM,2018,5,2,8,49.3,135,Unhealthy for Sensitive Groups,52.0,UG/M3,1 Hr,Valid
Embassy Kathmandu,PM2.5 - Principal,2018-05-02 09:00 AM,2018,5,2,9,41.1,115,Unhealthy for Sensitive Groups,33.0,UG/M3,1 Hr,Valid
Embassy Kathmandu,PM2.5 - Principal,2018-05-02 10:00 AM,2018,5,2,10,55.0,149,Unhealthy for Sensitive Groups,69.0,UG/M3,1 Hr,Valid
Embassy Kathmandu,PM2.5 - Principal,2018-05-02 11:00 AM,2018,5,2,11,62.0,154,Unhealthy,69.0,UG/M3,1 Hr,Valid
Embassy Kathmandu,PM2.5 - Principal,2018-05-02 12:00 PM,2018,5,2,12,50.0,137,Unhealthy for Sensitive Groups,38.0,UG/M3,1 Hr,Valid
Embassy Kathmandu,PM2.5 - Principal,2018-05-02 01:00 PM,2018,5,2,13,45.5,126,Unhealthy for Sensitive Groups,41.0,UG/M3,1 Hr,Valid
Embassy Kathmandu,PM2.5 - Principal,2018-05-02 02:00 PM,2018,5,2,14,43.2,120,Unhealthy for Sensitive Groups,41.0,UG/M3,1 Hr,Valid
Embassy Kathmandu,PM2.5 - Principal,2018-05-02 03:00 PM,2018,5,2,15,36.1,102,Unhealthy for Sensitive Groups,29.0,UG/M3,1 Hr,Valid
Embassy Kathmandu,PM2.5 - Principal,2018-05-02 04:00 PM,2018,5,2,16,33.5,96,Moderate,31.0,UG/M3,1 Hr,Valid
Embassy Kathmandu,PM2.5 - Principal,2018-05-02 05:00 PM,2018,5,2,17,31.7,92,Moderate,30.0,UG/M3,1 Hr,Valid
Embassy Kathmandu,PM2.5 - Principal,2018-05-02 06:00 PM,2018,5,2,18,31.3,91,Moderate,31.0,UG/M3,1 Hr,Valid
Embassy Kathmandu,PM2.5 - Principal,2018-05-02 07:00 PM,2018,5,2,19,35.6,101,Unhealthy for Sensitive Groups,40.0,UG/M3,1 Hr,Valid
Embassy Kathmandu,PM2.5 - Principal,2018-05-02 08:00 PM,2018,5,2,20,36.8,104,Unhealthy for Sensitive Groups,38.0,UG/M3,1 Hr,Valid
Embassy Kathmandu,PM2.5 - Principal,2018-05-02 09:00 PM,2018,5,2,21,41.9,117,Unhealthy for Sensitive Groups,47.0,UG/M3,1 Hr,Valid
Embassy Kathmandu,PM2.5 - Principal,2018-05-02 10:00 PM,2018,5,2,22,47.4,130,Unhealthy for Sensitive Groups,53.0,UG/M3,1 Hr,Valid
Embassy Kathmandu,PM2.5 - Principal,2018-05-02 11:00 PM,2018,5,2,23,42.2,117,Unhealthy for Sensitive Groups,37.0,UG/M3,1 Hr,Valid
Embassy Kathmandu,PM2.5 - Principal,2018-05-03 12:00 AM,2018,5,3,0,38.0,107,Unhealthy for Sensitive Groups,33.0,UG/M3,1 Hr,Valid
Embassy Kathmandu,PM2.5 - Principal,2018-05-03 01:00 AM,2018,5,3,1,28.3,85,Moderate,19.0,UG/M3,1 Hr,Valid
Embassy Kathmandu,PM2.5 - Principal,2018-05-03 02:00 AM,2018,5,3,2,25.1,78,Moderate,22.0,UG/M3,1 Hr,Valid
Embassy Kathmandu,PM2.5 - Principal,2018-05-03 03:00 AM,2018,5,3,3,20.5,69,Moderate,16.0,UG/M3,1 Hr,Valid
Embassy Kathmandu,PM2.5 - Principal,2018-05-03 04:00 AM,2018,5,3,4,23.7,75,Moderate,27.0,UG/M3,1 Hr,Valid
Embassy Kathmandu,PM2.5 - Principal,2018-05-03 05:00 AM,2018,5,3,5,21.8,71,Moderate,20.0,UG/M3,1 Hr,Valid
Embassy Kathmandu,PM2.5 - Principal,2018-05-03 06:00 AM,2018,5,3,6,21.9,72,Moderate,22.0,UG/M3,1 Hr,Valid
Embassy Kathmandu,PM2.5 - Principal,2018-05-03 07:00 AM,2018,5,3,7,22.4,73,Moderate,23.0,UG/M3,1 Hr,Valid
Embassy Kathmandu,PM2.5 - Principal,2018-05-03 08:00 AM,2018,5,3,8,20.7,69,Moderate,19.0,UG/M3,1 Hr,Valid
Embassy Kathmandu,PM2.5 - Principal,2018-05-03 09:00 AM,2018,5,3,9,20.8,69,Moderate,21.0,UG/M3,1 Hr,Valid
Embassy Kathmandu,PM2.5 - Principal,2018-05-03 10:00 AM,2018,5,3,10,18.9,65,Moderate,17.0,UG/M3,1 Hr,Valid
Embassy Kathmandu,PM2.5 - Principal,2018-05-03 11:00 AM,2018,5,3,11,17.9,63,Moderate,17.0,UG/M3,1 Hr,Valid
Embassy Kathmandu,PM2.5 - Principal,2018-05-03 12:00 PM,2018,5,3,12,18.6,65,Moderate,19.0,UG/M3,1 Hr,Valid
Embassy Kathmandu,PM2.5 - Principal,2018-05-03 01:00 PM,2018,5,3,13,19.5,67,Moderate,21.0,UG/M3,1 Hr,Valid
Embassy Kathmandu,PM2.5 - Principal,2018-05-03 02:00 PM,2018,5,3,14,19.7,67,Moderate,20.0,UG/M3,1 Hr,Valid
Embassy Kathmandu,PM2.5 - Principal,2018-05-03 03:00 PM,2018,5,3,15,33.9,97,Moderate,48.0,UG/M3,1 Hr,Valid
Embassy Kathmandu,PM2.5 - Principal,2018-05-03 04:00 PM,2018,5,3,16,32.4,94,Moderate,31.0,UG/M3,1 Hr,Valid
Embassy Kathmandu,PM2.5 - Principal,2018-05-03 05:00 PM,2018,5,3,17,31.2,91,Moderate,30.0,UG/M3,1 Hr,Valid
Embassy Kathmandu,PM2.5 - Principal,2018-05-03 06:00 PM,2018,5,3,18,33.1,95,Moderate,35.0,UG/M3,1 Hr,Valid
Embassy Kathmandu,PM2.5 - Principal,2018-05-03 07:00 PM,2018,5,3,19,36.0,102,Unhealthy for Sensitive Groups,39.0,UG/M3,1 Hr,Valid
Embassy Kathmandu,PM2.5 - Principal,2018-05-03 08:00 PM,2018,5,3,20,43.0,119,Unhealthy for Sensitive Groups,50.0,UG/M3,1 Hr,Valid
Embassy Kathmandu,PM2.5 - Principal,2018-05-03 09:00 PM,2018,5,3,21,50.0,137,Unhealthy for Sensitive Groups,57.0,UG/M3,1 Hr,Valid
Embassy Kathmandu,PM2.5 - Principal,2018-05-03 10:00 PM,2018,5,3,22,51.0,139,Unhealthy for Sensitive Groups,52.0,UG/M3,1 Hr,Valid
Embassy Kathmandu,PM2.5 - Principal,2018-05-03 11:00 PM,2018,5,3,23,53.5,145,Unhealthy for Sensitive Groups,56.0,UG/M3,1 Hr,Valid
Embassy Kathmandu,PM2.5 - Principal,2018-05-04 12:00 AM,2018,5,4,0,50.7,138,Unhealthy for Sensitive Groups,48.0,UG/M3,1 Hr,Valid
Embassy Kathmandu,PM2.5 - Principal,2018-05-04 01:00 AM,2018,5,4,1,46.3,128,Unhealthy for Sensitive Groups,42.0,UG/M3,1 Hr,Valid
Embassy Kathmandu,PM2.5 - Principal,2018-05-04 02:00 AM,2018,5,4,2,47.2,130,Unhealthy for Sensitive Groups,48.0,UG/M3,1 Hr,Valid
Embassy Kathmandu,PM2.5 - Principal,2018-05-04 03:00 AM,2018,5,4,3,48.0,132,Unhealthy for Sensitive Groups,49.0,UG/M3,1 Hr,Valid
Embassy Kathmandu,PM2.5 - Principal,2018-05-04 04:00 AM,2018,5,4,4,41.8,117,Unhealthy for Sensitive Groups,35.0,UG/M3,1 Hr,Valid
Embassy Kathmandu,PM2.5 - Principal,2018-05-04 05:00 AM,2018,5,4,5,38.5,108,Unhealthy for Sensitive Groups,33.0,UG/M3,1 Hr,Valid
Embassy Kathmandu,PM2.5 - Principal,2018-05-04 06:00 AM,2018,5,4,6,39.1,110,Unhealthy for Sensitive Groups,40.0,UG/M3,1 Hr,Valid
Embassy Kathmandu,PM2.5 - Principal,2018-05-04 07:00 AM,2018,5,4,7,52.3,142,Unhealthy for Sensitive Groups,66.0,UG/M3,1 Hr,Valid
Embassy Kathmandu,PM2.5 - Principal,2018-05-04 08:00 AM,2018,5,4,8,57.6,152,Unhealthy,63.0,UG/M3,1 Hr,Valid
Embassy Kathmandu,PM2.5 - Principal,2018-05-04 09:00 AM,2018,5,4,9,59.3,153,Unhealthy,61.0,UG/M3,1 Hr,Valid
Embassy Kathmandu,PM2.5 - Principal,2018-05-04 10:00 AM,2018,5,4,10,66.1,156,Unhealthy,73.0,UG/M3,1 Hr,Valid
Embassy Kathmandu,PM2.5 - Principal,2018-05-04 11:00 AM,2018,5,4,11,49.0,134,Unhealthy for Sensitive Groups,32.0,UG/M3,1 Hr,Valid
Embassy Kathmandu,PM2.5 - Principal,2018-05-04 12:00 PM,2018,5,4,12,43.0,119,Unhealthy for Sensitive Groups,37.0,UG/M3,1 Hr,Valid
Embassy Kathmandu,PM2.5 - Principal,2018-05-04 01:00 PM,2018,5,4,13,33.5,96,Moderate,24.0,UG/M3,1 Hr,Valid
Embassy Kathmandu,PM2.5 - Principal,2018-05-04 02:00 PM,2018,5,4,14,29.2,87,Moderate,25.0,UG/M3,1 Hr,Valid
Embassy Kathmandu,PM2.5 - Principal,2018-05-04 03:00 PM,2018,5,4,15,22.6,73,Moderate,16.0,UG/M3,1 Hr,Valid
Embassy Kathmandu,PM2.5 - Principal,2018-05-04 04:00 PM,2018,5,4,16,21.3,70,Moderate,20.0,UG/M3,1 Hr,Valid
Embassy Kathmandu,PM2.5 - Principal,2018-05-04 05:00 PM,2018,5,4,17,22.6,73,Moderate,24.0,UG/M3,1 Hr,Valid
Embassy Kathmandu,PM2.5 - Principal,2018-05-04 06:00 PM,2018,5,4,18,22.8,74,Moderate,23.0,UG/M3,1 Hr,Valid
Embassy Kathmandu,PM2.5 - Principal,2018-05-04 07:00 PM,2018,5,4,19,25.9,80,Moderate,29.0,UG/M3,1 Hr,Valid
Embassy Kathmandu,PM2.5 - Principal,2018-05-04 08:00 PM,2018,5,4,20,29.9,88,Moderate,34.0,UG/M3,1 Hr,Valid
Embassy Kathmandu,PM2.5 - Principal,2018-05-04 09:00 PM,2018,5,4,21,34.4,98,Moderate,39.0,UG/M3,1 Hr,Valid
Embassy Kathmandu,PM2.5 - Principal,2018-05-04 10:00 PM,2018,5,4,22,35.7,101,Unhealthy for Sensitive Groups,37.0,UG/M3,1 Hr,Valid
Embassy Kathmandu,PM2.5 - Principal,2018-05-04 11:00 PM,2018,5,4,23,34.3,98,Moderate,33.0,UG/M3,1 Hr,Valid
Embassy Kathmandu,PM2.5 - Principal,2018-05-05 12:00 AM,2018,5,5,0,29.6,88,Moderate,25.0,UG/M3,1 Hr,Valid
Embassy Kathmandu,PM2.5 - Principal,2018-05-05 01:00 AM,2018,5,5,1,30.3,89,Moderate,31.0,UG/M3,1 Hr,Valid
Embassy Kathmandu,PM2.5 - Principal,2018-05-05 02:00 AM,2018,5,5,2,25.1,78,Moderate,20.0,UG/M3,1 Hr,Valid
Embassy Kathmandu,PM2.5 - Principal,2018-05-05 03:00 AM,2018,5,5,3,26.6,81,Moderate,28.0,UG/M3,1 Hr,Valid
Embassy Kathmandu,PM2.5 - Principal,2018-05-05 04:00 AM,2018,5,5,4,38.2,108,Unhealthy for Sensitive Groups,50.0,UG/M3,1 Hr,Valid
Embassy Kathmandu,PM2.5 - Principal,2018-05-05 05:00 AM,2018,5,5,5,36.1,102,Unhealthy for Sensitive Groups,34.0,UG/M3,1 Hr,Valid
Embassy Kathmandu,PM2.5 - Principal,2018-05-05 06:00 AM,2018,5,5,6,36.0,102,Unhealthy for Sensitive Groups,36.0,UG/M3,1 Hr,Valid
Embassy Kathmandu,PM2.5 - Principal,2018-05-05 07:00 AM,2018,5,5,7,36.0,102,Unhealthy for Sensitive Groups,36.0,UG/M3,1 Hr,Valid
Embassy Kathmandu,PM2.5 - Principal,2018-05-05 08:00 AM,2018,5,5,8,39.5,111,Unhealthy for Sensitive Groups,43.0,UG/M3,1 Hr,Valid
Embassy Kathmandu,PM2.5 - Principal,2018-05-05 09:00 AM,2018,5,5,9,46.2,127,Unhealthy for Sensitive Groups,53.0,UG/M3,1 Hr,Valid
Embassy Kathmandu,PM2.5 - Principal,2018-05-05 10:00 AM,2018,5,5,10,50.1,137,Unhealthy for Sensitive Groups,54.0,UG/M3,1 Hr,Valid
Embassy Kathmandu,PM2.5 - Principal,2018-05-05 11:00 AM,2018,5,5,11,49.0,134,Unhealthy for Sensitive Groups,48.0,UG/M3,1 Hr,Valid
Embassy Kathmandu,PM2.5 - Principal,2018-05-05 12:00 PM,2018,5,5,12,45.5,126,Unhealthy for Sensitive Groups,42.0,UG/M3,1 Hr,Valid
Embassy Kathmandu,PM2.5 - Principal,2018-05-05 01:00 PM,2018,5,5,13,40.2,113,Unhealthy for Sensitive Groups,35.0,UG/M3,1 Hr,Valid
Embassy Kathmandu,PM2.5 - Principal,2018-05-05 02:00 PM,2018,5,5,14,34.9,99,Moderate,29.0,UG/M3,1 Hr,Valid
Embassy Kathmandu,PM2.5 - Principal,2018-05-05 03:00 PM,2018,5,5,15,29.3,87,Moderate,24.0,UG/M3,1 Hr,Valid
Embassy Kathmandu,PM2.5 - Principal,2018-05-05 04:00 PM,2018,5,5,16,27.1,83,Moderate,25.0,UG/M3,1 Hr,Valid
Embassy Kathmandu,PM2.5 - Principal,2018-05-05 05:00 PM,2018,5,5,17,25.5,79,Moderate,24.0,UG/M3,1 Hr,Valid
Embassy Kathmandu,PM2.5 - Principal,2018-05-05 06:00 PM,2018,5,5,18,26.2,81,Moderate,27.0,UG/M3,1 Hr,Valid
Embassy Kathmandu,PM2.5 - Principal,2018-05-05 07:00 PM,2018,5,5,19,28.1,85,Moderate,30.0,UG/M3,1 Hr,Valid
Embassy Kathmandu,PM2.5 - Principal,2018-05-05 08:00 PM,2018,5,5,20,28.5,85,Moderate,29.0,UG/M3,1 Hr,Valid
Embassy Kathmandu,PM2.5 - Principal,2018-05-05 09:00 PM,2018,5,5,21,28.2,85,Moderate,28.0,UG/M3,1 Hr,Valid
Embassy Kathmandu,PM2.5 - Principal,2018-05-05 10:00 PM,2018,5,5,22,25.6,79,Moderate,23.0,UG/M3,1 Hr,Valid
Embassy Kathmandu,PM2.5 - Principal,2018-05-05 11:00 PM,2018,5,5,23,23.3,75,Moderate,21.0,UG/M3,1 Hr,Valid
Embassy Kathmandu,PM2.5 - Principal,2018-05-06 12:00 AM,2018,5,6,0,58.6,153,Unhealthy,94.0,UG/M3,1 Hr,Valid
Embassy Kathmandu,PM2.5 - Principal,2018-05-06 01:00 AM,2018,5,6,1,43.3,120,Unhealthy for Sensitive Groups,28.0,UG/M3,1 Hr,Valid
Embassy Kathmandu,PM2.5 - Principal,2018-05-06 02:00 AM,2018,5,6,2,36.1,102,Unhealthy for Sensitive Groups,29.0,UG/M3,1 Hr,Valid
Embassy Kathmandu,PM2.5 - Principal,2018-05-06 03:00 AM,2018,5,6,3,40.5,113,Unhealthy for Sensitive Groups,45.0,UG/M3,1 Hr,Valid
Embassy Kathmandu,PM2.5 - Principal,2018-05-06 04:00 AM,2018,5,6,4,35.2,100,Moderate,30.0,UG/M3,1 Hr,Valid
Embassy Kathmandu,PM2.5 - Principal,2018-05-06 05:00 AM,2018,5,6,5,31.6,92,Moderate,28.0,UG/M3,1 Hr,Valid
Embassy Kathmandu,PM2.5 - Principal,2018-05-06 06:00 AM,2018,5,6,6,26.8,82,Moderate,22.0,UG/M3,1 Hr,Valid
Embassy Kathmandu,PM2.5 - Principal,2018-05-06 07:00 AM,2018,5,6,7,35.4,100,Moderate,44.0,UG/M3,1 Hr,Valid
Embassy Kathmandu,PM2.5 - Principal,2018-05-06 08:00 AM,2018,5,6,8,43.7,121,Unhealthy for Sensitive Groups,52.0,UG/M3,1 Hr,Valid
Embassy Kathmandu,PM2.5 - Principal,2018-05-06 09:00 AM,2018,5,6,9,46.8,129,Unhealthy for Sensitive Groups,50.0,UG/M3,1 Hr,Valid
Embassy Kathmandu,PM2.5 - Principal,2018-05-06 10:00 AM,2018,5,6,10,42.4,118,Unhealthy for Sensitive Groups,38.0,UG/M3,1 Hr,Valid
Embassy Kathmandu,PM2.5 - Principal,2018-05-06 11:00 AM,2018,5,6,11,41.2,115,Unhealthy for Sensitive Groups,40.0,UG/M3,1 Hr,Valid
Embassy Kathmandu,PM2.5 - Principal,2018-05-06 12:00 PM,2018,5,6,12,37.1,105,Unhealthy for Sensitive Groups,33.0,UG/M3,1 Hr,Valid
Embassy Kathmandu,PM2.5 - Principal,2018-05-06 01:00 PM,2018,5,6,13,35.0,99,Moderate,33.0,UG/M3,1 Hr,Valid
Embassy Kathmandu,PM2.5 - Principal,2018-05-06 02:00 PM,2018,5,6,14,33.0,95,Moderate,31.0,UG/M3,1 Hr,Valid
Embassy Kathmandu,PM2.5 - Principal,2018-05-06 03:00 PM,2018,5,6,15,31.5,92,Moderate,30.0,UG/M3,1 Hr,Valid
Embassy Kathmandu,PM2.5 - Principal,2018-05-06 04:00 PM,2018,5,6,16,31.2,91,Moderate,31.0,UG/M3,1 Hr,Valid
Embassy Kathmandu,PM2.5 - Principal,2018-05-06 05:00 PM,2018,5,6,17,34.6,98,Moderate,38.0,UG/M3,1 Hr,Valid
Embassy Kathmandu,PM2.5 - Principal,2018-05-06 06:00 PM,2018,5,6,18,37.5,106,Unhealthy for Sensitive Groups,42.0,UG/M3,1 Hr,Valid
Embassy Kathmandu,PM2.5 - Principal,2018-05-06 07:00 PM,2018,5,6,19,40.3,113,Unhealthy for Sensitive Groups,44.0,UG/M3,1 Hr,Valid
Embassy Kathmandu,PM2.5 - Principal,2018-05-06 08:00 PM,2018,5,6,20,45.2,125,Unhealthy for Sensitive Groups,52.0,UG/M3,1 Hr,Valid
Embassy Kathmandu,PM2.5 - Principal,2018-05-06 09:00 PM,2018,5,6,21,48.7,134,Unhealthy for Sensitive Groups,53.0,UG/M3,1 Hr,Valid
Embassy Kathmandu,PM2.5 - Principal,2018-05-06 10:00 PM,2018,5,6,22,54.8,149,Unhealthy for Sensitive Groups,60.0,UG/M3,1 Hr,Valid
Embassy Kathmandu,PM2.5 - Principal,2018-05-06 11:00 PM,2018,5,6,23,54.9,149,Unhealthy for Sensitive Groups,55.0,UG/M3,1 Hr,Valid
Embassy Kathmandu,PM2.5 - Principal,2018-05-07 12:00 AM,2018,5,7,0,46.9,129,Unhealthy for Sensitive Groups,39.0,UG/M3,1 Hr,Valid
Embassy Kathmandu,PM2.5 - Principal,2018-05-07 01:00 AM,2018,5,7,1,45.9,127,Unhealthy for Sensitive Groups,45.0,UG/M3,1 Hr,Valid
Embassy Kathmandu,PM2.5 - Principal,2018-05-07 02:00 AM,2018,5,7,2,43.9,122,Unhealthy for Sensitive Groups,42.0,UG/M3,1 Hr,Valid
Embassy Kathmandu,PM2.5 - Principal,2018-05-07 03:00 AM,2018,5,7,3,41.1,115,Unhealthy for Sensitive Groups,38.0,UG/M3,1 Hr,Valid
Embassy Kathmandu,PM2.5 - Principal,2018-05-07 04:00 AM,2018,5,7,4,44.1,122,Unhealthy for Sensitive Groups,47.0,UG/M3,1 Hr,Valid
Embassy Kathmandu,PM2.5 - Principal,2018-05-07 05:00 AM,2018,5,7,5,42.6,118,Unhealthy for Sensitive Groups,40.0,UG/M3,1 Hr,Valid
Embassy Kathmandu,PM2.5 - Principal,2018-05-07 06:00 AM,2018,5,7,6,47.9,132,Unhealthy for Sensitive Groups,57.0,UG/M3,1 Hr,Valid
Embassy Kathmandu,PM2.5 - Principal,2018-05-07 07:00 AM,2018,5,7,7,57.9,152,Unhealthy,69.0,UG/M3,1 Hr,Valid
Embassy Kathmandu,PM2.5 - Principal,2018-05-07 08:00 AM,2018,5,7,8,64.8,156,Unhealthy,72.0,UG/M3,1 Hr,Valid
Embassy Kathmandu,PM2.5 - Principal,2018-05-07 09:00 AM,2018,5,7,9,64.4,156,Unhealthy,64.0,UG/M3,1 Hr,Valid
Embassy Kathmandu,PM2.5 - Principal,2018-05-07 10:00 AM,2018,5,7,10,59.0,153,Unhealthy,53.0,UG/M3,1 Hr,Valid
Embassy Kathmandu,PM2.5 - Principal,2018-05-07 11:00 AM,2018,5,7,11,59.9,153,Unhealthy,61.0,UG/M3,1 Hr,Valid
Embassy Kathmandu,PM2.5 - Principal,2018-05-07 12:00 PM,2018,5,7,12,51.9,141,Unhealthy for Sensitive Groups,43.0,UG/M3,1 Hr,Valid
Embassy Kathmandu,PM2.5 - Principal,2018-05-07 01:00 PM,2018,5,7,13,49.1,134,Unhealthy for Sensitive Groups,46.0,UG/M3,1 Hr,Valid
Embassy Kathmandu,PM2.5 - Principal,2018-05-07 02:00 PM,2018,5,7,14,45.2,125,Unhealthy for Sensitive Groups,41.0,UG/M3,1 Hr,Valid
Embassy Kathmandu,PM2.5 - Principal,2018-05-07 03:00 PM,2018,5,7,15,44.9,124,Unhealthy for Sensitive Groups,44.0,UG/M3,1 Hr,Valid
Embassy Kathmandu,PM2.5 - Principal,2018-05-07 04:00 PM,2018,5,7,16,45.4,125,Unhealthy for Sensitive Groups,46.0,UG/M3,1 Hr,Valid
Embassy Kathmandu,PM2.5 - Principal,2018-05-07 05:00 PM,2018,5,7,17,43.0,119,Unhealthy for Sensitive Groups,40.0,UG/M3,1 Hr,Valid
Embassy Kathmandu,PM2.5 - Principal,2018-05-07 06:00 PM,2018,5,7,18,50.1,137,Unhealthy for Sensitive Groups,59.0,UG/M3,1 Hr,Valid
Embassy Kathmandu,PM2.5 - Principal,2018-05-07 07:00 PM,2018,5,7,19,54.5,148,Unhealthy for Sensitive Groups,60.0,UG/M3,1 Hr,Valid
Embassy Kathmandu,PM2.5 - Principal,2018-05-07 08:00 PM,2018,5,7,20,53.2,145,Unhealthy for Sensitive Groups,53.0,UG/M3,1 Hr,Valid
Embassy Kathmandu,PM2.5 - Principal,2018-05-07 09:00 PM,2018,5,7,21,45.7,126,Unhealthy for Sensitive Groups,35.0,UG/M3,1 Hr,Valid
Embassy Kathmandu,PM2.5 - Principal,2018-05-07 10:00 PM,2018,5,7,22,39.6,111,Unhealthy for Sensitive Groups,33.0,UG/M3,1 Hr,Valid
Embassy Kathmandu,PM2.5 - Principal,2018-05-07 11:00 PM,2018,5,7,23,33.3,96,Moderate,28.0,UG/M3,1 Hr,Valid
Embassy Kathmandu,PM2.5 - Principal,2018-05-08 12:00 AM,2018,5,8,0,30.1,89,Moderate,27.0,UG/M3,1 Hr,Valid
Embassy Kathmandu,PM2.5 - Principal,2018-05-08 01:00 AM,2018,5,8,1,28.5,85,Moderate,27.0,UG/M3,1 Hr,Valid
Embassy Kathmandu,PM2.5 - Principal,2018-05-08 02:00 AM,2018,5,8,2,26.7,82,Moderate,25.0,UG/M3,1 Hr,Valid
Embassy Kathmandu,PM2.5 - Principal,2018-05-08 03:00 AM,2018,5,8,3,26.8,82,Moderate,27.0,UG/M3,1 Hr,Valid
Embassy Kathmandu,PM2.5 - Principal,2018-05-08 04:00 AM,2018,5,8,4,25.9,80,Moderate,25.0,UG/M3,1 Hr,Valid
Embassy Kathmandu,PM2.5 - Principal,2018-05-08 05:00 AM,2018,5,8,5,32.4,94,Moderate,39.0,UG/M3,1 Hr,Valid
Embassy Kathmandu,PM2.5 - Principal,2018-05-08 06:00 AM,2018,5,8,6,33.7,96,Moderate,35.0,UG/M3,1 Hr,Valid
Embassy Kathmandu,PM2.5 - Principal,2018-05-08 07:00 AM,2018,5,8,7,44.8,124,Unhealthy for Sensitive Groups,56.0,UG/M3,1 Hr,Valid
Embassy Kathmandu,PM2.5 - Principal,2018-05-08 08:00 AM,2018,5,8,8,66.4,157,Unhealthy,88.0,UG/M3,1 Hr,Valid
Embassy Kathmandu,PM2.5 - Principal,2018-05-08 09:00 AM,2018,5,8,9,77.7,162,Unhealthy,89.0,UG/M3,1 Hr,Valid
Embassy Kathmandu,PM2.5 - Principal,2018-05-08 10:00 AM,2018,5,8,10,57.8,152,Unhealthy,38.0,UG/M3,1 Hr,Valid
Embassy Kathmandu,PM2.5 - Principal,2018-05-08 11:00 AM,2018,5,8,11,55.4,150,Unhealthy for Sensitive Groups,53.0,UG/M3,1 Hr,Valid
Embassy Kathmandu,PM2.5 - Principal,2018-05-08 12:00 PM,2018,5,8,12,51.2,140,Unhealthy for Sensitive Groups,47.0,UG/M3,1 Hr,Valid
Embassy Kathmandu,PM2.5 - Principal,2018-05-08 01:00 PM,2018,5,8,13,46.6,128,Unhealthy for Sensitive Groups,42.0,UG/M3,1 Hr,Valid
Embassy Kathmandu,PM2.5 - Principal,2018-05-08 02:00 PM,2018,5,8,14,44.3,123,Unhealthy for Sensitive Groups,42.0,UG/M3,1 Hr,Valid
Embassy Kathmandu,PM2.5 - Principal,2018-05-08 03:00 PM,2018,5,8,15,43.1,120,Unhealthy for Sensitive Groups,42.0,UG/M3,1 Hr,Valid
Embassy Kathmandu,PM2.5 - Principal,2018-05-08 04:00 PM,2018,5,8,16,44.5,123,Unhealthy for Sensitive Groups,46.0,UG/M3,1 Hr,Valid
Embassy Kathmandu,PM2.5 - Principal,2018-05-08 05:00 PM,2018,5,8,17,44.2,122,Unhealthy for Sensitive Groups,44.0,UG/M3,1 Hr,Valid
Embassy Kathmandu,PM2.5 - Principal,2018-05-08 06:00 PM,2018,5,8,18,51.1,139,Unhealthy for Sensitive Groups,58.0,UG/M3,1 Hr,Valid
Embassy Kathmandu,PM2.5 - Principal,2018-05-08 07:00 PM,2018,5,8,19,62.5,155,Unhealthy,74.0,UG/M3,1 Hr,Valid
Embassy Kathmandu,PM2.5 - Principal,2018-05-08 08:00 PM,2018,5,8,20,67.7,157,Unhealthy,73.0,UG/M3,1 Hr,Valid
Embassy Kathmandu,PM2.5 - Principal,2018-05-08 09:00 PM,2018,5,8,21,67.2,157,Unhealthy,67.0,UG/M3,1 Hr,Valid
Embassy Kathmandu,PM2.5 - Principal,2018-05-08 10:00 PM,2018,5,8,22,89.7,169,Unhealthy,112.0,UG/M3,1 Hr,Valid
Embassy Kathmandu,PM2.5 - Principal,2018-05-08 11:00 PM,2018,5,8,23,65.3,156,Unhealthy,41.0,UG/M3,1 Hr,Valid
Embassy Kathmandu,PM2.5 - Principal,2018-05-09 12:00 AM,2018,5,9,0,54.6,148,Unhealthy for Sensitive Groups,44.0,UG/M3,1 Hr,Valid
Embassy Kathmandu,PM2.5 - Principal,2018-05-09 01:00 AM,2018,5,9,1,55.3,150,Unhealthy for Sensitive Groups,56.0,UG/M3,1 Hr,Valid
Embassy Kathmandu,PM2.5 - Principal,2018-05-09 02:00 AM,2018,5,9,2,48.1,132,Unhealthy for Sensitive Groups,41.0,UG/M3,1 Hr,Valid
Embassy Kathmandu,PM2.5 - Principal,2018-05-09 03:00 AM,2018,5,9,3,37.5,106,Unhealthy for Sensitive Groups,27.0,UG/M3,1 Hr,Valid
Embassy Kathmandu,PM2.5 - Principal,2018-05-09 04:00 AM,2018,5,9,4,28.2,85,Moderate,19.0,UG/M3,1 Hr,Valid
Embassy Kathmandu,PM2.5 - Principal,2018-05-09 05:00 AM,2018,5,9,5,26.6,81,Moderate,25.0,UG/M3,1 Hr,Valid
Embassy Kathmandu,PM2.5 - Principal,2018-05-09 06:00 AM,2018,5,9,6,23.3,75,Moderate,20.0,UG/M3,1 Hr,Valid
Embassy Kathmandu,PM2.5 - Principal,2018-05-09 07:00 AM,2018,5,9,7,24.1,76,Moderate,25.0,UG/M3,1 Hr,Valid
Embassy Kathmandu,PM2.5 - Principal,2018-05-09 08:00 AM,2018,5,9,8,23.5,75,Moderate,23.0,UG/M3,1 Hr,Valid
Embassy Kathmandu,PM2.5 - Principal,2018-05-09 09:00 AM,2018,5,9,9,22.7,73,Moderate,22.0,UG/M3,1 Hr,Valid
Embassy Kathmandu,PM2.5 - Principal,2018-05-09 10:00 AM,2018,5,9,10,22.3,72,Moderate,22.0,UG/M3,1 Hr,Valid
Embassy Kathmandu,PM2.5 - Principal,2018-05-09 11:00 AM,2018,5,9,11,23.6,75,Moderate,25.0,UG/M3,1 Hr,Valid
Embassy Kathmandu,PM2.5 - Principal,2018-05-09 12:00 PM,2018,5,9,12,26.3,81,Moderate,29.0,UG/M3,1 Hr,Valid
Embassy Kathmandu,PM2.5 - Principal,2018-05-09 01:00 PM,2018,5,9,13,26.6,81,Moderate,27.0,UG/M3,1 Hr,Valid
Embassy Kathmandu,PM2.5 - Principal,2018-05-09 02:00 PM,2018,5,9,14,26.6,81,Moderate,28.0,UG/M3,1 Hr,Valid
Embassy Kathmandu,PM2.5 - Principal,2018-05-09 03:00 PM,2018,5,9,15,33.6,96,Moderate,40.0,UG/M3,1 Hr,Valid
Embassy Kathmandu,PM2.5 - Principal,2018-05-09 04:00 PM,2018,5,9,16,33.8,97,Moderate,34.0,UG/M3,1 Hr,Valid
Embassy Kathmandu,PM2.5 - Principal,2018-05-09 05:00 PM,2018,5,9,17,34.9,99,Moderate,36.0,UG/M3,1 Hr,Valid
Embassy Kathmandu,PM2.5 - Principal,2018-05-09 06:00 PM,2018,5,9,18,32.9,95,Moderate,31.0,UG/M3,1 Hr,Valid
Embassy Kathmandu,PM2.5 - Principal,2018-05-09 07:00 PM,2018,5,9,19,33.4,96,Moderate,34.0,UG/M3,1 Hr,Valid
Embassy Kathmandu,PM2.5 - Principal,2018-05-09 08:00 PM,2018,5,9,20,35.4,100,Moderate,38.0,UG/M3,1 Hr,Valid
Embassy Kathmandu,PM2.5 - Principal,2018-05-09 09:00 PM,2018,5,9,21,35.7,101,Unhealthy for Sensitive Groups,36.0,UG/M3,1 Hr,Valid
Embassy Kathmandu,PM2.5 - Principal,2018-05-09 10:00 PM,2018,5,9,22,35.2,100,Moderate,35.0,UG/M3,1 Hr,Valid
Embassy Kathmandu,PM2.5 - Principal,2018-05-09 11:00 PM,2018,5,9,23,33.8,97,Moderate,31.0,UG/M3,1 Hr,Valid
Embassy Kathmandu,PM2.5 - Principal,2018-05-10 12:00 AM,2018,5,10,0,32.5,94,Moderate,30.0,UG/M3,1 Hr,Valid
Embassy Kathmandu,PM2.5 - Principal,2018-05-10 01:00 AM,2018,5,10,1,28.8,86,Moderate,24.0,UG/M3,1 Hr,Valid
Embassy Kathmandu,PM2.5 - Principal,2018-05-10 02:00 AM,2018,5,10,2,27.3,83,Moderate,25.0,UG/M3,1 Hr,Valid
Embassy Kathmandu,PM2.5 - Principal,2018-05-10 03:00 AM,2018,5,10,3,28.1,85,Moderate,29.0,UG/M3,1 Hr,Valid
Embassy Kathmandu,PM2.5 - Principal,2018-05-10 04:00 AM,2018,5,10,4,41.8,117,Unhealthy for Sensitive Groups,56.0,UG/M3,1 Hr,Valid
Embassy Kathmandu,PM2.5 - Principal,2018-05-10 05:00 AM,2018,5,10,5,44.9,124,Unhealthy for Sensitive Groups,48.0,UG/M3,1 Hr,Valid
Embassy Kathmandu,PM2.5 - Principal,2018-05-10 06:00 AM,2018,5,10,6,47.4,130,Unhealthy for Sensitive Groups,50.0,UG/M3,1 Hr,Valid
Embassy Kathmandu,PM2.5 - Principal,2018-05-10 07:00 AM,2018,5,10,7,66.2,157,Unhealthy,85.0,UG/M3,1 Hr,Valid
Embassy Kathmandu,PM2.5 - Principal,2018-05-10 08:00 AM,2018,5,10,8,71.1,159,Unhealthy,76.0,UG/M3,1 Hr,Valid
Embassy Kathmandu,PM2.5 - Principal,2018-05-10 09:00 AM,2018,5,10,9,76.0,162,Unhealthy,81.0,UG/M3,1 Hr,Valid
Embassy Kathmandu,PM2.5 - Principal,2018-05-10 10:00 AM,2018,5,10,10,67.0,157,Unhealthy,58.0,UG/M3,1 Hr,Valid
Embassy Kathmandu,PM2.5 - Principal,2018-05-10 11:00 AM,2018,5,10,11,50.5,138,Unhealthy for Sensitive Groups,34.0,UG/M3,1 Hr,Valid
Embassy Kathmandu,PM2.5 - Principal,2018-05-10 12:00 PM,2018,5,10,12,41.7,116,Unhealthy for Sensitive Groups,33.0,UG/M3,1 Hr,Valid
Embassy Kathmandu,PM2.5 - Principal,2018-05-10 01:00 PM,2018,5,10,13,65.8,156,Unhealthy,90.0,UG/M3,1 Hr,Valid
Embassy Kathmandu,PM2.5 - Principal,2018-05-10 02:00 PM,2018,5,10,14,45.4,125,Unhealthy for Sensitive Groups,25.0,UG/M3,1 Hr,Valid
Embassy Kathmandu,PM2.5 - Principal,2018-05-10 03:00 PM,2018,5,10,15,36.7,104,Unhealthy for Sensitive Groups,28.0,UG/M3,1 Hr,Valid
Embassy Kathmandu,PM2.5 - Principal,2018-05-10 04:00 PM,2018,5,10,16,32.8,95,Moderate,29.0,UG/M3,1 Hr,Valid
Embassy Kathmandu,PM2.5 - Principal,2018-05-10 05:00 PM,2018,5,10,17,32.4,94,Moderate,32.0,UG/M3,1 Hr,Valid
Embassy Kathmandu,PM2.5 - Principal,2018-05-10 06:00 PM,2018,5,10,18,33.2,95,Moderate,34.0,UG/M3,1 Hr,Valid
Embassy Kathmandu,PM2.5 - Principal,2018-05-10 07:00 PM,2018,5,10,19,30.5,90,Moderate,28.0,UG/M3,1 Hr,Valid
Embassy Kathmandu,PM2.5 - Principal,2018-05-10 08:00 PM,2018,5,10,20,37.2,105,Unhealthy for Sensitive Groups,44.0,UG/M3,1 Hr,Valid
Embassy Kathmandu,PM2.5 - Principal,2018-05-10 09:00 PM,2018,5,10,21,35.6,101,Unhealthy for Sensitive Groups,34.0,UG/M3,1 Hr,Valid
Embassy Kathmandu,PM2.5 - Principal,2018-05-10 10:00 PM,2018,5,10,22,33.3,96,Moderate,31.0,UG/M3,1 Hr,Valid
Embassy Kathmandu,PM2.5 - Principal,2018-05-10 11:00 PM,2018,5,10,23,31.6,92,Moderate,30.0,UG/M3,1 Hr,Valid
Embassy Kathmandu,PM2.5 - Principal,2018-05-11 12:00 AM,2018,5,11,0,33.8,97,Moderate,36.0,UG/M3,1 Hr,Valid
Embassy Kathmandu,PM2.5 - Principal,2018-05-11 01:00 AM,2018,5,11,1,33.3,96,Moderate,33.0,UG/M3,1 Hr,Valid
Embassy Kathmandu,PM2.5 - Principal,2018-05-11 02:00 AM,2018,5,11,2,38.9,109,Unhealthy for Sensitive Groups,47.0,UG/M3,1 Hr,Valid
Embassy Kathmandu,PM2.5 - Principal,2018-05-11 03:00 AM,2018,5,11,3,50.1,137,Unhealthy for Sensitive Groups,60.0,UG/M3,1 Hr,Valid
Embassy Kathmandu,PM2.5 - Principal,2018-05-11 04:00 AM,2018,5,11,4,59.5,153,Unhealthy,69.0,UG/M3,1 Hr,Valid
Embassy Kathmandu,PM2.5 - Principal,2018-05-11 05:00 AM,2018,5,11,5,43.7,121,Unhealthy for Sensitive Groups,28.0,UG/M3,1 Hr,Valid
Embassy Kathmandu,PM2.5 - Principal,2018-05-11 06:00 AM,2018,5,11,6,51.3,140,Unhealthy for Sensitive Groups,59.0,UG/M3,1 Hr,Valid
Embassy Kathmandu,PM2.5 - Principal,2018-05-11 07:00 AM,2018,5,11,7,62.7,155,Unhealthy,74.0,UG/M3,1 Hr,Valid
Embassy Kathmandu,PM2.5 - Principal,2018-05-11 08:00 AM,2018,5,11,8,92.8,170,Unhealthy,123.0,UG/M3,1 Hr,Valid
Embassy Kathmandu,PM2.5 - Principal,2018-05-11 09:00 AM,2018,5,11,9,77.9,163,Unhealthy,63.0,UG/M3,1 Hr,Valid
Embassy Kathmandu,PM2.5 - Principal,2018-05-11 10:00 AM,2018,5,11,10,62.9,155,Unhealthy,48.0,UG/M3,1 Hr,Valid
Embassy Kathmandu,PM2.5 - Principal,2018-05-11 11:00 AM,2018,5,11,11,46.4,128,Unhealthy for Sensitive Groups,30.0,UG/M3,1 Hr,Valid
Embassy Kathmandu,PM2.5 - Principal,2018-05-11 12:00 PM,2018,5,11,12,38.7,109,Unhealthy for Sensitive Groups,31.0,UG/M3,1 Hr,Valid
Embassy Kathmandu,PM2.5 - Principal,2018-05-11 01:00 PM,2018,5,11,13,32.3,93,Moderate,26.0,UG/M3,1 Hr,Valid
Embassy Kathmandu,PM2.5 - Principal,2018-05-11 02:00 PM,2018,5,11,14,30.1,89,Moderate,28.0,UG/M3,1 Hr,Valid
Embassy Kathmandu,PM2.5 - Principal,2018-05-11 03:00 PM,2018,5,11,15,30.0,89,Moderate,30.0,UG/M3,1 Hr,Valid
Embassy Kathmandu,PM2.5 - Principal,2018-05-11 04:00 PM,2018,5,11,16,27.5,83,Moderate,25.0,UG/M3,1 Hr,Valid
Embassy Kathmandu,PM2.5 - Principal,2018-05-11 05:00 PM,2018,5,11,17,33.7,96,Moderate,40.0,UG/M3,1 Hr,Valid
Embassy Kathmandu,PM2.5 - Principal,2018-05-11 06:00 PM,2018,5,11,18,35.8,102,Unhealthy for Sensitive Groups,38.0,UG/M3,1 Hr,Valid
Embassy Kathmandu,PM2.5 - Principal,2018-05-11 07:00 PM,2018,5,11,19,39.4,111,Unhealthy for Sensitive Groups,43.0,UG/M3,1 Hr,Valid
Embassy Kathmandu,PM2.5 - Principal,2018-05-11 08:00 PM,2018,5,11,20,67.2,157,Unhealthy,95.0,UG/M3,1 Hr,Valid
Embassy Kathmandu,PM2.5 - Principal,2018-05-11 09:00 PM,2018,5,11,21,54.6,148,Unhealthy for Sensitive Groups,42.0,UG/M3,1 Hr,Valid
Embassy Kathmandu,PM2.5 - Principal,2018-05-11 10:00 PM,2018,5,11,22,51.3,140,Unhealthy for Sensitive Groups,48.0,UG/M3,1 Hr,Valid
Embassy Kathmandu,PM2.5 - Principal,2018-05-11 11:00 PM,2018,5,11,23,51.6,141,Unhealthy for Sensitive Groups,52.0,UG/M3,1 Hr,Valid
Embassy Kathmandu,PM2.5 - Principal,2018-05-12 12:00 AM,2018,5,12,0,49.8,136,Unhealthy for Sensitive Groups,48.0,UG/M3,1 Hr,Valid
Embassy Kathmandu,PM2.5 - Principal,2018-05-12 01:00 AM,2018,5,12,1,45.9,127,Unhealthy for Sensitive Groups,42.0,UG/M3,1 Hr,Valid
Embassy Kathmandu,PM2.5 - Principal,2018-05-12 02:00 AM,2018,5,12,2,39.9,112,Unhealthy for Sensitive Groups,34.0,UG/M3,1 Hr,Valid
Embassy Kathmandu,PM2.5 - Principal,2018-05-12 03:00 AM,2018,5,12,3,38.4,108,Unhealthy for Sensitive Groups,37.0,UG/M3,1 Hr,Valid
Embassy Kathmandu,PM2.5 - Principal,2018-05-12 04:00 AM,2018,5,12,4,35.7,101,Unhealthy for Sensitive Groups,33.0,UG/M3,1 Hr,Valid
Embassy Kathmandu,PM2.5 - Principal,2018-05-12 05:00 AM,2018,5,12,5,35.3,100,Moderate,35.0,UG/M3,1 Hr,Valid
Embassy Kathmandu,PM2.5 - Principal,2018-05-12 06:00 AM,2018,5,12,6,47.6,131,Unhealthy for Sensitive Groups,60.0,UG/M3,1 Hr,Valid
Embassy Kathmandu,PM2.5 - Principal,2018-05-12 07:00 AM,2018,5,12,7,53.8,146,Unhealthy for Sensitive Groups,60.0,UG/M3,1 Hr,Valid
Embassy Kathmandu,PM2.5 - Principal,2018-05-12 08:00 AM,2018,5,12,8,60.4,154,Unhealthy,67.0,UG/M3,1 Hr,Valid
Embassy Kathmandu,PM2.5 - Principal,2018-05-12 09:00 AM,2018,5,12,9,57.2,152,Unhealthy,54.0,UG/M3,1 Hr,Valid
Embassy Kathmandu,PM2.5 - Principal,2018-05-12 10:00 AM,2018,5,12,10,47.1,130,Unhealthy for Sensitive Groups,37.0,UG/M3,1 Hr,Valid
Embassy Kathmandu,PM2.5 - Principal,2018-05-12 11:00 AM,2018,5,12,11,49.0,134,Unhealthy for Sensitive Groups,51.0,UG/M3,1 Hr,Valid
Embassy Kathmandu,PM2.5 - Principal,2018-05-12 12:00 PM,2018,5,12,12,59.0,153,Unhealthy,69.0,UG/M3,1 Hr,Valid
Embassy Kathmandu,PM2.5 - Principal,2018-05-12 01:00 PM,2018,5,12,13,68.0,157,Unhealthy,77.0,UG/M3,1 Hr,Valid
Embassy Kathmandu,PM2.5 - Principal,2018-05-12 02:00 PM,2018,5,12,14,70.5,159,Unhealthy,73.0,UG/M3,1 Hr,Valid
Embassy Kathmandu,PM2.5 - Principal,2018-05-12 03:00 PM,2018,5,12,15,73.2,160,Unhealthy,76.0,UG/M3,1 Hr,Valid
Embassy Kathmandu,PM2.5 - Principal,2018-05-12 04:00 PM,2018,5,12,16,72.6,160,Unhealthy,72.0,UG/M3,1 Hr,Valid
Embassy Kathmandu,PM2.5 - Principal,2018-05-12 05:00 PM,2018,5,12,17,59.8,153,Unhealthy,47.0,UG/M3,1 Hr,Valid
Embassy Kathmandu,PM2.5 - Principal,2018-05-12 06:00 PM,2018,5,12,18,58.4,152,Unhealthy,57.0,UG/M3,1 Hr,Valid
Embassy Kathmandu,PM2.5 - Principal,2018-05-12 07:00 PM,2018,5,12,19,48.2,132,Unhealthy for Sensitive Groups,38.0,UG/M3,1 Hr,Valid
Embassy Kathmandu,PM2.5 - Principal,2018-05-12 08:00 PM,2018,5,12,20,43.5,121,Unhealthy for Sensitive Groups,39.0,UG/M3,1 Hr,Valid
Embassy Kathmandu,PM2.5 - Principal,2018-05-12 09:00 PM,2018,5,12,21,41.2,115,Unhealthy for Sensitive Groups,39.0,UG/M3,1 Hr,Valid
Embassy Kathmandu,PM2.5 - Principal,2018-05-12 10:00 PM,2018,5,12,22,41.6,116,Unhealthy for Sensitive Groups,42.0,UG/M3,1 Hr,Valid
Embassy Kathmandu,PM2.5 - Principal,2018-05-12 11:00 PM,2018,5,12,23,43.3,120,Unhealthy for Sensitive Groups,45.0,UG/M3,1 Hr,Valid
Embassy Kathmandu,PM2.5 - Principal,2018-05-13 12:00 AM,2018,5,13,0,40.6,114,Unhealthy for Sensitive Groups,38.0,UG/M3,1 Hr,Valid
Embassy Kathmandu,PM2.5 - Principal,2018-05-13 01:00 AM,2018,5,13,1,39.8,112,Unhealthy for Sensitive Groups,39.0,UG/M3,1 Hr,Valid
Embassy Kathmandu,PM2.5 - Principal,2018-05-13 02:00 AM,2018,5,13,2,38.4,108,Unhealthy for Sensitive Groups,37.0,UG/M3,1 Hr,Valid
Embassy Kathmandu,PM2.5 - Principal,2018-05-13 03:00 AM,2018,5,13,3,37.7,106,Unhealthy for Sensitive Groups,37.0,UG/M3,1 Hr,Valid
Embassy Kathmandu,PM2.5 - Principal,2018-05-13 04:00 AM,2018,5,13,4,38.6,109,Unhealthy for Sensitive Groups,39.0,UG/M3,1 Hr,Valid
Embassy Kathmandu,PM2.5 - Principal,2018-05-13 05:00 AM,2018,5,13,5,38.7,109,Unhealthy for Sensitive Groups,39.0,UG/M3,1 Hr,Valid
Embassy Kathmandu,PM2.5 - Principal,2018-05-13 06:00 AM,2018,5,13,6,37.5,106,Unhealthy for Sensitive Groups,34.0,UG/M3,1 Hr,Valid
Embassy Kathmandu,PM2.5 - Principal,2018-05-13 07:00 AM,2018,5,13,7,38.7,109,Unhealthy for Sensitive Groups,42.0,UG/M3,1 Hr,Valid
Embassy Kathmandu,PM2.5 - Principal,2018-05-13 08:00 AM,2018,5,13,8,41.4,116,Unhealthy for Sensitive Groups,48.0,UG/M3,1 Hr,Valid
Embassy Kathmandu,PM2.5 - Principal,2018-05-13 09:00 AM,2018,5,13,9,46.0,127,Unhealthy for Sensitive Groups,53.0,UG/M3,1 Hr,Valid
Embassy Kathmandu,PM2.5 - Principal,2018-05-13 10:00 AM,2018,5,13,10,59.1,153,Unhealthy,70.0,UG/M3,1 Hr,Valid
Embassy Kathmandu,PM2.5 - Principal,2018-05-13 11:00 AM,2018,5,13,11,95.0,171,Unhealthy,131.0,UG/M3,1 Hr,Valid
Embassy Kathmandu,PM2.5 - Principal,2018-05-13 12:00 PM,2018,5,13,12,74.0,161,Unhealthy,53.0,UG/M3,1 Hr,Valid
Embassy Kathmandu,PM2.5 - Principal,2018-05-13 01:00 PM,2018,5,13,13,60.0,153,Unhealthy,46.0,UG/M3,1 Hr,Valid
Embassy Kathmandu,PM2.5 - Principal,2018-05-13 02:00 PM,2018,5,13,14,59.0,153,Unhealthy,58.0,UG/M3,1 Hr,Valid
Embassy Kathmandu,PM2.5 - Principal,2018-05-13 03:00 PM,2018,5,13,15,48.0,132,Unhealthy for Sensitive Groups,37.0,UG/M3,1 Hr,Valid
Embassy Kathmandu,PM2.5 - Principal,2018-05-13 04:00 PM,2018,5,13,16,37.5,106,Unhealthy for Sensitive Groups,27.0,UG/M3,1 Hr,Valid
Embassy Kathmandu,PM2.5 - Principal,2018-05-13 05:00 PM,2018,5,13,17,31.7,92,Moderate,26.0,UG/M3,1 Hr,Valid
Embassy Kathmandu,PM2.5 - Principal,2018-05-13 06:00 PM,2018,5,13,18,35.3,100,Moderate,39.0,UG/M3,1 Hr,Valid
Embassy Kathmandu,PM2.5 - Principal,2018-05-13 07:00 PM,2018,5,13,19,45.1,125,Unhealthy for Sensitive Groups,55.0,UG/M3,1 Hr,Valid
Embassy Kathmandu,PM2.5 - Principal,2018-05-13 08:00 PM,2018,5,13,20,45.5,126,Unhealthy for Sensitive Groups,46.0,UG/M3,1 Hr,Valid
Embassy Kathmandu,PM2.5 - Principal,2018-05-13 09:00 PM,2018,5,13,21,47.7,131,Unhealthy for Sensitive Groups,50.0,UG/M3,1 Hr,Valid
Embassy Kathmandu,PM2.5 - Principal,2018-05-13 10:00 PM,2018,5,13,22,47.3,130,Unhealthy for Sensitive Groups,47.0,UG/M3,1 Hr,Valid
Embassy Kathmandu,PM2.5 - Principal,2018-05-13 11:00 PM,2018,5,13,23,45.6,126,Unhealthy for Sensitive Groups,44.0,UG/M3,1 Hr,Valid
Embassy Kathmandu,PM2.5 - Principal,2018-05-14 12:00 AM,2018,5,14,0,51.8,141,Unhealthy for Sensitive Groups,58.0,UG/M3,1 Hr,Valid
Embassy Kathmandu,PM2.5 - Principal,2018-05-14 01:00 AM,2018,5,14,1,44.9,124,Unhealthy for Sensitive Groups,38.0,UG/M3,1 Hr,Valid
Embassy Kathmandu,PM2.5 - Principal,2018-05-14 02:00 AM,2018,5,14,2,33.9,97,Moderate,23.0,UG/M3,1 Hr,Valid
Embassy Kathmandu,PM2.5 - Principal,2018-05-14 03:00 AM,2018,5,14,3,24.4,77,Moderate,15.0,UG/M3,1 Hr,Valid
Embassy Kathmandu,PM2.5 - Principal,2018-05-14 04:00 AM,2018,5,14,4,17.2,62,Moderate,10.0,UG/M3,1 Hr,Valid
Embassy Kathmandu,PM2.5 - Principal,2018-05-14 05:00 AM,2018,5,14,5,24.6,77,Moderate,32.0,UG/M3,1 Hr,Valid
Embassy Kathmandu,PM2.5 - Principal,2018-05-14 06:00 AM,2018,5,14,6,27.8,84,Moderate,31.0,UG/M3,1 Hr,Valid
Embassy Kathmandu,PM2.5 - Principal,2018-05-14 07:00 AM,2018,5,14,7,20.8,69,Moderate,14.0,UG/M3,1 Hr,Valid
Embassy Kathmandu,PM2.5 - Principal,2018-05-14 08:00 AM,2018,5,14,8,18.4,64,Moderate,16.0,UG/M3,1 Hr,Valid
Embassy Kathmandu,PM2.5 - Principal,2018-05-14 09:00 AM,2018,5,14,9,18.2,64,Moderate,18.0,UG/M3,1 Hr,Valid
Embassy Kathmandu,PM2.5 - Principal,2018-05-14 10:00 AM,2018,5,14,10,21.6,71,Moderate,25.0,UG/M3,1 Hr,Valid
Embassy Kathmandu,PM2.5 - Principal,2018-05-14 11:00 AM,2018,5,14,11,21.8,71,Moderate,22.0,UG/M3,1 Hr,Valid
Embassy Kathmandu,PM2.5 - Principal,2018-05-14 12:00 PM,2018,5,14,12,23.3,75,Moderate,25.0,UG/M3,1 Hr,Valid
Embassy Kathmandu,PM2.5 - Principal,2018-05-14 01:00 PM,2018,5,14,13,19.6,67,Moderate,16.0,UG/M3,1 Hr,Valid
Embassy Kathmandu,PM2.5 - Principal,2018-05-14 02:00 PM,2018,5,14,14,17.3,62,Moderate,15.0,UG/M3,1 Hr,Valid
Embassy Kathmandu,PM2.5 - Principal,2018-05-14 03:00 PM,2018,5,14,15,16.1,59,Moderate,15.0,UG/M3,1 Hr,Valid
Embassy Kathmandu,PM2.5 - Principal,2018-05-14 04:00 PM,2018,5,14,16,14.0,55,Moderate,12.0,UG/M3,1 Hr,Valid
Embassy Kathmandu,PM2.5 - Principal,2018-05-14 05:00 PM,2018,5,14,17,12.0,50,Good,10.0,UG/M3,1 Hr,Valid
Embassy Kathmandu,PM2.5 - Principal,2018-05-14 06:00 PM,2018,5,14,18,14.5,56,Moderate,17.0,UG/M3,1 Hr,Valid
Embassy Kathmandu,PM2.5 - Principal,2018-05-14 07:00 PM,2018,5,14,19,22.7,73,Moderate,31.0,UG/M3,1 Hr,Valid
Embassy Kathmandu,PM2.5 - Principal,2018-05-14 08:00 PM,2018,5,14,20,32.3,93,Moderate,42.0,UG/M3,1 Hr,Valid
Embassy Kathmandu,PM2.5 - Principal,2018-05-14 09:00 PM,2018,5,14,21,35.1,99,Moderate,38.0,UG/M3,1 Hr,Valid
Embassy Kathmandu,PM2.5 - Principal,2018-05-14 10:00 PM,2018,5,14,22,35.5,101,Unhealthy for Sensitive Groups,36.0,UG/M3,1 Hr,Valid
Embassy Kathmandu,PM2.5 - Principal,2018-05-14 11:00 PM,2018,5,14,23,35.3,100,Moderate,35.0,UG/M3,1 Hr,Valid
Embassy Kathmandu,PM2.5 - Principal,2018-05-15 12:00 AM,2018,5,15,0,29.1,87,Moderate,23.0,UG/M3,1 Hr,Valid
Embassy Kathmandu,PM2.5 - Principal,2018-05-15 01:00 AM,2018,5,15,1,23.0,74,Moderate,17.0,UG/M3,1 Hr,Valid
Embassy Kathmandu,PM2.5 - Principal,2018-05-15 02:00 AM,2018,5,15,2,20.0,68,Moderate,17.0,UG/M3,1 Hr,Valid
Embassy Kathmandu,PM2.5 - Principal,2018-05-15 03:00 AM,2018,5,15,3,18.5,64,Moderate,17.0,UG/M3,1 Hr,Valid
Embassy Kathmandu,PM2.5 - Principal,2018-05-15 04:00 AM,2018,5,15,4,16.7,61,Moderate,15.0,UG/M3,1 Hr,Valid
Embassy Kathmandu,PM2.5 - Principal,2018-05-15 05:00 AM,2018,5,15,5,20.8,69,Moderate,25.0,UG/M3,1 Hr,Valid
Embassy Kathmandu,PM2.5 - Principal,2018-05-15 06:00 AM,2018,5,15,6,25.9,80,Moderate,31.0,UG/M3,1 Hr,Valid
Embassy Kathmandu,PM2.5 - Principal,2018-05-15 07:00 AM,2018,5,15,7,36.4,103,Unhealthy for Sensitive Groups,47.0,UG/M3,1 Hr,Valid
Embassy Kathmandu,PM2.5 - Principal,2018-05-15 08:00 AM,2018,5,15,8,41.2,115,Unhealthy for Sensitive Groups,46.0,UG/M3,1 Hr,Valid
Embassy Kathmandu,PM2.5 - Principal,2018-05-15 09:00 AM,2018,5,15,9,41.1,115,Unhealthy for Sensitive Groups,41.0,UG/M3,1 Hr,Valid
Embassy Kathmandu,PM2.5 - Principal,2018-05-15 10:00 AM,2018,5,15,10,45.5,126,Unhealthy for Sensitive Groups,50.0,UG/M3,1 Hr,Valid
Embassy Kathmandu,PM2.5 - Principal,2018-05-15 11:00 AM,2018,5,15,11,41.7,116,Unhealthy for Sensitive Groups,38.0,UG/M3,1 Hr,Valid
Embassy Kathmandu,PM2.5 - Principal,2018-05-15 12:00 PM,2018,5,15,12,32.8,95,Moderate,24.0,UG/M3,1 Hr,Valid
Embassy Kathmandu,PM2.5 - Principal,2018-05-15 01:00 PM,2018,5,15,13,34.4,98,Moderate,36.0,UG/M3,1 Hr,Valid
Embassy Kathmandu,PM2.5 - Principal,2018-05-15 02:00 PM,2018,5,15,14,29.2,87,Moderate,24.0,UG/M3,1 Hr,Valid
Embassy Kathmandu,PM2.5 - Principal,2018-05-15 03:00 PM,2018,5,15,15,28.6,86,Moderate,28.0,UG/M3,1 Hr,Valid
Embassy Kathmandu,PM2.5 - Principal,2018-05-15 04:00 PM,2018,5,15,16,26.3,81,Moderate,24.0,UG/M3,1 Hr,Valid
Embassy Kathmandu,PM2.5 - Principal,2018-05-15 05:00 PM,2018,5,15,17,25.1,78,Moderate,24.0,UG/M3,1 Hr,Valid
Embassy Kathmandu,PM2.5 - Principal,2018-05-15 06:00 PM,2018,5,15,18,24.5,77,Moderate,24.0,UG/M3,1 Hr,Valid
Embassy Kathmandu,PM2.5 - Principal,2018-05-15 07:00 PM,2018,5,15,19,38.2,108,Unhealthy for Sensitive Groups,52.0,UG/M3,1 Hr,Valid
Embassy Kathmandu,PM2.5 - Principal,2018-05-15 08:00 PM,2018,5,15,20,37.1,105,Unhealthy for Sensitive Groups,36.0,UG/M3,1 Hr,Valid
Embassy Kathmandu,PM2.5 - Principal,2018-05-15 09:00 PM,2018,5,15,21,40.0,112,Unhealthy for Sensitive Groups,43.0,UG/M3,1 Hr,Valid
Embassy Kathmandu,PM2.5 - Principal,2018-05-15 10:00 PM,2018,5,15,22,42.0,117,Unhealthy for Sensitive Groups,44.0,UG/M3,1 Hr,Valid
Embassy Kathmandu,PM2.5 - Principal,2018-05-15 11:00 PM,2018,5,15,23,38.5,108,Unhealthy for Sensitive Groups,35.0,UG/M3,1 Hr,Valid
Embassy Kathmandu,PM2.5 - Principal,2018-05-16 12:00 AM,2018,5,16,0,34.2,97,Moderate,30.0,UG/M3,1 Hr,Valid
Embassy Kathmandu,PM2.5 - Principal,2018-05-16 01:00 AM,2018,5,16,1,27.6,84,Moderate,21.0,UG/M3,1 Hr,Valid
Embassy Kathmandu,PM2.5 - Principal,2018-05-16 02:00 AM,2018,5,16,2,27.8,84,Moderate,28.0,UG/M3,1 Hr,Valid
Embassy Kathmandu,PM2.5 - Principal,2018-05-16 03:00 AM,2018,5,16,3,26.9,82,Moderate,26.0,UG/M3,1 Hr,Valid
Embassy Kathmandu,PM2.5 - Principal,2018-05-16 04:00 AM,2018,5,16,4,24.4,77,Moderate,22.0,UG/M3,1 Hr,Valid
Embassy Kathmandu,PM2.5 - Principal,2018-05-16 05:00 AM,2018,5,16,5,22.2,72,Moderate,20.0,UG/M3,1 Hr,Valid
Embassy Kathmandu,PM2.5 - Principal,2018-05-16 06:00 AM,2018,5,16,6,26.6,81,Moderate,31.0,UG/M3,1 Hr,Valid
Embassy Kathmandu,PM2.5 - Principal,2018-05-16 07:00 AM,2018,5,16,7,38.3,108,Unhealthy for Sensitive Groups,50.0,UG/M3,1 Hr,Valid
Embassy Kathmandu,PM2.5 - Principal,2018-05-16 08:00 AM,2018,5,16,8,43.1,120,Unhealthy for Sensitive Groups,48.0,UG/M3,1 Hr,Valid
Embassy Kathmandu,PM2.5 - Principal,2018-05-16 09:00 AM,2018,5,16,9,53.5,145,Unhealthy for Sensitive Groups,64.0,UG/M3,1 Hr,Valid
Embassy Kathmandu,PM2.5 - Principal,2018-05-16 10:00 AM,2018,5,16,10,50.7,138,Unhealthy for Sensitive Groups,48.0,UG/M3,1 Hr,Valid
Embassy Kathmandu,PM2.5 - Principal,2018-05-16 11:00 AM,2018,5,16,11,46.3,128,Unhealthy for Sensitive Groups,42.0,UG/M3,1 Hr,Valid
Embassy Kathmandu,PM2.5 - Principal,2018-05-16 12:00 PM,2018,5,16,12,47.2,130,Unhealthy for Sensitive Groups,48.0,UG/M3,1 Hr,Valid
Embassy Kathmandu,PM2.5 - Principal,2018-05-16 01:00 PM,2018,5,16,13,41.6,116,Unhealthy for Sensitive Groups,36.0,UG/M3,1 Hr,Valid
Embassy Kathmandu,PM2.5 - Principal,2018-05-16 02:00 PM,2018,5,16,14,44.8,124,Unhealthy for Sensitive Groups,48.0,UG/M3,1 Hr,Valid
Embassy Kathmandu,PM2.5 - Principal,2018-05-16 03:00 PM,2018,5,16,15,40.9,114,Unhealthy for Sensitive Groups,37.0,UG/M3,1 Hr,Valid
Embassy Kathmandu,PM2.5 - Principal,2018-05-16 04:00 PM,2018,5,16,16,38.9,109,Unhealthy for Sensitive Groups,37.0,UG/M3,1 Hr,Valid
Embassy Kathmandu,PM2.5 - Principal,2018-05-16 05:00 PM,2018,5,16,17,38.9,109,Unhealthy for Sensitive Groups,39.0,UG/M3,1 Hr,Valid
Embassy Kathmandu,PM2.5 - Principal,2018-05-16 06:00 PM,2018,5,16,18,31.9,93,Moderate,25.0,UG/M3,1 Hr,Valid
Embassy Kathmandu,PM2.5 - Principal,2018-05-16 07:00 PM,2018,5,16,19,32.4,94,Moderate,33.0,UG/M3,1 Hr,Valid
Embassy Kathmandu,PM2.5 - Principal,2018-05-16 08:00 PM,2018,5,16,20,35.7,101,Unhealthy for Sensitive Groups,39.0,UG/M3,1 Hr,Valid
Embassy Kathmandu,PM2.5 - Principal,2018-05-16 09:00 PM,2018,5,16,21,32.4,94,Moderate,29.0,UG/M3,1 Hr,Valid
Embassy Kathmandu,PM2.5 - Principal,2018-05-16 10:00 PM,2018,5,16,22,29.8,88,Moderate,27.0,UG/M3,1 Hr,Valid
Embassy Kathmandu,PM2.5 - Principal,2018-05-16 11:00 PM,2018,5,16,23,30.8,90,Moderate,32.0,UG/M3,1 Hr,Valid
Embassy Kathmandu,PM2.5 - Principal,2018-05-17 12:00 AM,2018,5,17,0,31.8,92,Moderate,33.0,UG/M3,1 Hr,Valid
Embassy Kathmandu,PM2.5 - Principal,2018-05-17 01:00 AM,2018,5,17,1,31.4,92,Moderate,31.0,UG/M3,1 Hr,Valid
Embassy Kathmandu,PM2.5 - Principal,2018-05-17 02:00 AM,2018,5,17,2,30.9,91,Moderate,30.0,UG/M3,1 Hr,Valid
Embassy Kathmandu,PM2.5 - Principal,2018-05-17 03:00 AM,2018,5,17,3,31.6,92,Moderate,33.0,UG/M3,1 Hr,Valid
Embassy Kathmandu,PM2.5 - Principal,2018-05-17 04:00 AM,2018,5,17,4,32.1,93,Moderate,33.0,UG/M3,1 Hr,Valid
Embassy Kathmandu,PM2.5 - Principal,2018-05-17 05:00 AM,2018,5,17,5,25.2,79,Moderate,18.0,UG/M3,1 Hr,Valid
Embassy Kathmandu,PM2.5 - Principal,2018-05-17 06:00 AM,2018,5,17,6,15.1,57,Moderate,5.0,UG/M3,1 Hr,Valid
Embassy Kathmandu,PM2.5 - Principal,2018-05-17 07:00 AM,2018,5,17,7,11.5,48,Good,8.0,UG/M3,1 Hr,Valid
Embassy Kathmandu,PM2.5 - Principal,2018-05-17 08:00 AM,2018,5,17,8,11.2,47,Good,11.0,UG/M3,1 Hr,Valid
Embassy Kathmandu,PM2.5 - Principal,2018-05-17 09:00 AM,2018,5,17,9,10.1,42,Good,9.0,UG/M3,1 Hr,Valid
Embassy Kathmandu,PM2.5 - Principal,2018-05-17 10:00 AM,2018,5,17,10,14.5,56,Moderate,19.0,UG/M3,1 Hr,Valid
Embassy Kathmandu,PM2.5 - Principal,2018-05-17 11:00 AM,2018,5,17,11,18.7,65,Moderate,23.0,UG/M3,1 Hr,Valid
Embassy Kathmandu,PM2.5 - Principal,2018-05-17 12:00 PM,2018,5,17,12,20.8,69,Moderate,23.0,UG/M3,1 Hr,Valid
Embassy Kathmandu,PM2.5 - Principal,2018-05-17 01:00 PM,2018,5,17,13,19.9,67,Moderate,19.0,UG/M3,1 Hr,Valid
Embassy Kathmandu,PM2.5 - Principal,2018-05-17 02:00 PM,2018,5,17,14,22.4,73,Moderate,25.0,UG/M3,1 Hr,Valid
Embassy Kathmandu,PM2.5 - Principal,2018-05-17 03:00 PM,2018,5,17,15,24.2,76,Moderate,26.0,UG/M3,1 Hr,Valid
Embassy Kathmandu,PM2.5 - Principal,2018-05-17 04:00 PM,2018,5,17,16,28.6,86,Moderate,33.0,UG/M3,1 Hr,Valid
Embassy Kathmandu,PM2.5 - Principal,2018-05-17 05:00 PM,2018,5,17,17,28.8,86,Moderate,29.0,UG/M3,1 Hr,Valid
Embassy Kathmandu,PM2.5 - Principal,2018-05-17 06:00 PM,2018,5,17,18,28.9,86,Moderate,29.0,UG/M3,1 Hr,Valid
Embassy Kathmandu,PM2.5 - Principal,2018-05-17 07:00 PM,2018,5,17,19,29.9,88,Moderate,31.0,UG/M3,1 Hr,Valid
Embassy Kathmandu,PM2.5 - Principal,2018-05-17 08:00 PM,2018,5,17,20,28.4,85,Moderate,27.0,UG/M3,1 Hr,Valid
Embassy Kathmandu,PM2.5 - Principal,2018-05-17 09:00 PM,2018,5,17,21,34.2,97,Moderate,40.0,UG/M3,1 Hr,Valid
Embassy Kathmandu,PM2.5 - Principal,2018-05-17 10:00 PM,2018,5,17,22,32.1,93,Moderate,30.0,UG/M3,1 Hr,Valid
Embassy Kathmandu,PM2.5 - Principal,2018-05-17 11:00 PM,2018,5,17,23,41.5,116,Unhealthy for Sensitive Groups,51.0,UG/M3,1 Hr,Valid
Embassy Kathmandu,PM2.5 - Principal,2018-05-18 12:00 AM,2018,5,18,0,37.7,106,Unhealthy for Sensitive Groups,34.0,UG/M3,1 Hr,Valid
Embassy Kathmandu,PM2.5 - Principal,2018-05-18 01:00 AM,2018,5,18,1,36.3,103,Unhealthy for Sensitive Groups,35.0,UG/M3,1 Hr,Valid
Embassy Kathmandu,PM2.5 - Principal,2018-05-18 02:00 AM,2018,5,18,2,34.2,97,Moderate,32.0,UG/M3,1 Hr,Valid
Embassy Kathmandu,PM2.5 - Principal,2018-05-18 03:00 AM,2018,5,18,3,40.3,113,Unhealthy for Sensitive Groups,47.0,UG/M3,1 Hr,Valid
Embassy Kathmandu,PM2.5 - Principal,2018-05-18 04:00 AM,2018,5,18,4,35.9,102,Unhealthy for Sensitive Groups,31.0,UG/M3,1 Hr,Valid
Embassy Kathmandu,PM2.5 - Principal,2018-05-18 05:00 AM,2018,5,18,5,36.9,104,Unhealthy for Sensitive Groups,38.0,UG/M3,1 Hr,Valid
Embassy Kathmandu,PM2.5 - Principal,2018-05-18 06:00 AM,2018,5,18,6,40.2,113,Unhealthy for Sensitive Groups,44.0,UG/M3,1 Hr,Valid
Embassy Kathmandu,PM2.5 - Principal,2018-05-18 07:00 AM,2018,5,18,7,46.5,128,Unhealthy for Sensitive Groups,53.0,UG/M3,1 Hr,Valid
Embassy Kathmandu,PM2.5 - Principal,2018-05-18 08:00 AM,2018,5,18,8,47.1,130,Unhealthy for Sensitive Groups,49.0,UG/M3,1 Hr,Valid
Embassy Kathmandu,PM2.5 - Principal,2018-05-18 09:00 AM,2018,5,18,9,53.9,146,Unhealthy for Sensitive Groups,60.0,UG/M3,1 Hr,Valid
Embassy Kathmandu,PM2.5 - Principal,2018-05-18 10:00 AM,2018,5,18,10,50.4,138,Unhealthy for Sensitive Groups,47.0,UG/M3,1 Hr,Valid
Embassy Kathmandu,PM2.5 - Principal,2018-05-18 11:00 AM,2018,5,18,11,46.3,128,Unhealthy for Sensitive Groups,42.0,UG/M3,1 Hr,Valid
Embassy Kathmandu,PM2.5 - Principal,2018-05-18 12:00 PM,2018,5,18,12,42.8,119,Unhealthy for Sensitive Groups,39.0,UG/M3,1 Hr,Valid
Embassy Kathmandu,PM2.5 - Principal,2018-05-18 01:00 PM,2018,5,18,13,42.4,118,Unhealthy for Sensitive Groups,42.0,UG/M3,1 Hr,Valid
Embassy Kathmandu,PM2.5 - Principal,2018-05-18 02:00 PM,2018,5,18,14,40.2,113,Unhealthy for Sensitive Groups,38.0,UG/M3,1 Hr,Valid
Embassy Kathmandu,PM2.5 - Principal,2018-05-18 03:00 PM,2018,5,18,15,35.7,101,Unhealthy for Sensitive Groups,31.0,UG/M3,1 Hr,Valid
Embassy Kathmandu,PM2.5 - Principal,2018-05-18 04:00 PM,2018,5,18,16,31.7,92,Moderate,28.0,UG/M3,1 Hr,Valid
Embassy Kathmandu,PM2.5 - Principal,2018-05-18 05:00 PM,2018,5,18,17,29.3,87,Moderate,27.0,UG/M3,1 Hr,Valid
Embassy Kathmandu,PM2.5 - Principal,2018-05-18 06:00 PM,2018,5,18,18,37.1,105,Unhealthy for Sensitive Groups,45.0,UG/M3,1 Hr,Valid
Embassy Kathmandu,PM2.5 - Principal,2018-05-18 07:00 PM,2018,5,18,19,39.0,110,Unhealthy for Sensitive Groups,41.0,UG/M3,1 Hr,Valid
Embassy Kathmandu,PM2.5 - Principal,2018-05-18 08:00 PM,2018,5,18,20,38.0,107,Unhealthy for Sensitive Groups,37.0,UG/M3,1 Hr,Valid
Embassy Kathmandu,PM2.5 - Principal,2018-05-18 09:00 PM,2018,5,18,21,41.3,115,Unhealthy for Sensitive Groups,46.0,UG/M3,1 Hr,Valid
Embassy Kathmandu,PM2.5 - Principal,2018-05-18 10:00 PM,2018,5,18,22,41.9,117,Unhealthy for Sensitive Groups,43.0,UG/M3,1 Hr,Valid
Embassy Kathmandu,PM2.5 - Principal,2018-05-18 11:00 PM,2018,5,18,23,41.1,115,Unhealthy for Sensitive Groups,40.0,UG/M3,1 Hr,Valid
Embassy Kathmandu,PM2.5 - Principal,2018-05-19 12:00 AM,2018,5,19,0,35.2,100,Moderate,27.0,UG/M3,1 Hr,Valid
Embassy Kathmandu,PM2.5 - Principal,2018-05-19 01:00 AM,2018,5,19,1,33.0,95,Moderate,30.0,UG/M3,1 Hr,Valid
Embassy Kathmandu,PM2.5 - Principal,2018-05-19 02:00 AM,2018,5,19,2,30.9,91,Moderate,28.0,UG/M3,1 Hr,Valid
Embassy Kathmandu,PM2.5 - Principal,2018-05-19 03:00 AM,2018,5,19,3,30.5,90,Moderate,30.0,UG/M3,1 Hr,Valid
Embassy Kathmandu,PM2.5 - Principal,2018-05-19 04:00 AM,2018,5,19,4,31.9,93,Moderate,34.0,UG/M3,1 Hr,Valid
Embassy Kathmandu,PM2.5 - Principal,2018-05-19 05:00 AM,2018,5,19,5,33.2,95,Moderate,35.0,UG/M3,1 Hr,Valid
Embassy Kathmandu,PM2.5 - Principal,2018-05-19 06:00 AM,2018,5,19,6,36.0,102,Unhealthy for Sensitive Groups,40.0,UG/M3,1 Hr,Valid
Embassy Kathmandu,PM2.5 - Principal,2018-05-19 07:00 AM,2018,5,19,7,45.3,125,Unhealthy for Sensitive Groups,54.0,UG/M3,1 Hr,Valid
Embassy Kathmandu,PM2.5 - Principal,2018-05-19 08:00 AM,2018,5,19,8,52.6,143,Unhealthy for Sensitive Groups,60.0,UG/M3,1 Hr,Valid
Embassy Kathmandu,PM2.5 - Principal,2018-05-19 09:00 AM,2018,5,19,9,67.3,157,Unhealthy,82.0,UG/M3,1 Hr,Valid
Embassy Kathmandu,PM2.5 - Principal,2018-05-19 10:00 AM,2018,5,19,10,60.6,154,Unhealthy,54.0,UG/M3,1 Hr,Valid
Embassy Kathmandu,PM2.5 - Principal,2018-05-19 11:00 AM,2018,5,19,11,69.3,158,Unhealthy,78.0,UG/M3,1 Hr,Valid
Embassy Kathmandu,PM2.5 - Principal,2018-05-19 12:00 PM,2018,5,19,12,78.6,163,Unhealthy,88.0,UG/M3,1 Hr,Valid
Embassy Kathmandu,PM2.5 - Principal,2018-05-19 01:00 PM,2018,5,19,13,75.3,161,Unhealthy,72.0,UG/M3,1 Hr,Valid
Embassy Kathmandu,PM2.5 - Principal,2018-05-19 02:00 PM,2018,5,19,14,58.6,153,Unhealthy,42.0,UG/M3,1 Hr,Valid
Embassy Kathmandu,PM2.5 - Principal,2018-05-19 03:00 PM,2018,5,19,15,51.3,140,Unhealthy for Sensitive Groups,44.0,UG/M3,1 Hr,Valid
Embassy Kathmandu,PM2.5 - Principal,2018-05-19 04:00 PM,2018,5,19,16,36.1,102,Unhealthy for Sensitive Groups,21.0,UG/M3,1 Hr,Valid
Embassy Kathmandu,PM2.5 - Principal,2018-05-19 05:00 PM,2018,5,19,17,31.5,92,Moderate,27.0,UG/M3,1 Hr,Valid
Embassy Kathmandu,PM2.5 - Principal,2018-05-19 06:00 PM,2018,5,19,18,30.2,89,Moderate,29.0,UG/M3,1 Hr,Valid
Embassy Kathmandu,PM2.5 - Principal,2018-05-19 07:00 PM,2018,5,19,19,29.6,88,Moderate,29.0,UG/M3,1 Hr,Valid
Embassy Kathmandu,PM2.5 - Principal,2018-05-19 08:00 PM,2018,5,19,20,36.8,104,Unhealthy for Sensitive Groups,44.0,UG/M3,1 Hr,Valid
Embassy Kathmandu,PM2.5 - Principal,2018-05-19 09:00 PM,2018,5,19,21,41.9,117,Unhealthy for Sensitive Groups,47.0,UG/M3,1 Hr,Valid
Embassy Kathmandu,PM2.5 - Principal,2018-05-19 10:00 PM,2018,5,19,22,41.4,116,Unhealthy for Sensitive Groups,41.0,UG/M3,1 Hr,Valid
Embassy Kathmandu,PM2.5 - Principal,2018-05-19 11:00 PM,2018,5,19,23,36.2,103,Unhealthy for Sensitive Groups,31.0,UG/M3,1 Hr,Valid
Embassy Kathmandu,PM2.5 - Principal,2018-05-20 12:00 AM,2018,5,20,0,35.1,99,Moderate,34.0,UG/M3,1 Hr,Valid
Embassy Kathmandu,PM2.5 - Principal,2018-05-20 01:00 AM,2018,5,20,1,36.0,102,Unhealthy for Sensitive Groups,37.0,UG/M3,1 Hr,Valid
Embassy Kathmandu,PM2.5 - Principal,2018-05-20 02:00 AM,2018,5,20,2,29.5,88,Moderate,23.0,UG/M3,1 Hr,Valid
Embassy Kathmandu,PM2.5 - Principal,2018-05-20 03:00 AM,2018,5,20,3,26.2,81,Moderate,23.0,UG/M3,1 Hr,Valid
Embassy Kathmandu,PM2.5 - Principal,2018-05-20 04:00 AM,2018,5,20,4,26.6,81,Moderate,27.0,UG/M3,1 Hr,Valid
Embassy Kathmandu,PM2.5 - Principal,2018-05-20 05:00 AM,2018,5,20,5,28.3,85,Moderate,30.0,UG/M3,1 Hr,Valid
Embassy Kathmandu,PM2.5 - Principal,2018-05-20 06:00 AM,2018,5,20,6,31.1,91,Moderate,34.0,UG/M3,1 Hr,Valid
Embassy Kathmandu,PM2.5 - Principal,2018-05-20 07:00 AM,2018,5,20,7,34.0,97,Moderate,37.0,UG/M3,1 Hr,Valid
Embassy Kathmandu,PM2.5 - Principal,2018-05-20 08:00 AM,2018,5,20,8,40.5,113,Unhealthy for Sensitive Groups,47.0,UG/M3,1 Hr,Valid
Embassy Kathmandu,PM2.5 - Principal,2018-05-20 09:00 AM,2018,5,20,9,46.2,127,Unhealthy for Sensitive Groups,52.0,UG/M3,1 Hr,Valid
Embassy Kathmandu,PM2.5 - Principal,2018-05-20 10:00 AM,2018,5,20,10,55.6,151,Unhealthy,65.0,UG/M3,1 Hr,Valid
Embassy Kathmandu,PM2.5 - Principal,2018-05-20 11:00 AM,2018,5,20,11,57.8,152,Unhealthy,60.0,UG/M3,1 Hr,Valid
Embassy Kathmandu,PM2.5 - Principal,2018-05-20 12:00 PM,2018,5,20,12,46.9,129,Unhealthy for Sensitive Groups,36.0,UG/M3,1 Hr,Valid
Embassy Kathmandu,PM2.5 - Principal,2018-05-20 01:00 PM,2018,5,20,13,71.9,159,Unhealthy,97.0,UG/M3,1 Hr,Valid
Embassy Kathmandu,PM2.5 - Principal,2018-05-20 02:00 PM,2018,5,20,14,65.4,156,Unhealthy,59.0,UG/M3,1 Hr,Valid
Embassy Kathmandu,PM2.5 - Principal,2018-05-20 03:00 PM,2018,5,20,15,50.2,137,Unhealthy for Sensitive Groups,35.0,UG/M3,1 Hr,Valid
Embassy Kathmandu,PM2.5 - Principal,2018-05-20 04:00 PM,2018,5,20,16,38.6,109,Unhealthy for Sensitive Groups,27.0,UG/M3,1 Hr,Valid
Embassy Kathmandu,PM2.5 - Principal,2018-05-20 05:00 PM,2018,5,20,17,36.8,104,Unhealthy for Sensitive Groups,35.0,UG/M3,1 Hr,Valid
Embassy Kathmandu,PM2.5 - Principal,2018-05-20 06:00 PM,2018,5,20,18,35.4,100,Moderate,34.0,UG/M3,1 Hr,Valid
Embassy Kathmandu,PM2.5 - Principal,2018-05-20 07:00 PM,2018,5,20,19,36.7,104,Unhealthy for Sensitive Groups,38.0,UG/M3,1 Hr,Valid
Embassy Kathmandu,PM2.5 - Principal,2018-05-20 08:00 PM,2018,5,20,20,39.3,110,Unhealthy for Sensitive Groups,42.0,UG/M3,1 Hr,Valid
Embassy Kathmandu,PM2.5 - Principal,2018-05-20 09:00 PM,2018,5,20,21,36.6,104,Unhealthy for Sensitive Groups,34.0,UG/M3,1 Hr,Valid
Embassy Kathmandu,PM2.5 - Principal,2018-05-20 10:00 PM,2018,5,20,22,38.8,109,Unhealthy for Sensitive Groups,41.0,UG/M3,1 Hr,Valid
Embassy Kathmandu,PM2.5 - Principal,2018-05-20 11:00 PM,2018,5,20,23,36.9,104,Unhealthy for Sensitive Groups,35.0,UG/M3,1 Hr,Valid
Embassy Kathmandu,PM2.5 - Principal,2018-05-21 12:00 AM,2018,5,21,0,37.4,106,Unhealthy for Sensitive Groups,38.0,UG/M3,1 Hr,Valid
Embassy Kathmandu,PM2.5 - Principal,2018-05-21 01:00 AM,2018,5,21,1,36.7,104,Unhealthy for Sensitive Groups,36.0,UG/M3,1 Hr,Valid
Embassy Kathmandu,PM2.5 - Principal,2018-05-21 02:00 AM,2018,5,21,2,35.4,100,Moderate,33.0,UG/M3,1 Hr,Valid
Embassy Kathmandu,PM2.5 - Principal,2018-05-21 03:00 AM,2018,5,21,3,34.2,97,Moderate,32.0,UG/M3,1 Hr,Valid
Embassy Kathmandu,PM2.5 - Principal,2018-05-21 04:00 AM,2018,5,21,4,34.7,99,Moderate,34.0,UG/M3,1 Hr,Valid
Embassy Kathmandu,PM2.5 - Principal,2018-05-21 05:00 AM,2018,5,21,5,32.1,93,Moderate,28.0,UG/M3,1 Hr,Valid
Embassy Kathmandu,PM2.5 - Principal,2018-05-21 06:00 AM,2018,5,21,6,38.3,108,Unhealthy for Sensitive Groups,48.0,UG/M3,1 Hr,Valid
Embassy Kathmandu,PM2.5 - Principal,2018-05-21 07:00 AM,2018,5,21,7,42.3,118,Unhealthy for Sensitive Groups,48.0,UG/M3,1 Hr,Valid
Embassy Kathmandu,PM2.5 - Principal,2018-05-21 08:00 AM,2018,5,21,8,50.3,137,Unhealthy for Sensitive Groups,57.0,UG/M3,1 Hr,Valid
Embassy Kathmandu,PM2.5 - Principal,2018-05-21 09:00 AM,2018,5,21,9,57.1,152,Unhealthy,64.0,UG/M3,1 Hr,Valid
Embassy Kathmandu,PM2.5 - Principal,2018-05-21 10:00 AM,2018,5,21,10,68.5,158,Unhealthy,80.0,UG/M3,1 Hr,Valid
Embassy Kathmandu,PM2.5 - Principal,2018-05-21 11:00 AM,2018,5,21,11,65.8,156,Unhealthy,63.0,UG/M3,1 Hr,Valid
Embassy Kathmandu,PM2.5 - Principal,2018-05-21 12:00 PM,2018,5,21,12,60.4,154,Unhealthy,55.0,UG/M3,1 Hr,Valid
Embassy Kathmandu,PM2.5 - Principal,2018-05-21 01:00 PM,2018,5,21,13,63.2,155,Unhealthy,66.0,UG/M3,1 Hr,Valid
Embassy Kathmandu,PM2.5 - Principal,2018-05-21 02:00 PM,2018,5,21,14,60.1,153,Unhealthy,57.0,UG/M3,1 Hr,Valid
Embassy Kathmandu,PM2.5 - Principal,2018-05-21 03:00 PM,2018,5,21,15,46.5,128,Unhealthy for Sensitive Groups,33.0,UG/M3,1 Hr,Valid
Embassy Kathmandu,PM2.5 - Principal,2018-05-21 04:00 PM,2018,5,21,16,48.7,134,Unhealthy for Sensitive Groups,51.0,UG/M3,1 Hr,Valid
Embassy Kathmandu,PM2.5 - Principal,2018-05-21 05:00 PM,2018,5,21,17,48.8,134,Unhealthy for Sensitive Groups,49.0,UG/M3,1 Hr,Valid
Embassy Kathmandu,PM2.5 - Principal,2018-05-21 06:00 PM,2018,5,21,18,41.9,117,Unhealthy for Sensitive Groups,35.0,UG/M3,1 Hr,Valid
Embassy Kathmandu,PM2.5 - Principal,2018-05-21 07:00 PM,2018,5,21,19,39.4,111,Unhealthy for Sensitive Groups,37.0,UG/M3,1 Hr,Valid
Embassy Kathmandu,PM2.5 - Principal,2018-05-21 08:00 PM,2018,5,21,20,35.7,101,Unhealthy for Sensitive Groups,32.0,UG/M3,1 Hr,Valid
Embassy Kathmandu,PM2.5 - Principal,2018-05-21 09:00 PM,2018,5,21,21,37.8,107,Unhealthy for Sensitive Groups,40.0,UG/M3,1 Hr,Valid
Embassy Kathmandu,PM2.5 - Principal,2018-05-21 10:00 PM,2018,5,21,22,35.4,100,Moderate,33.0,UG/M3,1 Hr,Valid
Embassy Kathmandu,PM2.5 - Principal,2018-05-21 11:00 PM,2018,5,21,23,31.2,91,Moderate,27.0,UG/M3,1 Hr,Valid
Embassy Kathmandu,PM2.5 - Principal,2018-05-22 12:00 AM,2018,5,22,0,31.6,92,Moderate,32.0,UG/M3,1 Hr,Valid
Embassy Kathmandu,PM2.5 - Principal,2018-05-22 01:00 AM,2018,5,22,1,29.2,87,Moderate,27.0,UG/M3,1 Hr,Valid
Embassy Kathmandu,PM2.5 - Principal,2018-05-22 02:00 AM,2018,5,22,2,29.2,87,Moderate,29.0,UG/M3,1 Hr,Valid
Embassy Kathmandu,PM2.5 - Principal,2018-05-22 03:00 AM,2018,5,22,3,28.6,86,Moderate,28.0,UG/M3,1 Hr,Valid
Embassy Kathmandu,PM2.5 - Principal,2018-05-22 04:00 AM,2018,5,22,4,31.5,92,Moderate,35.0,UG/M3,1 Hr,Valid
Embassy Kathmandu,PM2.5 - Principal,2018-05-22 05:00 AM,2018,5,22,5,32.1,93,Moderate,34.0,UG/M3,1 Hr,Valid
Embassy Kathmandu,PM2.5 - Principal,2018-05-22 06:00 AM,2018,5,22,6,42.7,119,Unhealthy for Sensitive Groups,53.0,UG/M3,1 Hr,Valid
Embassy Kathmandu,PM2.5 - Principal,2018-05-22 07:00 AM,2018,5,22,7,51.4,140,Unhealthy for Sensitive Groups,60.0,UG/M3,1 Hr,Valid
Embassy Kathmandu,PM2.5 - Principal,2018-05-22 08:00 AM,2018,5,22,8,53.7,146,Unhealthy for Sensitive Groups,56.0,UG/M3,1 Hr,Valid
Embassy Kathmandu,PM2.5 - Principal,2018-05-22 09:00 AM,2018,5,22,9,48.8,134,Unhealthy for Sensitive Groups,44.0,UG/M3,1 Hr,Valid
Embassy Kathmandu,PM2.5 - Principal,2018-05-22 10:00 AM,2018,5,22,10,42.9,119,Unhealthy for Sensitive Groups,37.0,UG/M3,1 Hr,Valid
Embassy Kathmandu,PM2.5 - Principal,2018-05-22 11:00 AM,2018,5,22,11,42.9,119,Unhealthy for Sensitive Groups,43.0,UG/M3,1 Hr,Valid
Embassy Kathmandu,PM2.5 - Principal,2018-05-22 12:00 PM,2018,5,22,12,40.9,114,Unhealthy for Sensitive Groups,39.0,UG/M3,1 Hr,Valid
Embassy Kathmandu,PM2.5 - Principal,2018-05-22 01:00 PM,2018,5,22,13,44.9,124,Unhealthy for Sensitive Groups,49.0,UG/M3,1 Hr,Valid
Embassy Kathmandu,PM2.5 - Principal,2018-05-22 02:00 PM,2018,5,22,14,45.4,125,Unhealthy for Sensitive Groups,46.0,UG/M3,1 Hr,Valid
Embassy Kathmandu,PM2.5 - Principal,2018-05-22 03:00 PM,2018,5,22,15,43.4,120,Unhealthy for Sensitive Groups,41.0,UG/M3,1 Hr,Valid
Embassy Kathmandu,PM2.5 - Principal,2018-05-22 04:00 PM,2018,5,22,16,41.9,117,Unhealthy for Sensitive Groups,40.0,UG/M3,1 Hr,Valid
Embassy Kathmandu,PM2.5 - Principal,2018-05-22 05:00 PM,2018,5,22,17,40.6,114,Unhealthy for Sensitive Groups,38.0,UG/M3,1 Hr,Valid
Embassy Kathmandu,PM2.5 - Principal,2018-05-22 06:00 PM,2018,5,22,18,35.6,101,Unhealthy for Sensitive Groups,31.0,UG/M3,1 Hr,Valid
Embassy Kathmandu,PM2.5 - Principal,2018-05-22 07:00 PM,2018,5,22,19,36.4,103,Unhealthy for Sensitive Groups,37.0,UG/M3,1 Hr,Valid
Embassy Kathmandu,PM2.5 - Principal,2018-05-22 08:00 PM,2018,5,22,20,37.7,106,Unhealthy for Sensitive Groups,39.0,UG/M3,1 Hr,Valid
Embassy Kathmandu,PM2.5 - Principal,2018-05-22 09:00 PM,2018,5,22,21,37.8,107,Unhealthy for Sensitive Groups,38.0,UG/M3,1 Hr,Valid
Embassy Kathmandu,PM2.5 - Principal,2018-05-22 10:00 PM,2018,5,22,22,36.4,103,Unhealthy for Sensitive Groups,34.0,UG/M3,1 Hr,Valid
Embassy Kathmandu,PM2.5 - Principal,2018-05-22 11:00 PM,2018,5,22,23,35.8,102,Unhealthy for Sensitive Groups,35.0,UG/M3,1 Hr,Valid
Embassy Kathmandu,PM2.5 - Principal,2018-05-23 12:00 AM,2018,5,23,0,34.0,97,Moderate,31.0,UG/M3,1 Hr,Valid
Embassy Kathmandu,PM2.5 - Principal,2018-05-23 01:00 AM,2018,5,23,1,28.1,85,Moderate,23.0,UG/M3,1 Hr,Valid
Embassy Kathmandu,PM2.5 - Principal,2018-05-23 02:00 AM,2018,5,23,2,29.3,87,Moderate,30.0,UG/M3,1 Hr,Valid
Embassy Kathmandu,PM2.5 - Principal,2018-05-23 03:00 AM,2018,5,23,3,29.2,87,Moderate,29.0,UG/M3,1 Hr,Valid
Embassy Kathmandu,PM2.5 - Principal,2018-05-23 04:00 AM,2018,5,23,4,30.0,89,Moderate,31.0,UG/M3,1 Hr,Valid
Embassy Kathmandu,PM2.5 - Principal,2018-05-23 05:00 AM,2018,5,23,5,27.5,83,Moderate,24.0,UG/M3,1 Hr,Valid
Embassy Kathmandu,PM2.5 - Principal,2018-05-23 06:00 AM,2018,5,23,6,28.9,86,Moderate,31.0,UG/M3,1 Hr,Valid
Embassy Kathmandu,PM2.5 - Principal,2018-05-23 07:00 AM,2018,5,23,7,31.8,92,Moderate,36.0,UG/M3,1 Hr,Valid
Embassy Kathmandu,PM2.5 - Principal,2018-05-23 08:00 AM,2018,5,23,8,38.5,108,Unhealthy for Sensitive Groups,45.0,UG/M3,1 Hr,Valid
Embassy Kathmandu,PM2.5 - Principal,2018-05-23 09:00 AM,2018,5,23,9,43.3,120,Unhealthy for Sensitive Groups,48.0,UG/M3,1 Hr,Valid
Embassy Kathmandu,PM2.5 - Principal,2018-05-23 10:00 AM,2018,5,23,10,44.1,122,Unhealthy for Sensitive Groups,45.0,UG/M3,1 Hr,Valid
Embassy Kathmandu,PM2.5 - Principal,2018-05-23 11:00 AM,2018,5,23,11,42.0,117,Unhealthy for Sensitive Groups,40.0,UG/M3,1 Hr,Valid
Embassy Kathmandu,PM2.5 - Principal,2018-05-23 12:00 PM,2018,5,23,12,45.0,124,Unhealthy for Sensitive Groups,48.0,UG/M3,1 Hr,Valid
Embassy Kathmandu,PM2.5 - Principal,2018-05-23 01:00 PM,2018,5,23,13,42.0,117,Unhealthy for Sensitive Groups,39.0,UG/M3,1 Hr,Valid
Embassy Kathmandu,PM2.5 - Principal,2018-05-23 02:00 PM,2018,5,23,14,36.5,103,Unhealthy for Sensitive Groups,31.0,UG/M3,1 Hr,Valid
Embassy Kathmandu,PM2.5 - Principal,2018-05-23 03:00 PM,2018,5,23,15,31.2,91,Moderate,26.0,UG/M3,1 Hr,Valid
Embassy Kathmandu,PM2.5 - Principal,2018-05-23 04:00 PM,2018,5,23,16,28.6,86,Moderate,26.0,UG/M3,1 Hr,Valid
Embassy Kathmandu,PM2.5 - Principal,2018-05-23 05:00 PM,2018,5,23,17,29.5,88,Moderate,30.0,UG/M3,1 Hr,Valid
Embassy Kathmandu,PM2.5 - Principal,2018-05-23 06:00 PM,2018,5,23,18,28.3,85,Moderate,27.0,UG/M3,1 Hr,Valid
Embassy Kathmandu,PM2.5 - Principal,2018-05-23 07:00 PM,2018,5,23,19,27.7,84,Moderate,27.0,UG/M3,1 Hr,Valid
Embassy Kathmandu,PM2.5 - Principal,2018-05-23 08:00 PM,2018,5,23,20,26.9,82,Moderate,26.0,UG/M3,1 Hr,Valid
Embassy Kathmandu,PM2.5 - Principal,2018-05-23 09:00 PM,2018,5,23,21,24.8,78,Moderate,23.0,UG/M3,1 Hr,Valid
Embassy Kathmandu,PM2.5 - Principal,2018-05-23 10:00 PM,2018,5,23,22,24.9,78,Moderate,25.0,UG/M3,1 Hr,Valid
Embassy Kathmandu,PM2.5 - Principal,2018-05-23 11:00 PM,2018,5,23,23,25.4,79,Moderate,26.0,UG/M3,1 Hr,Valid
Embassy Kathmandu,PM2.5 - Principal,2018-05-24 12:00 AM,2018,5,24,0,24.8,78,Moderate,24.0,UG/M3,1 Hr,Valid
Embassy Kathmandu,PM2.5 - Principal,2018-05-24 01:00 AM,2018,5,24,1,25.2,79,Moderate,25.0,UG/M3,1 Hr,Valid
Embassy Kathmandu,PM2.5 - Principal,2018-05-24 02:00 AM,2018,5,24,2,23.3,75,Moderate,20.0,UG/M3,1 Hr,Valid
Embassy Kathmandu,PM2.5 - Principal,2018-05-24 03:00 AM,2018,5,24,3,20.9,70,Moderate,18.0,UG/M3,1 Hr,Valid
Embassy Kathmandu,PM2.5 - Principal,2018-05-24 04:00 AM,2018,5,24,4,21.7,71,Moderate,23.0,UG/M3,1 Hr,Valid
Embassy Kathmandu,PM2.5 - Principal,2018-05-24 05:00 AM,2018,5,24,5,21.6,71,Moderate,21.0,UG/M3,1 Hr,Valid
Embassy Kathmandu,PM2.5 - Principal,2018-05-24 06:00 AM,2018,5,24,6,23.0,74,Moderate,26.0,UG/M3,1 Hr,Valid
Embassy Kathmandu,PM2.5 - Principal,2018-05-24 07:00 AM,2018,5,24,7,22.0,72,Moderate,20.0,UG/M3,1 Hr,Valid
Embassy Kathmandu,PM2.5 - Principal,2018-05-24 08:00 AM,2018,5,24,8,19.6,67,Moderate,16.0,UG/M3,1 Hr,Valid
Embassy Kathmandu,PM2.5 - Principal,2018-05-24 09:00 AM,2018,5,24,9,19.0,66,Moderate,18.0,UG/M3,1 Hr,Valid
Embassy Kathmandu,PM2.5 - Principal,2018-05-24 10:00 AM,2018,5,24,10,19.0,66,Moderate,19.0,UG/M3,1 Hr,Valid
Embassy Kathmandu,PM2.5 - Principal,2018-05-24 11:00 AM,2018,5,24,11,20.9,70,Moderate,24.0,UG/M3,1 Hr,Valid
Embassy Kathmandu,PM2.5 - Principal,2018-05-24 12:00 PM,2018,5,24,12,20.9,70,Moderate,21.0,UG/M3,1 Hr,Valid
Embassy Kathmandu,PM2.5 - Principal,2018-05-24 01:00 PM,2018,5,24,13,21.7,71,Moderate,23.0,UG/M3,1 Hr,Valid
Embassy Kathmandu,PM2.5 - Principal,2018-05-24 02:00 PM,2018,5,24,14,20.6,69,Moderate,19.0,UG/M3,1 Hr,Valid
Embassy Kathmandu,PM2.5 - Principal,2018-05-24 03:00 PM,2018,5,24,15,23.2,74,Moderate,27.0,UG/M3,1 Hr,Valid
Embassy Kathmandu,PM2.5 - Principal,2018-05-24 04:00 PM,2018,5,24,16,30.8,90,Moderate,38.0,UG/M3,1 Hr,Valid
Embassy Kathmandu,PM2.5 - Principal,2018-05-24 05:00 PM,2018,5,24,17,26.9,82,Moderate,23.0,UG/M3,1 Hr,Valid
Embassy Kathmandu,PM2.5 - Principal,2018-05-24 06:00 PM,2018,5,24,18,25.9,80,Moderate,25.0,UG/M3,1 Hr,Valid
Embassy Kathmandu,PM2.5 - Principal,2018-05-24 07:00 PM,2018,5,24,19,28.4,85,Moderate,31.0,UG/M3,1 Hr,Valid
Embassy Kathmandu,PM2.5 - Principal,2018-05-24 08:00 PM,2018,5,24,20,30.7,90,Moderate,33.0,UG/M3,1 Hr,Valid
Embassy Kathmandu,PM2.5 - Principal,2018-05-24 09:00 PM,2018,5,24,21,33.8,97,Moderate,37.0,UG/M3,1 Hr,Valid
Embassy Kathmandu,PM2.5 - Principal,2018-05-24 10:00 PM,2018,5,24,22,31.4,92,Moderate,29.0,UG/M3,1 Hr,Valid
Embassy Kathmandu,PM2.5 - Principal,2018-05-24 11:00 PM,2018,5,24,23,28.7,86,Moderate,26.0,UG/M3,1 Hr,Valid
Embassy Kathmandu,PM2.5 - Principal,2018-05-25 12:00 AM,2018,5,25,0,40.3,113,Unhealthy for Sensitive Groups,52.0,UG/M3,1 Hr,Valid
Embassy Kathmandu,PM2.5 - Principal,2018-05-25 01:00 AM,2018,5,25,1,33.1,95,Moderate,26.0,UG/M3,1 Hr,Valid
Embassy Kathmandu,PM2.5 - Principal,2018-05-25 02:00 AM,2018,5,25,2,26.5,81,Moderate,20.0,UG/M3,1 Hr,Valid
Embassy Kathmandu,PM2.5 - Principal,2018-05-25 03:00 AM,2018,5,25,3,23.2,74,Moderate,20.0,UG/M3,1 Hr,Valid
Embassy Kathmandu,PM2.5 - Principal,2018-05-25 04:00 AM,2018,5,25,4,24.6,77,Moderate,26.0,UG/M3,1 Hr,Valid
Embassy Kathmandu,PM2.5 - Principal,2018-05-25 05:00 AM,2018,5,25,5,22.8,74,Moderate,21.0,UG/M3,1 Hr,Valid
Embassy Kathmandu,PM2.5 - Principal,2018-05-25 06:00 AM,2018,5,25,6,26.4,81,Moderate,30.0,UG/M3,1 Hr,Valid
Embassy Kathmandu,PM2.5 - Principal,2018-05-25 07:00 AM,2018,5,25,7,31.7,92,Moderate,37.0,UG/M3,1 Hr,Valid
Embassy Kathmandu,PM2.5 - Principal,2018-05-25 08:00 AM,2018,5,25,8,31.3,91,Moderate,31.0,UG/M3,1 Hr,Valid
Embassy Kathmandu,PM2.5 - Principal,2018-05-25 09:00 AM,2018,5,25,9,37.6,106,Unhealthy for Sensitive Groups,44.0,UG/M3,1 Hr,Valid
Embassy Kathmandu,PM2.5 - Principal,2018-05-25 10:00 AM,2018,5,25,10,53.3,145,Unhealthy for Sensitive Groups,69.0,UG/M3,1 Hr,Valid
Embassy Kathmandu,PM2.5 - Principal,2018-05-25 11:00 AM,2018,5,25,11,46.6,128,Unhealthy for Sensitive Groups,40.0,UG/M3,1 Hr,Valid
Embassy Kathmandu,PM2.5 - Principal,2018-05-25 12:00 PM,2018,5,25,12,59.3,153,Unhealthy,72.0,UG/M3,1 Hr,Valid
Embassy Kathmandu,PM2.5 - Principal,2018-05-25 01:00 PM,2018,5,25,13,48.6,133,Unhealthy for Sensitive Groups,38.0,UG/M3,1 Hr,Valid
Embassy Kathmandu,PM2.5 - Principal,2018-05-25 02:00 PM,2018,5,25,14,43.8,121,Unhealthy for Sensitive Groups,39.0,UG/M3,1 Hr,Valid
Embassy Kathmandu,PM2.5 - Principal,2018-05-25 03:00 PM,2018,5,25,15,42.9,119,Unhealthy for Sensitive Groups,42.0,UG/M3,1 Hr,Valid
Embassy Kathmandu,PM2.5 - Principal,2018-05-25 04:00 PM,2018,5,25,16,40.4,113,Unhealthy for Sensitive Groups,38.0,UG/M3,1 Hr,Valid
Embassy Kathmandu,PM2.5 - Principal,2018-05-25 05:00 PM,2018,5,25,17,38.2,108,Unhealthy for Sensitive Groups,36.0,UG/M3,1 Hr,Valid
Embassy Kathmandu,PM2.5 - Principal,2018-05-25 06:00 PM,2018,5,25,18,38.1,107,Unhealthy for Sensitive Groups,38.0,UG/M3,1 Hr,Valid
Embassy Kathmandu,PM2.5 - Principal,2018-05-25 07:00 PM,2018,5,25,19,45.0,124,Unhealthy for Sensitive Groups,52.0,UG/M3,1 Hr,Valid
Embassy Kathmandu,PM2.5 - Principal,2018-05-25 08:00 PM,2018,5,25,20,48.0,132,Unhealthy for Sensitive Groups,51.0,UG/M3,1 Hr,Valid
Embassy Kathmandu,PM2.5 - Principal,2018-05-25 09:00 PM,2018,5,25,21,45.5,126,Unhealthy for Sensitive Groups,43.0,UG/M3,1 Hr,Valid
Embassy Kathmandu,PM2.5 - Principal,2018-05-25 10:00 PM,2018,5,25,22,43.7,121,Unhealthy for Sensitive Groups,42.0,UG/M3,1 Hr,Valid
Embassy Kathmandu,PM2.5 - Principal,2018-05-25 11:00 PM,2018,5,25,23,43.3,120,Unhealthy for Sensitive Groups,43.0,UG/M3,1 Hr,Valid
Embassy Kathmandu,PM2.5 - Principal,2018-05-26 12:00 AM,2018,5,26,0,42.1,117,Unhealthy for Sensitive Groups,39.0,UG/M3,1 Hr,Valid
Embassy Kathmandu,PM2.5 - Principal,2018-05-26 01:00 AM,2018,5,26,1,43.0,119,Unhealthy for Sensitive Groups,45.0,UG/M3,1 Hr,Valid
Embassy Kathmandu,PM2.5 - Principal,2018-05-26 02:00 AM,2018,5,26,2,41.4,116,Unhealthy for Sensitive Groups,38.0,UG/M3,1 Hr,Valid
Embassy Kathmandu,PM2.5 - Principal,2018-05-26 03:00 AM,2018,5,26,3,41.9,117,Unhealthy for Sensitive Groups,43.0,UG/M3,1 Hr,Valid
Embassy Kathmandu,PM2.5 - Principal,2018-05-26 04:00 AM,2018,5,26,4,43.8,121,Unhealthy for Sensitive Groups,48.0,UG/M3,1 Hr,Valid
Embassy Kathmandu,PM2.5 - Principal,2018-05-26 05:00 AM,2018,5,26,5,44.9,124,Unhealthy for Sensitive Groups,48.0,UG/M3,1 Hr,Valid
Embassy Kathmandu,PM2.5 - Principal,2018-05-26 06:00 AM,2018,5,26,6,46.6,128,Unhealthy for Sensitive Groups,51.0,UG/M3,1 Hr,Valid
Embassy Kathmandu,PM2.5 - Principal,2018-05-26 07:00 AM,2018,5,26,7,55.7,151,Unhealthy,66.0,UG/M3,1 Hr,Valid
Embassy Kathmandu,PM2.5 - Principal,2018-05-26 08:00 AM,2018,5,26,8,73.1,160,Unhealthy,89.0,UG/M3,1 Hr,Valid
Embassy Kathmandu,PM2.5 - Principal,2018-05-26 09:00 AM,2018,5,26,9,87.6,168,Unhealthy,102.0,UG/M3,1 Hr,Valid
Embassy Kathmandu,PM2.5 - Principal,2018-05-26 10:00 AM,2018,5,26,10,87.8,168,Unhealthy,88.0,UG/M3,1 Hr,Valid
Embassy Kathmandu,PM2.5 - Principal,2018-05-26 11:00 AM,2018,5,26,11,91.9,170,Unhealthy,96.0,UG/M3,1 Hr,Valid
Embassy Kathmandu,PM2.5 - Principal,2018-05-26 12:00 PM,2018,5,26,12,84.9,166,Unhealthy,78.0,UG/M3,1 Hr,Valid
Embassy Kathmandu,PM2.5 - Principal,2018-05-26 01:00 PM,2018,5,26,13,85.9,167,Unhealthy,87.0,UG/M3,1 Hr,Valid
Embassy Kathmandu,PM2.5 - Principal,2018-05-26 02:00 PM,2018,5,26,14,70.4,159,Unhealthy,55.0,UG/M3,1 Hr,Valid
Embassy Kathmandu,PM2.5 - Principal,2018-05-26 03:00 PM,2018,5,26,15,60.7,154,Unhealthy,51.0,UG/M3,1 Hr,Valid
Embassy Kathmandu,PM2.5 - Principal,2018-05-26 04:00 PM,2018,5,26,16,55.3,150,Unhealthy for Sensitive Groups,50.0,UG/M3,1 Hr,Valid
Embassy Kathmandu,PM2.5 - Principal,2018-05-26 05:00 PM,2018,5,26,17,51.1,139,Unhealthy for Sensitive Groups,47.0,UG/M3,1 Hr,Valid
Embassy Kathmandu,PM2.5 - Principal,2018-05-26 06:00 PM,2018,5,26,18,52.5,143,Unhealthy for Sensitive Groups,54.0,UG/M3,1 Hr,Valid
Embassy Kathmandu,PM2.5 - Principal,2018-05-26 07:00 PM,2018,5,26,19,48.7,134,Unhealthy for Sensitive Groups,45.0,UG/M3,1 Hr,Valid
Embassy Kathmandu,PM2.5 - Principal,2018-05-26 08:00 PM,2018,5,26,20,45.3,125,Unhealthy for Sensitive Groups,42.0,UG/M3,1 Hr,Valid
Embassy Kathmandu,PM2.5 - Principal,2018-05-26 09:00 PM,2018,5,26,21,47.1,130,Unhealthy for Sensitive Groups,49.0,UG/M3,1 Hr,Valid
Embassy Kathmandu,PM2.5 - Principal,2018-05-26 10:00 PM,2018,5,26,22,50.5,138,Unhealthy for Sensitive Groups,54.0,UG/M3,1 Hr,Valid
Embassy Kathmandu,PM2.5 - Principal,2018-05-26 11:00 PM,2018,5,26,23,48.7,134,Unhealthy for Sensitive Groups,47.0,UG/M3,1 Hr,Valid
Embassy Kathmandu,PM2.5 - Principal,2018-05-27 12:00 AM,2018,5,27,0,49.3,135,Unhealthy for Sensitive Groups,50.0,UG/M3,1 Hr,Valid
Embassy Kathmandu,PM2.5 - Principal,2018-05-27 01:00 AM,2018,5,27,1,47.3,130,Unhealthy for Sensitive Groups,42.0,UG/M3,1 Hr,Valid
Embassy Kathmandu,PM2.5 - Principal,2018-05-27 02:00 AM,2018,5,27,2,47.0,129,Unhealthy for Sensitive Groups,46.0,UG/M3,1 Hr,Valid
Embassy Kathmandu,PM2.5 - Principal,2018-05-27 03:00 AM,2018,5,27,3,46.4,128,Unhealthy for Sensitive Groups,45.0,UG/M3,1 Hr,Valid
Embassy Kathmandu,PM2.5 - Principal,2018-05-27 04:00 AM,2018,5,27,4,48.8,134,Unhealthy for Sensitive Groups,56.0,UG/M3,1 Hr,Valid
Embassy Kathmandu,PM2.5 - Principal,2018-05-27 05:00 AM,2018,5,27,5,61.1,154,Unhealthy,75.0,UG/M3,1 Hr,Valid
Embassy Kathmandu,PM2.5 - Principal,2018-05-27 06:00 AM,2018,5,27,6,68.5,158,Unhealthy,77.0,UG/M3,1 Hr,Valid
Embassy Kathmandu,PM2.5 - Principal,2018-05-27 07:00 AM,2018,5,27,7,76.3,162,Unhealthy,83.0,UG/M3,1 Hr,Valid
Embassy Kathmandu,PM2.5 - Principal,2018-05-27 08:00 AM,2018,5,27,8,81.2,164,Unhealthy,86.0,UG/M3,1 Hr,Valid
Embassy Kathmandu,PM2.5 - Principal,2018-05-27 09:00 AM,2018,5,27,9,81.6,164,Unhealthy,82.0,UG/M3,1 Hr,Valid
Embassy Kathmandu,PM2.5 - Principal,2018-05-27 10:00 AM,2018,5,27,10,68.8,158,Unhealthy,56.0,UG/M3,1 Hr,Valid
Embassy Kathmandu,PM2.5 - Principal,2018-05-27 11:00 AM,2018,5,27,11,61.9,154,Unhealthy,55.0,UG/M3,1 Hr,Valid
Embassy Kathmandu,PM2.5 - Principal,2018-05-27 12:00 PM,2018,5,27,12,58.9,153,Unhealthy,56.0,UG/M3,1 Hr,Valid
Embassy Kathmandu,PM2.5 - Principal,2018-05-27 01:00 PM,2018,5,27,13,60.1,153,Unhealthy,61.0,UG/M3,1 Hr,Valid
Embassy Kathmandu,PM2.5 - Principal,2018-05-27 02:00 PM,2018,5,27,14,55.7,151,Unhealthy,51.0,UG/M3,1 Hr,Valid
Embassy Kathmandu,PM2.5 - Principal,2018-05-27 03:00 PM,2018,5,27,15,88.2,168,Unhealthy,121.0,UG/M3,1 Hr,Valid
Embassy Kathmandu,PM2.5 - Principal,2018-05-27 04:00 PM,2018,5,27,16,90.1,169,Unhealthy,92.0,UG/M3,1 Hr,Valid
Embassy Kathmandu,PM2.5 - Principal,2018-05-27 05:00 PM,2018,5,27,17,74.5,161,Unhealthy,59.0,UG/M3,1 Hr,Valid
Embassy Kathmandu,PM2.5 - Principal,2018-05-27 06:00 PM,2018,5,27,18,74.2,161,Unhealthy,74.0,UG/M3,1 Hr,Valid
Embassy Kathmandu,PM2.5 - Principal,2018-05-27 07:00 PM,2018,5,27,19,67.1,157,Unhealthy,60.0,UG/M3,1 Hr,Valid
Embassy Kathmandu,PM2.5 - Principal,2018-05-27 08:00 PM,2018,5,27,20,60.0,153,Unhealthy,53.0,UG/M3,1 Hr,Valid
Embassy Kathmandu,PM2.5 - Principal,2018-05-27 09:00 PM,2018,5,27,21,57.5,152,Unhealthy,55.0,UG/M3,1 Hr,Valid
Embassy Kathmandu,PM2.5 - Principal,2018-05-27 10:00 PM,2018,5,27,22,47.7,131,Unhealthy for Sensitive Groups,38.0,UG/M3,1 Hr,Valid
Embassy Kathmandu,PM2.5 - Principal,2018-05-27 11:00 PM,2018,5,27,23,42.8,119,Unhealthy for Sensitive Groups,38.0,UG/M3,1 Hr,Valid
Embassy Kathmandu,PM2.5 - Principal,2018-05-28 12:00 AM,2018,5,28,0,42.4,118,Unhealthy for Sensitive Groups,42.0,UG/M3,1 Hr,Valid
Embassy Kathmandu,PM2.5 - Principal,2018-05-28 01:00 AM,2018,5,28,1,38.7,109,Unhealthy for Sensitive Groups,35.0,UG/M3,1 Hr,Valid
Embassy Kathmandu,PM2.5 - Principal,2018-05-28 02:00 AM,2018,5,28,2,35.8,102,Unhealthy for Sensitive Groups,33.0,UG/M3,1 Hr,Valid
Embassy Kathmandu,PM2.5 - Principal,2018-05-28 03:00 AM,2018,5,28,3,30.4,89,Moderate,25.0,UG/M3,1 Hr,Valid
Embassy Kathmandu,PM2.5 - Principal,2018-05-28 04:00 AM,2018,5,28,4,32.7,94,Moderate,35.0,UG/M3,1 Hr,Valid
Embassy Kathmandu,PM2.5 - Principal,2018-05-28 05:00 AM,2018,5,28,5,33.8,97,Moderate,35.0,UG/M3,1 Hr,Valid
Embassy Kathmandu,PM2.5 - Principal,2018-05-28 06:00 AM,2018,5,28,6,37.4,106,Unhealthy for Sensitive Groups,41.0,UG/M3,1 Hr,Valid
Embassy Kathmandu,PM2.5 - Principal,2018-05-28 07:00 AM,2018,5,28,7,47.7,131,Unhealthy for Sensitive Groups,58.0,UG/M3,1 Hr,Valid
Embassy Kathmandu,PM2.5 - Principal,2018-05-28 08:00 AM,2018,5,28,8,50.3,137,Unhealthy for Sensitive Groups,53.0,UG/M3,1 Hr,Valid
Embassy Kathmandu,PM2.5 - Principal,2018-05-28 09:00 AM,2018,5,28,9,50.6,138,Unhealthy for Sensitive Groups,51.0,UG/M3,1 Hr,Valid
Embassy Kathmandu,PM2.5 - Principal,2018-05-28 10:00 AM,2018,5,28,10,49.3,135,Unhealthy for Sensitive Groups,48.0,UG/M3,1 Hr,Valid
Embassy Kathmandu,PM2.5 - Principal,2018-05-28 11:00 AM,2018,5,28,11,41.6,116,Unhealthy for Sensitive Groups,34.0,UG/M3,1 Hr,Valid
Embassy Kathmandu,PM2.5 - Principal,2018-05-28 12:00 PM,2018,5,28,12,43.8,121,Unhealthy for Sensitive Groups,46.0,UG/M3,1 Hr,Valid
Embassy Kathmandu,PM2.5 - Principal,2018-05-28 01:00 PM,2018,5,28,13,45.4,125,Unhealthy for Sensitive Groups,47.0,UG/M3,1 Hr,Valid
Embassy Kathmandu,PM2.5 - Principal,2018-05-28 02:00 PM,2018,5,28,14,41.2,115,Unhealthy for Sensitive Groups,37.0,UG/M3,1 Hr,Valid
Embassy Kathmandu,PM2.5 - Principal,2018-05-28 03:00 PM,2018,5,28,15,35.8,102,Unhealthy for Sensitive Groups,30.0,UG/M3,1 Hr,Valid
Embassy Kathmandu,PM2.5 - Principal,2018-05-28 04:00 PM,2018,5,28,16,33.9,97,Moderate,32.0,UG/M3,1 Hr,Valid
Embassy Kathmandu,PM2.5 - Principal,2018-05-28 05:00 PM,2018,5,28,17,33.9,97,Moderate,34.0,UG/M3,1 Hr,Valid
Embassy Kathmandu,PM2.5 - Principal,2018-05-28 06:00 PM,2018,5,28,18,38.8,109,Unhealthy for Sensitive Groups,44.0,UG/M3,1 Hr,Valid
Embassy Kathmandu,PM2.5 - Principal,2018-05-28 07:00 PM,2018,5,28,19,37.8,107,Unhealthy for Sensitive Groups,37.0,UG/M3,1 Hr,Valid
Embassy Kathmandu,PM2.5 - Principal,2018-05-28 08:00 PM,2018,5,28,20,36.6,104,Unhealthy for Sensitive Groups,35.0,UG/M3,1 Hr,Valid
Embassy Kathmandu,PM2.5 - Principal,2018-05-28 09:00 PM,2018,5,28,21,37.1,105,Unhealthy for Sensitive Groups,38.0,UG/M3,1 Hr,Valid
Embassy Kathmandu,PM2.5 - Principal,2018-05-28 10:00 PM,2018,5,28,22,40.3,113,Unhealthy for Sensitive Groups,46.0,UG/M3,1 Hr,Valid
Embassy Kathmandu,PM2.5 - Principal,2018-05-28 11:00 PM,2018,5,28,23,40.9,114,Unhealthy for Sensitive Groups,42.0,UG/M3,1 Hr,Valid
Embassy Kathmandu,PM2.5 - Principal,2018-05-29 12:00 AM,2018,5,29,0,41.7,116,Unhealthy for Sensitive Groups,43.0,UG/M3,1 Hr,Valid
Embassy Kathmandu,PM2.5 - Principal,2018-05-29 01:00 AM,2018,5,29,1,38.5,108,Unhealthy for Sensitive Groups,33.0,UG/M3,1 Hr,Valid
Embassy Kathmandu,PM2.5 - Principal,2018-05-29 02:00 AM,2018,5,29,2,38.7,109,Unhealthy for Sensitive Groups,39.0,UG/M3,1 Hr,Valid
Embassy Kathmandu,PM2.5 - Principal,2018-05-29 03:00 AM,2018,5,29,3,40.1,112,Unhealthy for Sensitive Groups,43.0,UG/M3,1 Hr,Valid
Embassy Kathmandu,PM2.5 - Principal,2018-05-29 04:00 AM,2018,5,29,4,39.5,111,Unhealthy for Sensitive Groups,38.0,UG/M3,1 Hr,Valid
Embassy Kathmandu,PM2.5 - Principal,2018-05-29 05:00 AM,2018,5,29,5,36.1,102,Unhealthy for Sensitive Groups,30.0,UG/M3,1 Hr,Valid
Embassy Kathmandu,PM2.5 - Principal,2018-05-29 06:00 AM,2018,5,29,6,36.4,103,Unhealthy for Sensitive Groups,37.0,UG/M3,1 Hr,Valid
Embassy Kathmandu,PM2.5 - Principal,2018-05-29 07:00 AM,2018,5,29,7,41.7,116,Unhealthy for Sensitive Groups,50.0,UG/M3,1 Hr,Valid
Embassy Kathmandu,PM2.5 - Principal,2018-05-29 08:00 AM,2018,5,29,8,43.8,121,Unhealthy for Sensitive Groups,47.0,UG/M3,1 Hr,Valid
Embassy Kathmandu,PM2.5 - Principal,2018-05-29 09:00 AM,2018,5,29,9,43.1,120,Unhealthy for Sensitive Groups,42.0,UG/M3,1 Hr,Valid
Embassy Kathmandu,PM2.5 - Principal,2018-05-29 10:00 AM,2018,5,29,10,43.8,121,Unhealthy for Sensitive Groups,45.0,UG/M3,1 Hr,Valid
Embassy Kathmandu,PM2.5 - Principal,2018-05-29 11:00 AM,2018,5,29,11,44.3,123,Unhealthy for Sensitive Groups,45.0,UG/M3,1 Hr,Valid
Embassy Kathmandu,PM2.5 - Principal,2018-05-29 12:00 PM,2018,5,29,12,51.6,141,Unhealthy for Sensitive Groups,59.0,UG/M3,1 Hr,Valid
Embassy Kathmandu,PM2.5 - Principal,2018-05-29 01:00 PM,2018,5,29,13,47.4,130,Unhealthy for Sensitive Groups,43.0,UG/M3,1 Hr,Valid
Embassy Kathmandu,PM2.5 - Principal,2018-05-29 02:00 PM,2018,5,29,14,41.8,117,Unhealthy for Sensitive Groups,36.0,UG/M3,1 Hr,Valid
Embassy Kathmandu,PM2.5 - Principal,2018-05-29 03:00 PM,2018,5,29,15,38.9,109,Unhealthy for Sensitive Groups,36.0,UG/M3,1 Hr,Valid
Embassy Kathmandu,PM2.5 - Principal,2018-05-29 04:00 PM,2018,5,29,16,39.4,111,Unhealthy for Sensitive Groups,40.0,UG/M3,1 Hr,Valid
Embassy Kathmandu,PM2.5 - Principal,2018-05-29 05:00 PM,2018,5,29,17,41.6,116,Unhealthy for Sensitive Groups,44.0,UG/M3,1 Hr,Valid
Embassy Kathmandu,PM2.5 - Principal,2018-05-29 06:00 PM,2018,5,29,18,44.1,122,Unhealthy for Sensitive Groups,48.0,UG/M3,1 Hr,Valid
Embassy Kathmandu,PM2.5 - Principal,2018-05-29 07:00 PM,2018,5,29,19,42.9,119,Unhealthy for Sensitive Groups,41.0,UG/M3,1 Hr,Valid
Embassy Kathmandu,PM2.5 - Principal,2018-05-29 08:00 PM,2018,5,29,20,43.3,120,Unhealthy for Sensitive Groups,44.0,UG/M3,1 Hr,Valid
Embassy Kathmandu,PM2.5 - Principal,2018-05-29 09:00 PM,2018,5,29,21,50.0,137,Unhealthy for Sensitive Groups,60.0,UG/M3,1 Hr,Valid
Embassy Kathmandu,PM2.5 - Principal,2018-05-29 10:00 PM,2018,5,29,22,46.8,129,Unhealthy for Sensitive Groups,42.0,UG/M3,1 Hr,Valid
Embassy Kathmandu,PM2.5 - Principal,2018-05-29 11:00 PM,2018,5,29,23,39.9,112,Unhealthy for Sensitive Groups,32.0,UG/M3,1 Hr,Valid
Embassy Kathmandu,PM2.5 - Principal,2018-05-30 12:00 AM,2018,5,30,0,37.1,105,Unhealthy for Sensitive Groups,34.0,UG/M3,1 Hr,Valid
Embassy Kathmandu,PM2.5 - Principal,2018-05-30 01:00 AM,2018,5,30,1,34.0,97,Moderate,31.0,UG/M3,1 Hr,Valid
Embassy Kathmandu,PM2.5 - Principal,2018-05-30 02:00 AM,2018,5,30,2,30.4,89,Moderate,27.0,UG/M3,1 Hr,Valid
Embassy Kathmandu,PM2.5 - Principal,2018-05-30 03:00 AM,2018,5,30,3,22.7,73,Moderate,15.0,UG/M3,1 Hr,Valid
Embassy Kathmandu,PM2.5 - Principal,2018-05-30 04:00 AM,2018,5,30,4,19.8,67,Moderate,17.0,UG/M3,1 Hr,Valid
Embassy Kathmandu,PM2.5 - Principal,2018-05-30 05:00 AM,2018,5,30,5,19.4,66,Moderate,19.0,UG/M3,1 Hr,Valid
Embassy Kathmandu,PM2.5 - Principal,2018-05-30 06:00 AM,2018,5,30,6,19.7,67,Moderate,20.0,UG/M3,1 Hr,Valid
Embassy Kathmandu,PM2.5 - Principal,2018-05-30 07:00 AM,2018,5,30,7,19.8,67,Moderate,20.0,UG/M3,1 Hr,Valid
Embassy Kathmandu,PM2.5 - Principal,2018-05-30 08:00 AM,2018,5,30,8,21.9,72,Moderate,24.0,UG/M3,1 Hr,Valid
Embassy Kathmandu,PM2.5 - Principal,2018-05-30 09:00 AM,2018,5,30,9,23.4,75,Moderate,25.0,UG/M3,1 Hr,Valid
Embassy Kathmandu,PM2.5 - Principal,2018-05-30 10:00 AM,2018,5,30,10,32.2,93,Moderate,41.0,UG/M3,1 Hr,Valid
Embassy Kathmandu,PM2.5 - Principal,2018-05-30 11:00 AM,2018,5,30,11,32.1,93,Moderate,32.0,UG/M3,1 Hr,Valid
Embassy Kathmandu,PM2.5 - Principal,2018-05-30 12:00 PM,2018,5,30,12,33.5,96,Moderate,35.0,UG/M3,1 Hr,Valid
Embassy Kathmandu,PM2.5 - Principal,2018-05-30 01:00 PM,2018,5,30,13,64.2,155,Unhealthy,95.0,UG/M3,1 Hr,Valid
Embassy Kathmandu,PM2.5 - Principal,2018-05-30 02:00 PM,2018,5,30,14,61.1,154,Unhealthy,58.0,UG/M3,1 Hr,Valid
Embassy Kathmandu,PM2.5 - Principal,2018-05-30 03:00 PM,2018,5,30,15,49.0,134,Unhealthy for Sensitive Groups,37.0,UG/M3,1 Hr,Valid
Embassy Kathmandu,PM2.5 - Principal,2018-05-30 04:00 PM,2018,5,30,16,50.5,138,Unhealthy for Sensitive Groups,52.0,UG/M3,1 Hr,Valid
Embassy Kathmandu,PM2.5 - Principal,2018-05-30 05:00 PM,2018,5,30,17,44.7,124,Unhealthy for Sensitive Groups,39.0,UG/M3,1 Hr,Valid
Embassy Kathmandu,PM2.5 - Principal,2018-05-30 06:00 PM,2018,5,30,18,36.8,104,Unhealthy for Sensitive Groups,29.0,UG/M3,1 Hr,Valid
Embassy Kathmandu,PM2.5 - Principal,2018-05-30 07:00 PM,2018,5,30,19,36.9,104,Unhealthy for Sensitive Groups,37.0,UG/M3,1 Hr,Valid
Embassy Kathmandu,PM2.5 - Principal,2018-05-30 08:00 PM,2018,5,30,20,40.9,114,Unhealthy for Sensitive Groups,45.0,UG/M3,1 Hr,Valid
Embassy Kathmandu,PM2.5 - Principal,2018-05-30 09:00 PM,2018,5,30,21,45.4,125,Unhealthy for Sensitive Groups,50.0,UG/M3,1 Hr,Valid
Embassy Kathmandu,PM2.5 - Principal,2018-05-30 10:00 PM,2018,5,30,22,49.2,135,Unhealthy for Sensitive Groups,53.0,UG/M3,1 Hr,Valid
Embassy Kathmandu,PM2.5 - Principal,2018-05-30 11:00 PM,2018,5,30,23,42.6,118,Unhealthy for Sensitive Groups,36.0,UG/M3,1 Hr,Valid
Embassy Kathmandu,PM2.5 - Principal,2018-05-31 12:00 AM,2018,5,31,0,40.3,113,Unhealthy for Sensitive Groups,38.0,UG/M3,1 Hr,Valid
Embassy Kathmandu,PM2.5 - Principal,2018-05-31 01:00 AM,2018,5,31,1,38.6,109,Unhealthy for Sensitive Groups,37.0,UG/M3,1 Hr,Valid
Embassy Kathmandu,PM2.5 - Principal,2018-05-31 02:00 AM,2018,5,31,2,45.3,125,Unhealthy for Sensitive Groups,53.0,UG/M3,1 Hr,Valid
Embassy Kathmandu,PM2.5 - Principal,2018-05-31 03:00 AM,2018,5,31,3,47.0,129,Unhealthy for Sensitive Groups,49.0,UG/M3,1 Hr,Valid
Embassy Kathmandu,PM2.5 - Principal,2018-05-31 04:00 AM,2018,5,31,4,48.8,134,Unhealthy for Sensitive Groups,51.0,UG/M3,1 Hr,Valid
Embassy Kathmandu,PM2.5 - Principal,2018-05-31 05:00 AM,2018,5,31,5,47.5,131,Unhealthy for Sensitive Groups,46.0,UG/M3,1 Hr,Valid
Embassy Kathmandu,PM2.5 - Principal,2018-05-31 06:00 AM,2018,5,31,6,47.3,130,Unhealthy for Sensitive Groups,48.0,UG/M3,1 Hr,Valid
Embassy Kathmandu,PM2.5 - Principal,2018-05-31 07:00 AM,2018,5,31,7,51.0,139,Unhealthy for Sensitive Groups,57.0,UG/M3,1 Hr,Valid
Embassy Kathmandu,PM2.5 - Principal,2018-05-31 08:00 AM,2018,5,31,8,53.7,146,Unhealthy for Sensitive Groups,58.0,UG/M3,1 Hr,Valid
Embassy Kathmandu,PM2.5 - Principal,2018-05-31 09:00 AM,2018,5,31,9,54.2,147,Unhealthy for Sensitive Groups,55.0,UG/M3,1 Hr,Valid
Embassy Kathmandu,PM2.5 - Principal,2018-05-31 10:00 AM,2018,5,31,10,49.9,136,Unhealthy for Sensitive Groups,43.0,UG/M3,1 Hr,Valid
Embassy Kathmandu,PM2.5 - Principal,2018-05-31 11:00 AM,2018,5,31,11,39.9,112,Unhealthy for Sensitive Groups,30.0,UG/M3,1 Hr,Valid
Embassy Kathmandu,PM2.5 - Principal,2018-05-31 12:00 PM,2018,5,31,12,36.5,103,Unhealthy for Sensitive Groups,33.0,UG/M3,1 Hr,Valid
Embassy Kathmandu,PM2.5 - Principal,2018-05-31 01:00 PM,2018,5,31,13,37.7,106,Unhealthy for Sensitive Groups,39.0,UG/M3,1 Hr,Valid
Embassy Kathmandu,PM2.5 - Principal,2018-05-31 02:00 PM,2018,5,31,14,34.4,98,Moderate,31.0,UG/M3,1 Hr,Valid
Embassy Kathmandu,PM2.5 - Principal,2018-05-31 03:00 PM,2018,5,31,15,36.1,102,Unhealthy for Sensitive Groups,38.0,UG/M3,1 Hr,Valid
Embassy Kathmandu,PM2.5 - Principal,2018-05-31 04:00 PM,2018,5,31,16,28.5,85,Moderate,21.0,UG/M3,1 Hr,Valid
Embassy Kathmandu,PM2.5 - Principal,2018-05-31 05:00 PM,2018,5,31,17,28.7,86,Moderate,29.0,UG/M3,1 Hr,Valid
Embassy Kathmandu,PM2.5 - Principal,2018-05-31 06:00 PM,2018,5,31,18,34.8,99,Moderate,41.0,UG/M3,1 Hr,Valid
Embassy Kathmandu,PM2.5 - Principal,2018-05-31 07:00 PM,2018,5,31,19,41.4,116,Unhealthy for Sensitive Groups,48.0,UG/M3,1 Hr,Valid
Embassy Kathmandu,PM2.5 - Principal,2018-05-31 08:00 PM,2018,5,31,20,44.7,124,Unhealthy for Sensitive Groups,48.0,UG/M3,1 Hr,Valid
Embassy Kathmandu,PM2.5 - Principal,2018-05-31 09:00 PM,2018,5,31,21,48.3,133,Unhealthy for Sensitive Groups,52.0,UG/M3,1 Hr,Valid
Embassy Kathmandu,PM2.5 - Principal,2018-05-31 10:00 PM,2018,5,31,22,48.1,132,Unhealthy for Sensitive Groups,48.0,UG/M3,1 Hr,Valid
Embassy Kathmandu,PM2.5 - Principal,2018-05-31 11:00 PM,2018,5,31,23,48.5,133,Unhealthy for Sensitive Groups,49.0,UG/M3,1 Hr,Valid
Embassy Kathmandu,PM2.5 - Principal,2018-06-01 12:00 AM,2018,6,1,0,43.2,120,Unhealthy for Sensitive Groups,38.0,UG/M3,1 Hr,Valid
Embassy Kathmandu,PM2.5 - Principal,2018-06-01 01:00 AM,2018,6,1,1,38.1,107,Unhealthy for Sensitive Groups,33.0,UG/M3,1 Hr,Valid
Embassy Kathmandu,PM2.5 - Principal,2018-06-01 02:00 AM,2018,6,1,2,37.5,106,Unhealthy for Sensitive Groups,37.0,UG/M3,1 Hr,Valid
Embassy Kathmandu,PM2.5 - Principal,2018-06-01 03:00 AM,2018,6,1,3,31.7,92,Moderate,26.0,UG/M3,1 Hr,Valid
Embassy Kathmandu,PM2.5 - Principal,2018-06-01 04:00 AM,2018,6,1,4,34.3,98,Moderate,37.0,UG/M3,1 Hr,Valid
Embassy Kathmandu,PM2.5 - Principal,2018-06-01 05:00 AM,2018,6,1,5,35.1,99,Moderate,36.0,UG/M3,1 Hr,Valid
Embassy Kathmandu,PM2.5 - Principal,2018-06-01 06:00 AM,2018,6,1,6,36.5,103,Unhealthy for Sensitive Groups,38.0,UG/M3,1 Hr,Valid
Embassy Kathmandu,PM2.5 - Principal,2018-06-01 07:00 AM,2018,6,1,7,38.7,109,Unhealthy for Sensitive Groups,41.0,UG/M3,1 Hr,Valid
Embassy Kathmandu,PM2.5 - Principal,2018-06-01 08:00 AM,2018,6,1,8,39.3,110,Unhealthy for Sensitive Groups,40.0,UG/M3,1 Hr,Valid
Embassy Kathmandu,PM2.5 - Principal,2018-06-01 09:00 AM,2018,6,1,9,36.3,103,Unhealthy for Sensitive Groups,33.0,UG/M3,1 Hr,Valid
Embassy Kathmandu,PM2.5 - Principal,2018-06-01 10:00 AM,2018,6,1,10,35.6,101,Unhealthy for Sensitive Groups,35.0,UG/M3,1 Hr,Valid
Embassy Kathmandu,PM2.5 - Principal,2018-06-01 11:00 AM,2018,6,1,11,38.7,109,Unhealthy for Sensitive Groups,43.0,UG/M3,1 Hr,Valid
Embassy Kathmandu,PM2.5 - Principal,2018-06-01 12:00 PM,2018,6,1,12,39.6,111,Unhealthy for Sensitive Groups,41.0,UG/M3,1 Hr,Valid
Embassy Kathmandu,PM2.5 - Principal,2018-06-01 01:00 PM,2018,6,1,13,49.0,134,Unhealthy for Sensitive Groups,58.0,UG/M3,1 Hr,Valid
Embassy Kathmandu,PM2.5 - Principal,2018-06-01 02:00 PM,2018,6,1,14,52.0,142,Unhealthy for Sensitive Groups,55.0,UG/M3,1 Hr,Valid
Embassy Kathmandu,PM2.5 - Principal,2018-06-01 03:00 PM,2018,6,1,15,44.0,122,Unhealthy for Sensitive Groups,35.0,UG/M3,1 Hr,Valid
Embassy Kathmandu,PM2.5 - Principal,2018-06-01 04:00 PM,2018,6,1,16,40.1,112,Unhealthy for Sensitive Groups,35.0,UG/M3,1 Hr,Valid
Embassy Kathmandu,PM2.5 - Principal,2018-06-01 05:00 PM,2018,6,1,17,37.4,106,Unhealthy for Sensitive Groups,34.0,UG/M3,1 Hr,Valid
Embassy Kathmandu,PM2.5 - Principal,2018-06-01 06:00 PM,2018,6,1,18,31.8,92,Moderate,27.0,UG/M3,1 Hr,Valid
Embassy Kathmandu,PM2.5 - Principal,2018-06-01 07:00 PM,2018,6,1,19,32.9,95,Moderate,34.0,UG/M3,1 Hr,Valid
Embassy Kathmandu,PM2.5 - Principal,2018-06-01 08:00 PM,2018,6,1,20,38.9,109,Unhealthy for Sensitive Groups,45.0,UG/M3,1 Hr,Valid
Embassy Kathmandu,PM2.5 - Principal,2018-06-01 09:00 PM,2018,6,1,21,40.9,114,Unhealthy for Sensitive Groups,43.0,UG/M3,1 Hr,Valid
Embassy Kathmandu,PM2.5 - Principal,2018-06-01 10:00 PM,2018,6,1,22,40.9,114,Unhealthy for Sensitive Groups,41.0,UG/M3,1 Hr,Valid
Embassy Kathmandu,PM2.5 - Principal,2018-06-01 11:00 PM,2018,6,1,23,34.9,99,Moderate,29.0,UG/M3,1 Hr,Valid
Embassy Kathmandu,PM2.5 - Principal,2018-06-02 12:00 AM,2018,6,2,0,30.4,89,Moderate,26.0,UG/M3,1 Hr,Valid
Embassy Kathmandu,PM2.5 - Principal,2018-06-02 01:00 AM,2018,6,2,1,25.2,79,Moderate,20.0,UG/M3,1 Hr,Valid
Embassy Kathmandu,PM2.5 - Principal,2018-06-02 02:00 AM,2018,6,2,2,18.1,64,Moderate,11.0,UG/M3,1 Hr,Valid
Embassy Kathmandu,PM2.5 - Principal,2018-06-02 03:00 AM,2018,6,2,3,15.5,58,Moderate,13.0,UG/M3,1 Hr,Valid
Embassy Kathmandu,PM2.5 - Principal,2018-06-02 04:00 AM,2018,6,2,4,15.2,58,Moderate,15.0,UG/M3,1 Hr,Valid
Embassy Kathmandu,PM2.5 - Principal,2018-06-02 05:00 AM,2018,6,2,5,16.1,59,Moderate,17.0,UG/M3,1 Hr,Valid
Embassy Kathmandu,PM2.5 - Principal,2018-06-02 06:00 AM,2018,6,2,6,19.0,66,Moderate,22.0,UG/M3,1 Hr,Valid
Embassy Kathmandu,PM2.5 - Principal,2018-06-02 07:00 AM,2018,6,2,7,20.5,69,Moderate,22.0,UG/M3,1 Hr,Valid
Embassy Kathmandu,PM2.5 - Principal,2018-06-02 08:00 AM,2018,6,2,8,22.7,73,Moderate,25.0,UG/M3,1 Hr,Valid
Embassy Kathmandu,PM2.5 - Principal,2018-06-02 09:00 AM,2018,6,2,9,23.3,75,Moderate,24.0,UG/M3,1 Hr,Valid
Embassy Kathmandu,PM2.5 - Principal,2018-06-02 10:00 AM,2018,6,2,10,26.1,80,Moderate,29.0,UG/M3,1 Hr,Valid
Embassy Kathmandu,PM2.5 - Principal,2018-06-02 11:00 AM,2018,6,2,11,29.5,88,Moderate,33.0,UG/M3,1 Hr,Valid
Embassy Kathmandu,PM2.5 - Principal,2018-06-02 12:00 PM,2018,6,2,12,26.7,82,Moderate,24.0,UG/M3,1 Hr,Valid
Embassy Kathmandu,PM2.5 - Principal,2018-06-02 01:00 PM,2018,6,2,13,25.3,79,Moderate,24.0,UG/M3,1 Hr,Valid
Embassy Kathmandu,PM2.5 - Principal,2018-06-02 02:00 PM,2018,6,2,14,24.7,77,Moderate,24.0,UG/M3,1 Hr,Valid
Embassy Kathmandu,PM2.5 - Principal,2018-06-02 03:00 PM,2018,6,2,15,26.3,81,Moderate,28.0,UG/M3,1 Hr,Valid
Embassy Kathmandu,PM2.5 - Principal,2018-06-02 04:00 PM,2018,6,2,16,22.7,73,Moderate,19.0,UG/M3,1 Hr,Valid
Embassy Kathmandu,PM2.5 - Principal,2018-06-02 05:00 PM,2018,6,2,17,25.2,79,Moderate,28.0,UG/M3,1 Hr,Valid
Embassy Kathmandu,PM2.5 - Principal,2018-06-02 06:00 PM,2018,6,2,18,25.5,79,Moderate,26.0,UG/M3,1 Hr,Valid
Embassy Kathmandu,PM2.5 - Principal,2018-06-02 07:00 PM,2018,6,2,19,22.7,73,Moderate,19.0,UG/M3,1 Hr,Valid
Embassy Kathmandu,PM2.5 - Principal,2018-06-02 08:00 PM,2018,6,2,20,30.6,90,Moderate,39.0,UG/M3,1 Hr,Valid
Embassy Kathmandu,PM2.5 - Principal,2018-06-02 09:00 PM,2018,6,2,21,35.8,102,Unhealthy for Sensitive Groups,41.0,UG/M3,1 Hr,Valid
Embassy Kathmandu,PM2.5 - Principal,2018-06-02 10:00 PM,2018,6,2,22,46.4,128,Unhealthy for Sensitive Groups,57.0,UG/M3,1 Hr,Valid
Embassy Kathmandu,PM2.5 - Principal,2018-06-02 11:00 PM,2018,6,2,23,46.2,127,Unhealthy for Sensitive Groups,46.0,UG/M3,1 Hr,Valid
Embassy Kathmandu,PM2.5 - Principal,2018-06-03 12:00 AM,2018,6,3,0,41.6,116,Unhealthy for Sensitive Groups,37.0,UG/M3,1 Hr,Valid
Embassy Kathmandu,PM2.5 - Principal,2018-06-03 01:00 AM,2018,6,3,1,35.3,100,Moderate,29.0,UG/M3,1 Hr,Valid
Embassy Kathmandu,PM2.5 - Principal,2018-06-03 02:00 AM,2018,6,3,2,32.6,94,Moderate,30.0,UG/M3,1 Hr,Valid
Embassy Kathmandu,PM2.5 - Principal,2018-06-03 03:00 AM,2018,6,3,3,32.8,95,Moderate,33.0,UG/M3,1 Hr,Valid
Embassy Kathmandu,PM2.5 - Principal,2018-06-03 04:00 AM,2018,6,3,4,35.4,100,Moderate,38.0,UG/M3,1 Hr,Valid
Embassy Kathmandu,PM2.5 - Principal,2018-06-03 05:00 AM,2018,6,3,5,35.7,101,Unhealthy for Sensitive Groups,36.0,UG/M3,1 Hr,Valid
Embassy Kathmandu,PM2.5 - Principal,2018-06-03 06:00 AM,2018,6,3,6,37.8,107,Unhealthy for Sensitive Groups,40.0,UG/M3,1 Hr,Valid
Embassy Kathmandu,PM2.5 - Principal,2018-06-03 07:00 AM,2018,6,3,7,38.3,108,Unhealthy for Sensitive Groups,39.0,UG/M3,1 Hr,Valid
Embassy Kathmandu,PM2.5 - Principal,2018-06-03 08:00 AM,2018,6,3,8,40.1,112,Unhealthy for Sensitive Groups,42.0,UG/M3,1 Hr,Valid
Embassy Kathmandu,PM2.5 - Principal,2018-06-03 09:00 AM,2018,6,3,9,39.5,111,Unhealthy for Sensitive Groups,39.0,UG/M3,1 Hr,Valid
Embassy Kathmandu,PM2.5 - Principal,2018-06-03 10:00 AM,2018,6,3,10,39.8,112,Unhealthy for Sensitive Groups,41.0,UG/M3,1 Hr,Valid
Embassy Kathmandu,PM2.5 - Principal,2018-06-03 11:00 AM,2018,6,3,11,39.0,110,Unhealthy for Sensitive Groups,38.0,UG/M3,1 Hr,Valid
Embassy Kathmandu,PM2.5 - Principal,2018-06-03 12:00 PM,2018,6,3,12,39.9,112,Unhealthy for Sensitive Groups,42.0,UG/M3,1 Hr,Valid
Embassy Kathmandu,PM2.5 - Principal,2018-06-03 01:00 PM,2018,6,3,13,38.5,108,Unhealthy for Sensitive Groups,35.0,UG/M3,1 Hr,Valid
Embassy Kathmandu,PM2.5 - Principal,2018-06-03 02:00 PM,2018,6,3,14,34.9,99,Moderate,28.0,UG/M3,1 Hr,Valid
Embassy Kathmandu,PM2.5 - Principal,2018-06-03 03:00 PM,2018,6,3,15,29.5,88,Moderate,24.0,UG/M3,1 Hr,Valid
Embassy Kathmandu,PM2.5 - Principal,2018-06-03 04:00 PM,2018,6,3,16,31.4,92,Moderate,34.0,UG/M3,1 Hr,Valid
Embassy Kathmandu,PM2.5 - Principal,2018-06-03 05:00 PM,2018,6,3,17,29.1,87,Moderate,26.0,UG/M3,1 Hr,Valid
Embassy Kathmandu,PM2.5 - Principal,2018-06-03 06:00 PM,2018,6,3,18,31.6,92,Moderate,35.0,UG/M3,1 Hr,Valid
Embassy Kathmandu,PM2.5 - Principal,2018-06-03 07:00 PM,2018,6,3,19,30.9,91,Moderate,30.0,UG/M3,1 Hr,Valid
Embassy Kathmandu,PM2.5 - Principal,2018-06-03 08:00 PM,2018,6,3,20,32.6,94,Moderate,35.0,UG/M3,1 Hr,Valid
Embassy Kathmandu,PM2.5 - Principal,2018-06-03 09:00 PM,2018,6,3,21,41.4,116,Unhealthy for Sensitive Groups,50.0,UG/M3,1 Hr,Valid
Embassy Kathmandu,PM2.5 - Principal,2018-06-03 10:00 PM,2018,6,3,22,46.2,127,Unhealthy for Sensitive Groups,51.0,UG/M3,1 Hr,Valid
Embassy Kathmandu,PM2.5 - Principal,2018-06-03 11:00 PM,2018,6,3,23,43.1,120,Unhealthy for Sensitive Groups,40.0,UG/M3,1 Hr,Valid
Embassy Kathmandu,PM2.5 - Principal,2018-06-04 12:00 AM,2018,6,4,0,39.5,111,Unhealthy for Sensitive Groups,36.0,UG/M3,1 Hr,Valid
Embassy Kathmandu,PM2.5 - Principal,2018-06-04 01:00 AM,2018,6,4,1,41.2,115,Unhealthy for Sensitive Groups,43.0,UG/M3,1 Hr,Valid
Embassy Kathmandu,PM2.5 - Principal,2018-06-04 02:00 AM,2018,6,4,2,44.1,122,Unhealthy for Sensitive Groups,47.0,UG/M3,1 Hr,Valid
Embassy Kathmandu,PM2.5 - Principal,2018-06-04 03:00 AM,2018,6,4,3,37.6,106,Unhealthy for Sensitive Groups,31.0,UG/M3,1 Hr,Valid
Embassy Kathmandu,PM2.5 - Principal,2018-06-04 04:00 AM,2018,6,4,4,32.4,94,Moderate,27.0,UG/M3,1 Hr,Valid
Embassy Kathmandu,PM2.5 - Principal,2018-06-04 05:00 AM,2018,6,4,5,31.9,93,Moderate,31.0,UG/M3,1 Hr,Valid
Embassy Kathmandu,PM2.5 - Principal,2018-06-04 06:00 AM,2018,6,4,6,34.3,98,Moderate,37.0,UG/M3,1 Hr,Valid
Embassy Kathmandu,PM2.5 - Principal,2018-06-04 07:00 AM,2018,6,4,7,40.2,113,Unhealthy for Sensitive Groups,47.0,UG/M3,1 Hr,Valid
Embassy Kathmandu,PM2.5 - Principal,2018-06-04 08:00 AM,2018,6,4,8,52.8,144,Unhealthy for Sensitive Groups,65.0,UG/M3,1 Hr,Valid
Embassy Kathmandu,PM2.5 - Principal,2018-06-04 09:00 AM,2018,6,4,9,59.4,153,Unhealthy,66.0,UG/M3,1 Hr,Valid
Embassy Kathmandu,PM2.5 - Principal,2018-06-04 10:00 AM,2018,6,4,10,55.7,151,Unhealthy,52.0,UG/M3,1 Hr,Valid
Embassy Kathmandu,PM2.5 - Principal,2018-06-04 11:00 AM,2018,6,4,11,44.8,124,Unhealthy for Sensitive Groups,34.0,UG/M3,1 Hr,Valid
Embassy Kathmandu,PM2.5 - Principal,2018-06-04 12:00 PM,2018,6,4,12,35.4,100,Moderate,26.0,UG/M3,1 Hr,Valid
Embassy Kathmandu,PM2.5 - Principal,2018-06-04 01:00 PM,2018,6,4,13,30.7,90,Moderate,26.0,UG/M3,1 Hr,Valid
Embassy Kathmandu,PM2.5 - Principal,2018-06-04 02:00 PM,2018,6,4,14,30.8,90,Moderate,31.0,UG/M3,1 Hr,Valid
Embassy Kathmandu,PM2.5 - Principal,2018-06-04 03:00 PM,2018,6,4,15,27.9,84,Moderate,25.0,UG/M3,1 Hr,Valid
Embassy Kathmandu,PM2.5 - Principal,2018-06-04 04:00 PM,2018,6,4,16,23.9,76,Moderate,20.0,UG/M3,1 Hr,Valid
Embassy Kathmandu,PM2.5 - Principal,2018-06-04 05:00 PM,2018,6,4,17,28.9,86,Moderate,34.0,UG/M3,1 Hr,Valid
Embassy Kathmandu,PM2.5 - Principal,2018-06-04 06:00 PM,2018,6,4,18,30.4,89,Moderate,32.0,UG/M3,1 Hr,Valid
Embassy Kathmandu,PM2.5 - Principal,2018-06-04 07:00 PM,2018,6,4,19,29.7,88,Moderate,29.0,UG/M3,1 Hr,Valid
Embassy Kathmandu,PM2.5 - Principal,2018-06-04 08:00 PM,2018,6,4,20,29.3,87,Moderate,29.0,UG/M3,1 Hr,Valid
Embassy Kathmandu,PM2.5 - Principal,2018-06-04 09:00 PM,2018,6,4,21,33.6,96,Moderate,38.0,UG/M3,1 Hr,Valid
Embassy Kathmandu,PM2.5 - Principal,2018-06-04 10:00 PM,2018,6,4,22,34.6,98,Moderate,36.0,UG/M3,1 Hr,Valid
Embassy Kathmandu,PM2.5 - Principal,2018-06-04 11:00 PM,2018,6,4,23,26.4,81,Moderate,18.0,UG/M3,1 Hr,Valid
Embassy Kathmandu,PM2.5 - Principal,2018-06-05 12:00 AM,2018,6,5,0,24.2,76,Moderate,22.0,UG/M3,1 Hr,Valid
Embassy Kathmandu,PM2.5 - Principal,2018-06-05 01:00 AM,2018,6,5,1,25.1,78,Moderate,26.0,UG/M3,1 Hr,Valid
Embassy Kathmandu,PM2.5 - Principal,2018-06-05 02:00 AM,2018,6,5,2,22.5,73,Moderate,20.0,UG/M3,1 Hr,Valid
Embassy Kathmandu,PM2.5 - Principal,2018-06-05 03:00 AM,2018,6,5,3,20.2,68,Moderate,18.0,UG/M3,1 Hr,Valid
Embassy Kathmandu,PM2.5 - Principal,2018-06-05 04:00 AM,2018,6,5,4,19.6,67,Moderate,19.0,UG/M3,1 Hr,Valid
Embassy Kathmandu,PM2.5 - Principal,2018-06-05 05:00 AM,2018,6,5,5,17.8,63,Moderate,16.0,UG/M3,1 Hr,Valid
Embassy Kathmandu,PM2.5 - Principal,2018-06-05 06:00 AM,2018,6,5,6,22.9,74,Moderate,28.0,UG/M3,1 Hr,Valid
Embassy Kathmandu,PM2.5 - Principal,2018-06-05 07:00 AM,2018,6,5,7,20.4,68,Moderate,18.0,UG/M3,1 Hr,Valid
Embassy Kathmandu,PM2.5 - Principal,2018-06-05 08:00 AM,2018,6,5,8,16.2,60,Moderate,12.0,UG/M3,1 Hr,Valid
Embassy Kathmandu,PM2.5 - Principal,2018-06-05 09:00 AM,2018,6,5,9,12.1,51,Moderate,8.0,UG/M3,1 Hr,Valid
Embassy Kathmandu,PM2.5 - Principal,2018-06-05 10:00 AM,2018,6,5,10,12.5,52,Moderate,13.0,UG/M3,1 Hr,Valid
Embassy Kathmandu,PM2.5 - Principal,2018-06-05 11:00 AM,2018,6,5,11,15.2,58,Moderate,18.0,UG/M3,1 Hr,Valid
Embassy Kathmandu,PM2.5 - Principal,2018-06-05 12:00 PM,2018,6,5,12,13.1,53,Moderate,11.0,UG/M3,1 Hr,Valid
Embassy Kathmandu,PM2.5 - Principal,2018-06-05 01:00 PM,2018,6,5,13,17.0,61,Moderate,21.0,UG/M3,1 Hr,Valid
Embassy Kathmandu,PM2.5 - Principal,2018-06-05 02:00 PM,2018,6,5,14,20.5,69,Moderate,24.0,UG/M3,1 Hr,Valid
Embassy Kathmandu,PM2.5 - Principal,2018-06-05 03:00 PM,2018,6,5,15,21.7,71,Moderate,23.0,UG/M3,1 Hr,Valid
Embassy Kathmandu,PM2.5 - Principal,2018-06-05 04:00 PM,2018,6,5,16,18.3,64,Moderate,15.0,UG/M3,1 Hr,Valid
Embassy Kathmandu,PM2.5 - Principal,2018-06-05 05:00 PM,2018,6,5,17,19.6,67,Moderate,21.0,UG/M3,1 Hr,Valid
Embassy Kathmandu,PM2.5 - Principal,2018-06-05 06:00 PM,2018,6,5,18,20.3,68,Moderate,21.0,UG/M3,1 Hr,Valid
Embassy Kathmandu,PM2.5 - Principal,2018-06-05 07:00 PM,2018,6,5,19,17.6,63,Moderate,15.0,UG/M3,1 Hr,Valid
Embassy Kathmandu,PM2.5 - Principal,2018-06-05 08:00 PM,2018,6,5,20,17.3,62,Moderate,17.0,UG/M3,1 Hr,Valid
Embassy Kathmandu,PM2.5 - Principal,2018-06-05 09:00 PM,2018,6,5,21,21.1,70,Moderate,25.0,UG/M3,1 Hr,Valid
Embassy Kathmandu,PM2.5 - Principal,2018-06-05 10:00 PM,2018,6,5,22,21.0,70,Moderate,21.0,UG/M3,1 Hr,Valid
Embassy Kathmandu,PM2.5 - Principal,2018-06-05 11:00 PM,2018,6,5,23,18.5,64,Moderate,16.0,UG/M3,1 Hr,Valid
Embassy Kathmandu,PM2.5 - Principal,2018-06-06 12:00 AM,2018,6,6,0,18.5,64,Moderate,18.0,UG/M3,1 Hr,Valid
Embassy Kathmandu,PM2.5 - Principal,2018-06-06 01:00 AM,2018,6,6,1,19.5,67,Moderate,21.0,UG/M3,1 Hr,Valid
Embassy Kathmandu,PM2.5 - Principal,2018-06-06 02:00 AM,2018,6,6,2,18.1,64,Moderate,16.0,UG/M3,1 Hr,Valid
Embassy Kathmandu,PM2.5 - Principal,2018-06-06 03:00 AM,2018,6,6,3,16.8,61,Moderate,15.0,UG/M3,1 Hr,Valid
Embassy Kathmandu,PM2.5 - Principal,2018-06-06 04:00 AM,2018,6,6,4,13.7,54,Moderate,11.0,UG/M3,1 Hr,Valid
Embassy Kathmandu,PM2.5 - Principal,2018-06-06 05:00 AM,2018,6,6,5,14.8,57,Moderate,16.0,UG/M3,1 Hr,Valid
Embassy Kathmandu,PM2.5 - Principal,2018-06-06 06:00 AM,2018,6,6,6,17.9,63,Moderate,21.0,UG/M3,1 Hr,Valid
Embassy Kathmandu,PM2.5 - Principal,2018-06-06 07:00 AM,2018,6,6,7,19.4,66,Moderate,21.0,UG/M3,1 Hr,Valid
Embassy Kathmandu,PM2.5 - Principal,2018-06-06 08:00 AM,2018,6,6,8,24.7,77,Moderate,30.0,UG/M3,1 Hr,Valid
Embassy Kathmandu,PM2.5 - Principal,2018-06-06 09:00 AM,2018,6,6,9,29.8,88,Moderate,35.0,UG/M3,1 Hr,Valid
Embassy Kathmandu,PM2.5 - Principal,2018-06-06 10:00 AM,2018,6,6,10,25.9,80,Moderate,22.0,UG/M3,1 Hr,Valid
Embassy Kathmandu,PM2.5 - Principal,2018-06-06 11:00 AM,2018,6,6,11,23.9,76,Moderate,22.0,UG/M3,1 Hr,Valid
Embassy Kathmandu,PM2.5 - Principal,2018-06-06 12:00 PM,2018,6,6,12,20.9,70,Moderate,18.0,UG/M3,1 Hr,Valid
Embassy Kathmandu,PM2.5 - Principal,2018-06-06 01:00 PM,2018,6,6,13,18.4,64,Moderate,16.0,UG/M3,1 Hr,Valid
Embassy Kathmandu,PM2.5 - Principal,2018-06-06 02:00 PM,2018,6,6,14,16.7,61,Moderate,15.0,UG/M3,1 Hr,Valid
Embassy Kathmandu,PM2.5 - Principal,2018-06-06 03:00 PM,2018,6,6,15,16.8,61,Moderate,17.0,UG/M3,1 Hr,Valid
Embassy Kathmandu,PM2.5 - Principal,2018-06-06 04:00 PM,2018,6,6,16,18.4,64,Moderate,20.0,UG/M3,1 Hr,Valid
Embassy Kathmandu,PM2.5 - Principal,2018-06-06 05:00 PM,2018,6,6,17,17.2,62,Moderate,16.0,UG/M3,1 Hr,Valid
Embassy Kathmandu,PM2.5 - Principal,2018-06-06 06:00 PM,2018,6,6,18,20.1,68,Moderate,23.0,UG/M3,1 Hr,Valid
Embassy Kathmandu,PM2.5 - Principal,2018-06-06 07:00 PM,2018,6,6,19,19.0,66,Moderate,18.0,UG/M3,1 Hr,Valid
Embassy Kathmandu,PM2.5 - Principal,2018-06-06 08:00 PM,2018,6,6,20,15.5,58,Moderate,12.0,UG/M3,1 Hr,Valid
Embassy Kathmandu,PM2.5 - Principal,2018-06-06 09:00 PM,2018,6,6,21,11.7,49,Good,8.0,UG/M3,1 Hr,Valid
Embassy Kathmandu,PM2.5 - Principal,2018-06-06 10:00 PM,2018,6,6,22,10.3,43,Good,9.0,UG/M3,1 Hr,Valid
Embassy Kathmandu,PM2.5 - Principal,2018-06-06 11:00 PM,2018,6,6,23,10.6,44,Good,11.0,UG/M3,1 Hr,Valid
Embassy Kathmandu,PM2.5 - Principal,2018-06-07 12:00 AM,2018,6,7,0,11.3,47,Good,12.0,UG/M3,1 Hr,Valid
Embassy Kathmandu,PM2.5 - Principal,2018-06-07 01:00 AM,2018,6,7,1,11.1,46,Good,11.0,UG/M3,1 Hr,Valid
Embassy Kathmandu,PM2.5 - Principal,2018-06-07 02:00 AM,2018,6,7,2,10.0,42,Good,9.0,UG/M3,1 Hr,Valid
Embassy Kathmandu,PM2.5 - Principal,2018-06-07 03:00 AM,2018,6,7,3,8.5,35,Good,7.0,UG/M3,1 Hr,Valid
Embassy Kathmandu,PM2.5 - Principal,2018-06-07 04:00 AM,2018,6,7,4,8.7,36,Good,9.0,UG/M3,1 Hr,Valid
Embassy Kathmandu,PM2.5 - Principal,2018-06-07 05:00 AM,2018,6,7,5,9.8,41,Good,11.0,UG/M3,1 Hr,Valid
Embassy Kathmandu,PM2.5 - Principal,2018-06-07 06:00 AM,2018,6,7,6,14.4,56,Moderate,19.0,UG/M3,1 Hr,Valid
Embassy Kathmandu,PM2.5 - Principal,2018-06-07 07:00 AM,2018,6,7,7,19.2,66,Moderate,24.0,UG/M3,1 Hr,Valid
Embassy Kathmandu,PM2.5 - Principal,2018-06-07 08:00 AM,2018,6,7,8,19.6,67,Moderate,20.0,UG/M3,1 Hr,Valid
Embassy Kathmandu,PM2.5 - Principal,2018-06-07 09:00 AM,2018,6,7,9,17.3,62,Moderate,15.0,UG/M3,1 Hr,Valid
Embassy Kathmandu,PM2.5 - Principal,2018-06-07 10:00 AM,2018,6,7,10,19.6,67,Moderate,22.0,UG/M3,1 Hr,Valid
Embassy Kathmandu,PM2.5 - Principal,2018-06-07 11:00 AM,2018,6,7,11,16.8,61,Moderate,14.0,UG/M3,1 Hr,Valid
Embassy Kathmandu,PM2.5 - Principal,2018-06-07 12:00 PM,2018,6,7,12,19.4,66,Moderate,22.0,UG/M3,1 Hr,Valid
Embassy Kathmandu,PM2.5 - Principal,2018-06-07 01:00 PM,2018,6,7,13,18.7,65,Moderate,18.0,UG/M3,1 Hr,Valid
Embassy Kathmandu,PM2.5 - Principal,2018-06-07 02:00 PM,2018,6,7,14,18.3,64,Moderate,18.0,UG/M3,1 Hr,Valid
Embassy Kathmandu,PM2.5 - Principal,2018-06-07 03:00 PM,2018,6,7,15,17.6,63,Moderate,17.0,UG/M3,1 Hr,Valid
Embassy Kathmandu,PM2.5 - Principal,2018-06-07 04:00 PM,2018,6,7,16,16.8,61,Moderate,16.0,UG/M3,1 Hr,Valid
Embassy Kathmandu,PM2.5 - Principal,2018-06-07 05:00 PM,2018,6,7,17,19.1,66,Moderate,22.0,UG/M3,1 Hr,Valid
Embassy Kathmandu,PM2.5 - Principal,2018-06-07 06:00 PM,2018,6,7,18,19.4,66,Moderate,20.0,UG/M3,1 Hr,Valid
Embassy Kathmandu,PM2.5 - Principal,2018-06-07 07:00 PM,2018,6,7,19,20.3,68,Moderate,22.0,UG/M3,1 Hr,Valid
Embassy Kathmandu,PM2.5 - Principal,2018-06-07 08:00 PM,2018,6,7,20,20.9,70,Moderate,22.0,UG/M3,1 Hr,Valid
Embassy Kathmandu,PM2.5 - Principal,2018-06-07 09:00 PM,2018,6,7,21,18.4,64,Moderate,14.0,UG/M3,1 Hr,Valid
Embassy Kathmandu,PM2.5 - Principal,2018-06-07 10:00 PM,2018,6,7,22,18.9,65,Moderate,20.0,UG/M3,1 Hr,Valid
Embassy Kathmandu,PM2.5 - Principal,2018-06-07 11:00 PM,2018,6,7,23,15.7,59,Moderate,12.0,UG/M3,1 Hr,Valid
Embassy Kathmandu,PM2.5 - Principal,2018-06-08 12:00 AM,2018,6,8,0,18.1,64,Moderate,21.0,UG/M3,1 Hr,Valid
Embassy Kathmandu,PM2.5 - Principal,2018-06-08 01:00 AM,2018,6,8,1,18.5,64,Moderate,19.0,UG/M3,1 Hr,Valid
Embassy Kathmandu,PM2.5 - Principal,2018-06-08 02:00 AM,2018,6,8,2,16.4,60,Moderate,14.0,UG/M3,1 Hr,Valid
Embassy Kathmandu,PM2.5 - Principal,2018-06-08 03:00 AM,2018,6,8,3,15.8,59,Moderate,15.0,UG/M3,1 Hr,Valid
Embassy Kathmandu,PM2.5 - Principal,2018-06-08 04:00 AM,2018,6,8,4,14.5,56,Moderate,13.0,UG/M3,1 Hr,Valid
Embassy Kathmandu,PM2.5 - Principal,2018-06-08 05:00 AM,2018,6,8,5,14.7,56,Moderate,15.0,UG/M3,1 Hr,Valid
Embassy Kathmandu,PM2.5 - Principal,2018-06-08 06:00 AM,2018,6,8,6,15.7,59,Moderate,17.0,UG/M3,1 Hr,Valid
Embassy Kathmandu,PM2.5 - Principal,2018-06-08 07:00 AM,2018,6,8,7,17.2,62,Moderate,19.0,UG/M3,1 Hr,Valid
Embassy Kathmandu,PM2.5 - Principal,2018-06-08 08:00 AM,2018,6,8,8,18.7,65,Moderate,21.0,UG/M3,1 Hr,Valid
Embassy Kathmandu,PM2.5 - Principal,2018-06-08 09:00 AM,2018,6,8,9,23.1,74,Moderate,27.0,UG/M3,1 Hr,Valid
Embassy Kathmandu,PM2.5 - Principal,2018-06-08 10:00 AM,2018,6,8,10,22.5,73,Moderate,22.0,UG/M3,1 Hr,Valid
Embassy Kathmandu,PM2.5 - Principal,2018-06-08 11:00 AM,2018,6,8,11,22.7,73,Moderate,23.0,UG/M3,1 Hr,Valid
Embassy Kathmandu,PM2.5 - Principal,2018-06-08 12:00 PM,2018,6,8,12,24.3,77,Moderate,26.0,UG/M3,1 Hr,Valid
Embassy Kathmandu,PM2.5 - Principal,2018-06-08 01:00 PM,2018,6,8,13,18.6,65,Moderate,13.0,UG/M3,1 Hr,Valid
Embassy Kathmandu,PM2.5 - Principal,2018-06-08 02:00 PM,2018,6,8,14,19.8,67,Moderate,21.0,UG/M3,1 Hr,Valid
Embassy Kathmandu,PM2.5 - Principal,2018-06-08 03:00 PM,2018,6,8,15,19.4,66,Moderate,19.0,UG/M3,1 Hr,Valid
Embassy Kathmandu,PM2.5 - Principal,2018-06-08 04:00 PM,2018,6,8,16,20.2,68,Moderate,21.0,UG/M3,1 Hr,Valid
Embassy Kathmandu,PM2.5 - Principal,2018-06-08 05:00 PM,2018,6,8,17,21.1,70,Moderate,22.0,UG/M3,1 Hr,Valid
Embassy Kathmandu,PM2.5 - Principal,2018-06-08 06:00 PM,2018,6,8,18,23.5,75,Moderate,26.0,UG/M3,1 Hr,Valid
Embassy Kathmandu,PM2.5 - Principal,2018-06-08 07:00 PM,2018,6,8,19,28.7,86,Moderate,34.0,UG/M3,1 Hr,Valid
Embassy Kathmandu,PM2.5 - Principal,2018-06-08 08:00 PM,2018,6,8,20,31.8,92,Moderate,35.0,UG/M3,1 Hr,Valid
Embassy Kathmandu,PM2.5 - Principal,2018-06-08 09:00 PM,2018,6,8,21,29.9,88,Moderate,28.0,UG/M3,1 Hr,Valid
Embassy Kathmandu,PM2.5 - Principal,2018-06-08 10:00 PM,2018,6,8,22,28.4,85,Moderate,27.0,UG/M3,1 Hr,Valid
Embassy Kathmandu,PM2.5 - Principal,2018-06-08 11:00 PM,2018,6,8,23,25.7,80,Moderate,23.0,UG/M3,1 Hr,Valid
Embassy Kathmandu,PM2.5 - Principal,2018-06-09 12:00 AM,2018,6,9,0,22.8,74,Moderate,20.0,UG/M3,1 Hr,Valid
Embassy Kathmandu,PM2.5 - Principal,2018-06-09 01:00 AM,2018,6,9,1,22.2,72,Moderate,21.0,UG/M3,1 Hr,Valid
Embassy Kathmandu,PM2.5 - Principal,2018-06-09 02:00 AM,2018,6,9,2,20.0,68,Moderate,18.0,UG/M3,1 Hr,Valid
Embassy Kathmandu,PM2.5 - Principal,2018-06-09 03:00 AM,2018,6,9,3,20.5,69,Moderate,21.0,UG/M3,1 Hr,Valid
Embassy Kathmandu,PM2.5 - Principal,2018-06-09 04:00 AM,2018,6,9,4,19.2,66,Moderate,18.0,UG/M3,1 Hr,Valid
Embassy Kathmandu,PM2.5 - Principal,2018-06-09 05:00 AM,2018,6,9,5,18.1,64,Moderate,17.0,UG/M3,1 Hr,Valid
Embassy Kathmandu,PM2.5 - Principal,2018-06-09 06:00 AM,2018,6,9,6,22.0,72,Moderate,26.0,UG/M3,1 Hr,Valid
Embassy Kathmandu,PM2.5 - Principal,2018-06-09 07:00 AM,2018,6,9,7,25.5,79,Moderate,29.0,UG/M3,1 Hr,Valid
Embassy Kathmandu,PM2.5 - Principal,2018-06-09 08:00 AM,2018,6,9,8,31.2,91,Moderate,37.0,UG/M3,1 Hr,Valid
Embassy Kathmandu,PM2.5 - Principal,2018-06-09 09:00 AM,2018,6,9,9,32.6,94,Moderate,34.0,UG/M3,1 Hr,Valid
Embassy Kathmandu,PM2.5 - Principal,2018-06-09 10:00 AM,2018,6,9,10,31.8,92,Moderate,31.0,UG/M3,1 Hr,Valid
Embassy Kathmandu,PM2.5 - Principal,2018-06-09 11:00 AM,2018,6,9,11,24.4,77,Moderate,17.0,UG/M3,1 Hr,Valid
Embassy Kathmandu,PM2.5 - Principal,2018-06-09 12:00 PM,2018,6,9,12,22.2,72,Moderate,20.0,UG/M3,1 Hr,Valid
Embassy Kathmandu,PM2.5 - Principal,2018-06-09 01:00 PM,2018,6,9,13,25.6,79,Moderate,29.0,UG/M3,1 Hr,Valid
Embassy Kathmandu,PM2.5 - Principal,2018-06-09 02:00 PM,2018,6,9,14,25.8,80,Moderate,26.0,UG/M3,1 Hr,Valid
Embassy Kathmandu,PM2.5 - Principal,2018-06-09 03:00 PM,2018,6,9,15,22.4,73,Moderate,19.0,UG/M3,1 Hr,Valid
Embassy Kathmandu,PM2.5 - Principal,2018-06-09 04:00 PM,2018,6,9,16,21.7,71,Moderate,21.0,UG/M3,1 Hr,Valid
Embassy Kathmandu,PM2.5 - Principal,2018-06-09 05:00 PM,2018,6,9,17,20.3,68,Moderate,19.0,UG/M3,1 Hr,Valid
Embassy Kathmandu,PM2.5 - Principal,2018-06-09 06:00 PM,2018,6,9,18,21.1,70,Moderate,22.0,UG/M3,1 Hr,Valid
Embassy Kathmandu,PM2.5 - Principal,2018-06-09 07:00 PM,2018,6,9,19,24.0,76,Moderate,27.0,UG/M3,1 Hr,Valid
Embassy Kathmandu,PM2.5 - Principal,2018-06-09 08:00 PM,2018,6,9,20,24.0,76,Moderate,24.0,UG/M3,1 Hr,Valid
Embassy Kathmandu,PM2.5 - Principal,2018-06-09 09:00 PM,2018,6,9,21,31.5,92,Moderate,39.0,UG/M3,1 Hr,Valid
Embassy Kathmandu,PM2.5 - Principal,2018-06-09 10:00 PM,2018,6,9,22,32.7,94,Moderate,34.0,UG/M3,1 Hr,Valid
Embassy Kathmandu,PM2.5 - Principal,2018-06-09 11:00 PM,2018,6,9,23,30.3,89,Moderate,28.0,UG/M3,1 Hr,Valid
Embassy Kathmandu,PM2.5 - Principal,2018-06-10 12:00 AM,2018,6,10,0,28.1,85,Moderate,26.0,UG/M3,1 Hr,Valid
Embassy Kathmandu,PM2.5 - Principal,2018-06-10 01:00 AM,2018,6,10,1,24.0,76,Moderate,20.0,UG/M3,1 Hr,Valid
Embassy Kathmandu,PM2.5 - Principal,2018-06-10 02:00 AM,2018,6,10,2,19.5,67,Moderate,15.0,UG/M3,1 Hr,Valid
Embassy Kathmandu,PM2.5 - Principal,2018-06-10 03:00 AM,2018,6,10,3,17.7,63,Moderate,16.0,UG/M3,1 Hr,Valid
Embassy Kathmandu,PM2.5 - Principal,2018-06-10 04:00 AM,2018,6,10,4,10.8,45,Good,4.0,UG/M3,1 Hr,Valid
Embassy Kathmandu,PM2.5 - Principal,2018-06-10 05:00 AM,2018,6,10,5,7.9,33,Good,5.0,UG/M3,1 Hr,Valid
Embassy Kathmandu,PM2.5 - Principal,2018-06-10 06:00 AM,2018,6,10,6,5.4,23,Good,3.0,UG/M3,1 Hr,Valid
Embassy Kathmandu,PM2.5 - Principal,2018-06-10 07:00 AM,2018,6,10,7,5.2,22,Good,5.0,UG/M3,1 Hr,Valid
Embassy Kathmandu,PM2.5 - Principal,2018-06-10 08:00 AM,2018,6,10,8,7.1,30,Good,9.0,UG/M3,1 Hr,Valid
Embassy Kathmandu,PM2.5 - Principal,2018-06-10 09:00 AM,2018,6,10,9,8.5,35,Good,10.0,UG/M3,1 Hr,Valid
Embassy Kathmandu,PM2.5 - Principal,2018-06-10 10:00 AM,2018,6,10,10,10.2,43,Good,12.0,UG/M3,1 Hr,Valid
Embassy Kathmandu,PM2.5 - Principal,2018-06-10 11:00 AM,2018,6,10,11,11.6,48,Good,13.0,UG/M3,1 Hr,Valid
Embassy Kathmandu,PM2.5 - Principal,2018-06-10 12:00 PM,2018,6,10,12,13.8,55,Moderate,16.0,UG/M3,1 Hr,Valid
Embassy Kathmandu,PM2.5 - Principal,2018-06-10 01:00 PM,2018,6,10,13,15.4,58,Moderate,17.0,UG/M3,1 Hr,Valid
Embassy Kathmandu,PM2.5 - Principal,2018-06-10 02:00 PM,2018,6,10,14,13.7,54,Moderate,12.0,UG/M3,1 Hr,Valid
Embassy Kathmandu,PM2.5 - Principal,2018-06-10 03:00 PM,2018,6,10,15,15.3,58,Moderate,17.0,UG/M3,1 Hr,Valid
Embassy Kathmandu,PM2.5 - Principal,2018-06-10 04:00 PM,2018,6,10,16,16.6,60,Moderate,18.0,UG/M3,1 Hr,Valid
Embassy Kathmandu,PM2.5 - Principal,2018-06-10 05:00 PM,2018,6,10,17,14.3,56,Moderate,12.0,UG/M3,1 Hr,Valid
Embassy Kathmandu,PM2.5 - Principal,2018-06-10 06:00 PM,2018,6,10,18,16.6,60,Moderate,19.0,UG/M3,1 Hr,Valid
Embassy Kathmandu,PM2.5 - Principal,2018-06-10 07:00 PM,2018,6,10,19,17.8,63,Moderate,19.0,UG/M3,1 Hr,Valid
Embassy Kathmandu,PM2.5 - Principal,2018-06-10 08:00 PM,2018,6,10,20,15.9,59,Moderate,14.0,UG/M3,1 Hr,Valid
Embassy Kathmandu,PM2.5 - Principal,2018-06-10 09:00 PM,2018,6,10,21,13.1,53,Moderate,10.0,UG/M3,1 Hr,Valid
Embassy Kathmandu,PM2.5 - Principal,2018-06-10 10:00 PM,2018,6,10,22,9.9,41,Good,7.0,UG/M3,1 Hr,Valid
Embassy Kathmandu,PM2.5 - Principal,2018-06-10 11:00 PM,2018,6,10,23,16.4,60,Moderate,23.0,UG/M3,1 Hr,Valid
Embassy Kathmandu,PM2.5 - Principal,2018-06-11 12:00 AM,2018,6,11,0,11.2,47,Good,6.0,UG/M3,1 Hr,Valid
Embassy Kathmandu,PM2.5 - Principal,2018-06-11 01:00 AM,2018,6,11,1,9.1,38,Good,7.0,UG/M3,1 Hr,Valid
Embassy Kathmandu,PM2.5 - Principal,2018-06-11 02:00 AM,2018,6,11,2,7.5,31,Good,6.0,UG/M3,1 Hr,Valid
Embassy Kathmandu,PM2.5 - Principal,2018-06-11 03:00 AM,2018,6,11,3,6.2,26,Good,5.0,UG/M3,1 Hr,Valid
Embassy Kathmandu,PM2.5 - Principal,2018-06-11 04:00 AM,2018,6,11,4,6.6,28,Good,7.0,UG/M3,1 Hr,Valid
Embassy Kathmandu,PM2.5 - Principal,2018-06-11 05:00 AM,2018,6,11,5,7.3,30,Good,8.0,UG/M3,1 Hr,Valid
Embassy Kathmandu,PM2.5 - Principal,2018-06-11 06:00 AM,2018,6,11,6,8.6,36,Good,10.0,UG/M3,1 Hr,Valid
Embassy Kathmandu,PM2.5 - Principal,2018-06-11 07:00 AM,2018,6,11,7,12.3,51,Moderate,16.0,UG/M3,1 Hr,Valid
Embassy Kathmandu,PM2.5 - Principal,2018-06-11 08:00 AM,2018,6,11,8,17.1,62,Moderate,22.0,UG/M3,1 Hr,Valid
Embassy Kathmandu,PM2.5 - Principal,2018-06-11 09:00 AM,2018,6,11,9,18.5,64,Moderate,20.0,UG/M3,1 Hr,Valid
Embassy Kathmandu,PM2.5 - Principal,2018-06-11 10:00 AM,2018,6,11,10,23.2,74,Moderate,28.0,UG/M3,1 Hr,Valid
Embassy Kathmandu,PM2.5 - Principal,2018-06-11 11:00 AM,2018,6,11,11,22.1,72,Moderate,21.0,UG/M3,1 Hr,Valid
Embassy Kathmandu,PM2.5 - Principal,2018-06-11 12:00 PM,2018,6,11,12,17.5,62,Moderate,13.0,UG/M3,1 Hr,Valid
Embassy Kathmandu,PM2.5 - Principal,2018-06-11 01:00 PM,2018,6,11,13,14.7,56,Moderate,12.0,UG/M3,1 Hr,Valid
Embassy Kathmandu,PM2.5 - Principal,2018-06-11 02:00 PM,2018,6,11,14,13.3,54,Moderate,12.0,UG/M3,1 Hr,Valid
Embassy Kathmandu,PM2.5 - Principal,2018-06-11 03:00 PM,2018,6,11,15,13.1,53,Moderate,13.0,UG/M3,1 Hr,Valid
Embassy Kathmandu,PM2.5 - Principal,2018-06-11 04:00 PM,2018,6,11,16,12.5,52,Moderate,12.0,UG/M3,1 Hr,Valid
Embassy Kathmandu,PM2.5 - Principal,2018-06-11 05:00 PM,2018,6,11,17,15.8,59,Moderate,19.0,UG/M3,1 Hr,Valid
Embassy Kathmandu,PM2.5 - Principal,2018-06-11 06:00 PM,2018,6,11,18,19.9,67,Moderate,24.0,UG/M3,1 Hr,Valid
Embassy Kathmandu,PM2.5 - Principal,2018-06-11 07:00 PM,2018,6,11,19,19.4,66,Moderate,19.0,UG/M3,1 Hr,Valid
Embassy Kathmandu,PM2.5 - Principal,2018-06-11 08:00 PM,2018,6,11,20,24.2,76,Moderate,29.0,UG/M3,1 Hr,Valid
Embassy Kathmandu,PM2.5 - Principal,2018-06-11 09:00 PM,2018,6,11,21,30.1,89,Moderate,36.0,UG/M3,1 Hr,Valid
Embassy Kathmandu,PM2.5 - Principal,2018-06-11 10:00 PM,2018,6,11,22,29.5,88,Moderate,29.0,UG/M3,1 Hr,Valid
Embassy Kathmandu,PM2.5 - Principal,2018-06-11 11:00 PM,2018,6,11,23,26.7,82,Moderate,24.0,UG/M3,1 Hr,Valid
Embassy Kathmandu,PM2.5 - Principal,2018-06-12 12:00 AM,2018,6,12,0,25.8,80,Moderate,25.0,UG/M3,1 Hr,Valid
Embassy Kathmandu,PM2.5 - Principal,2018-06-12 01:00 AM,2018,6,12,1,25.4,79,Moderate,25.0,UG/M3,1 Hr,Valid
Embassy Kathmandu,PM2.5 - Principal,2018-06-12 02:00 AM,2018,6,12,2,16.2,60,Moderate,7.0,UG/M3,1 Hr,Valid
Embassy Kathmandu,PM2.5 - Principal,2018-06-12 03:00 AM,2018,6,12,3,10.6,44,Good,5.0,UG/M3,1 Hr,Valid
Embassy Kathmandu,PM2.5 - Principal,2018-06-12 04:00 AM,2018,6,12,4,6.3,26,Good,2.0,UG/M3,1 Hr,Valid
Embassy Kathmandu,PM2.5 - Principal,2018-06-12 05:00 AM,2018,6,12,5,4.6,19,Good,3.0,UG/M3,1 Hr,Valid
Embassy Kathmandu,PM2.5 - Principal,2018-06-12 06:00 AM,2018,6,12,6,5.3,22,Good,6.0,UG/M3,1 Hr,Valid
Embassy Kathmandu,PM2.5 - Principal,2018-06-12 07:00 AM,2018,6,12,7,7.1,30,Good,9.0,UG/M3,1 Hr,Valid
Embassy Kathmandu,PM2.5 - Principal,2018-06-12 08:00 AM,2018,6,12,8,12.0,50,Good,17.0,UG/M3,1 Hr,Valid
Embassy Kathmandu,PM2.5 - Principal,2018-06-12 09:00 AM,2018,6,12,9,15.0,57,Moderate,18.0,UG/M3,1 Hr,Valid
Embassy Kathmandu,PM2.5 - Principal,2018-06-12 10:00 AM,2018,6,12,10,24.5,77,Moderate,34.0,UG/M3,1 Hr,Valid
Embassy Kathmandu,PM2.5 - Principal,2018-06-12 11:00 AM,2018,6,12,11,33.7,96,Moderate,43.0,UG/M3,1 Hr,Valid
Embassy Kathmandu,PM2.5 - Principal,2018-06-12 12:00 PM,2018,6,12,12,32.3,93,Moderate,31.0,UG/M3,1 Hr,Valid
Embassy Kathmandu,PM2.5 - Principal,2018-06-12 01:00 PM,2018,6,12,13,33.1,95,Moderate,34.0,UG/M3,1 Hr,Valid
Embassy Kathmandu,PM2.5 - Principal,2018-06-12 02:00 PM,2018,6,12,14,31.0,91,Moderate,29.0,UG/M3,1 Hr,Valid
Embassy Kathmandu,PM2.5 - Principal,2018-06-12 03:00 PM,2018,6,12,15,28.5,85,Moderate,26.0,UG/M3,1 Hr,Valid
Embassy Kathmandu,PM2.5 - Principal,2018-06-12 04:00 PM,2018,6,12,16,27.7,84,Moderate,27.0,UG/M3,1 Hr,Valid
Embassy Kathmandu,PM2.5 - Principal,2018-06-12 05:00 PM,2018,6,12,17,28.8,86,Moderate,30.0,UG/M3,1 Hr,Valid
Embassy Kathmandu,PM2.5 - Principal,2018-06-12 06:00 PM,2018,6,12,18,30.4,89,Moderate,32.0,UG/M3,1 Hr,Valid
Embassy Kathmandu,PM2.5 - Principal,2018-06-12 07:00 PM,2018,6,12,19,29.7,88,Moderate,29.0,UG/M3,1 Hr,Valid
Embassy Kathmandu,PM2.5 - Principal,2018-06-12 08:00 PM,2018,6,12,20,32.3,93,Moderate,35.0,UG/M3,1 Hr,Valid
Embassy Kathmandu,PM2.5 - Principal,2018-06-12 09:00 PM,2018,6,12,21,32.7,94,Moderate,34.0,UG/M3,1 Hr,Valid
Embassy Kathmandu,PM2.5 - Principal,2018-06-12 10:00 PM,2018,6,12,22,34.4,98,Moderate,37.0,UG/M3,1 Hr,Valid
Embassy Kathmandu,PM2.5 - Principal,2018-06-12 11:00 PM,2018,6,12,23,34.3,98,Moderate,36.0,UG/M3,1 Hr,Valid
Embassy Kathmandu,PM2.5 - Principal,2018-06-13 12:00 AM,2018,6,13,0,33.0,95,Moderate,30.0,UG/M3,1 Hr,Valid
Embassy Kathmandu,PM2.5 - Principal,2018-06-13 01:00 AM,2018,6,13,1,33.6,96,Moderate,35.0,UG/M3,1 Hr,Valid
Embassy Kathmandu,PM2.5 - Principal,2018-06-13 02:00 AM,2018,6,13,2,29.7,88,Moderate,23.0,UG/M3,1 Hr,Valid
Embassy Kathmandu,PM2.5 - Principal,2018-06-13 03:00 AM,2018,6,13,3,30.9,91,Moderate,33.0,UG/M3,1 Hr,Valid
Embassy Kathmandu,PM2.5 - Principal,2018-06-13 04:00 AM,2018,6,13,4,27.9,84,Moderate,23.0,UG/M3,1 Hr,Valid
Embassy Kathmandu,PM2.5 - Principal,2018-06-13 05:00 AM,2018,6,13,5,23.0,74,Moderate,19.0,UG/M3,1 Hr,Valid
Embassy Kathmandu,PM2.5 - Principal,2018-06-13 06:00 AM,2018,6,13,6,23.0,74,Moderate,23.0,UG/M3,1 Hr,Valid
Embassy Kathmandu,PM2.5 - Principal,2018-06-13 07:00 AM,2018,6,13,7,28.3,85,Moderate,34.0,UG/M3,1 Hr,Valid
Embassy Kathmandu,PM2.5 - Principal,2018-06-13 08:00 AM,2018,6,13,8,34.2,97,Moderate,40.0,UG/M3,1 Hr,Valid
Embassy Kathmandu,PM2.5 - Principal,2018-06-13 09:00 AM,2018,6,13,9,35.1,99,Moderate,36.0,UG/M3,1 Hr,Valid
Embassy Kathmandu,PM2.5 - Principal,2018-06-13 10:00 AM,2018,6,13,10,34.5,98,Moderate,34.0,UG/M3,1 Hr,Valid
Embassy Kathmandu,PM2.5 - Principal,2018-06-13 11:00 AM,2018,6,13,11,37.2,105,Unhealthy for Sensitive Groups,40.0,UG/M3,1 Hr,Valid
Embassy Kathmandu,PM2.5 - Principal,2018-06-13 12:00 PM,2018,6,13,12,39.1,110,Unhealthy for Sensitive Groups,41.0,UG/M3,1 Hr,Valid
Embassy Kathmandu,PM2.5 - Principal,2018-06-13 01:00 PM,2018,6,13,13,38.0,107,Unhealthy for Sensitive Groups,37.0,UG/M3,1 Hr,Valid
Embassy Kathmandu,PM2.5 - Principal,2018-06-13 02:00 PM,2018,6,13,14,37.5,106,Unhealthy for Sensitive Groups,37.0,UG/M3,1 Hr,Valid
Embassy Kathmandu,PM2.5 - Principal,2018-06-13 03:00 PM,2018,6,13,15,36.7,104,Unhealthy for Sensitive Groups,36.0,UG/M3,1 Hr,Valid
Embassy Kathmandu,PM2.5 - Principal,2018-06-13 04:00 PM,2018,6,13,16,36.3,103,Unhealthy for Sensitive Groups,36.0,UG/M3,1 Hr,Valid
Embassy Kathmandu,PM2.5 - Principal,2018-06-13 05:00 PM,2018,6,13,17,39.4,111,Unhealthy for Sensitive Groups,43.0,UG/M3,1 Hr,Valid
Embassy Kathmandu,PM2.5 - Principal,2018-06-13 06:00 PM,2018,6,13,18,38.2,108,Unhealthy for Sensitive Groups,38.0,UG/M3,1 Hr,Valid
Embassy Kathmandu,PM2.5 - Principal,2018-06-13 07:00 PM,2018,6,13,19,39.1,110,Unhealthy for Sensitive Groups,42.0,UG/M3,1 Hr,Valid
Embassy Kathmandu,PM2.5 - Principal,2018-06-13 08:00 PM,2018,6,13,20,39.5,111,Unhealthy for Sensitive Groups,41.0,UG/M3,1 Hr,Valid
Embassy Kathmandu,PM2.5 - Principal,2018-06-13 09:00 PM,2018,6,13,21,39.0,110,Unhealthy for Sensitive Groups,37.0,UG/M3,1 Hr,Valid
Embassy Kathmandu,PM2.5 - Principal,2018-06-13 10:00 PM,2018,6,13,22,35.2,100,Moderate,28.0,UG/M3,1 Hr,Valid
Embassy Kathmandu,PM2.5 - Principal,2018-06-13 11:00 PM,2018,6,13,23,33.3,96,Moderate,30.0,UG/M3,1 Hr,Valid
Embassy Kathmandu,PM2.5 - Principal,2018-06-14 12:00 AM,2018,6,14,0,30.1,89,Moderate,26.0,UG/M3,1 Hr,Valid
Embassy Kathmandu,PM2.5 - Principal,2018-06-14 01:00 AM,2018,6,14,1,27.7,84,Moderate,25.0,UG/M3,1 Hr,Valid
Embassy Kathmandu,PM2.5 - Principal,2018-06-14 02:00 AM,2018,6,14,2,25.9,80,Moderate,24.0,UG/M3,1 Hr,Valid
Embassy Kathmandu,PM2.5 - Principal,2018-06-14 03:00 AM,2018,6,14,3,23.2,74,Moderate,21.0,UG/M3,1 Hr,Valid
Embassy Kathmandu,PM2.5 - Principal,2018-06-14 04:00 AM,2018,6,14,4,19.6,67,Moderate,16.0,UG/M3,1 Hr,Valid
Embassy Kathmandu,PM2.5 - Principal,2018-06-14 05:00 AM,2018,6,14,5,20.3,68,Moderate,21.0,UG/M3,1 Hr,Valid
Embassy Kathmandu,PM2.5 - Principal,2018-06-14 06:00 AM,2018,6,14,6,18.6,65,Moderate,17.0,UG/M3,1 Hr,Valid
Embassy Kathmandu,PM2.5 - Principal,2018-06-14 07:00 AM,2018,6,14,7,20.3,68,Moderate,22.0,UG/M3,1 Hr,Valid
Embassy Kathmandu,PM2.5 - Principal,2018-06-14 08:00 AM,2018,6,14,8,22.1,72,Moderate,24.0,UG/M3,1 Hr,Valid
Embassy Kathmandu,PM2.5 - Principal,2018-06-14 09:00 AM,2018,6,14,9,24.8,78,Moderate,28.0,UG/M3,1 Hr,Valid
Embassy Kathmandu,PM2.5 - Principal,2018-06-14 10:00 AM,2018,6,14,10,27.8,84,Moderate,31.0,UG/M3,1 Hr,Valid
Embassy Kathmandu,PM2.5 - Principal,2018-06-14 11:00 AM,2018,6,14,11,31.0,91,Moderate,34.0,UG/M3,1 Hr,Valid
Embassy Kathmandu,PM2.5 - Principal,2018-06-14 12:00 PM,2018,6,14,12,37.0,105,Unhealthy for Sensitive Groups,43.0,UG/M3,1 Hr,Valid
Embassy Kathmandu,PM2.5 - Principal,2018-06-14 01:00 PM,2018,6,14,13,39.0,110,Unhealthy for Sensitive Groups,41.0,UG/M3,1 Hr,Valid
Embassy Kathmandu,PM2.5 - Principal,2018-06-14 02:00 PM,2018,6,14,14,42.0,117,Unhealthy for Sensitive Groups,45.0,UG/M3,1 Hr,Valid
Embassy Kathmandu,PM2.5 - Principal,2018-06-14 03:00 PM,2018,6,14,15,41.0,115,Unhealthy for Sensitive Groups,40.0,UG/M3,1 Hr,Valid
Embassy Kathmandu,PM2.5 - Principal,2018-06-14 04:00 PM,2018,6,14,16,38.5,108,Unhealthy for Sensitive Groups,36.0,UG/M3,1 Hr,Valid
Embassy Kathmandu,PM2.5 - Principal,2018-06-14 05:00 PM,2018,6,14,17,38.7,109,Unhealthy for Sensitive Groups,39.0,UG/M3,1 Hr,Valid
Embassy Kathmandu,PM2.5 - Principal,2018-06-14 06:00 PM,2018,6,14,18,39.8,112,Unhealthy for Sensitive Groups,41.0,UG/M3,1 Hr,Valid
Embassy Kathmandu,PM2.5 - Principal,2018-06-14 07:00 PM,2018,6,14,19,34.3,98,Moderate,28.0,UG/M3,1 Hr,Valid
Embassy Kathmandu,PM2.5 - Principal,2018-06-14 08:00 PM,2018,6,14,20,31.0,91,Moderate,26.0,UG/M3,1 Hr,Valid
Embassy Kathmandu,PM2.5 - Principal,2018-06-14 09:00 PM,2018,6,14,21,31.0,91,Moderate,31.0,UG/M3,1 Hr,Valid
Embassy Kathmandu,PM2.5 - Principal,2018-06-14 10:00 PM,2018,6,14,22,31.8,92,Moderate,33.0,UG/M3,1 Hr,Valid
Embassy Kathmandu,PM2.5 - Principal,2018-06-14 11:00 PM,2018,6,14,23,30.2,89,Moderate,28.0,UG/M3,1 Hr,Valid
Embassy Kathmandu,PM2.5 - Principal,2018-06-15 12:00 AM,2018,6,15,0,29.2,87,Moderate,28.0,UG/M3,1 Hr,Valid
Embassy Kathmandu,PM2.5 - Principal,2018-06-15 01:00 AM,2018,6,15,1,32.9,95,Moderate,38.0,UG/M3,1 Hr,Valid
Embassy Kathmandu,PM2.5 - Principal,2018-06-15 02:00 AM,2018,6,15,2,44.7,124,Unhealthy for Sensitive Groups,56.0,UG/M3,1 Hr,Valid
Embassy Kathmandu,PM2.5 - Principal,2018-06-15 03:00 AM,2018,6,15,3,49.8,136,Unhealthy for Sensitive Groups,55.0,UG/M3,1 Hr,Valid
Embassy Kathmandu,PM2.5 - Principal,2018-06-15 04:00 AM,2018,6,15,4,49.9,136,Unhealthy for Sensitive Groups,50.0,UG/M3,1 Hr,Valid
Embassy Kathmandu,PM2.5 - Principal,2018-06-15 05:00 AM,2018,6,15,5,51.4,140,Unhealthy for Sensitive Groups,53.0,UG/M3,1 Hr,Valid
Embassy Kathmandu,PM2.5 - Principal,2018-06-15 06:00 AM,2018,6,15,6,48.2,132,Unhealthy for Sensitive Groups,45.0,UG/M3,1 Hr,Valid
Embassy Kathmandu,PM2.5 - Principal,2018-06-15 07:00 AM,2018,6,15,7,52.6,143,Unhealthy for Sensitive Groups,57.0,UG/M3,1 Hr,Valid
Embassy Kathmandu,PM2.5 - Principal,2018-06-15 08:00 AM,2018,6,15,8,64.3,156,Unhealthy,76.0,UG/M3,1 Hr,Valid
Embassy Kathmandu,PM2.5 - Principal,2018-06-15 09:00 AM,2018,6,15,9,69.6,158,Unhealthy,75.0,UG/M3,1 Hr,Valid
Embassy Kathmandu,PM2.5 - Principal,2018-06-15 10:00 AM,2018,6,15,10,61.3,154,Unhealthy,53.0,UG/M3,1 Hr,Valid
Embassy Kathmandu,PM2.5 - Principal,2018-06-15 11:00 AM,2018,6,15,11,60.1,153,Unhealthy,59.0,UG/M3,1 Hr,Valid
Embassy Kathmandu,PM2.5 - Principal,2018-06-15 12:00 PM,2018,6,15,12,59.0,153,Unhealthy,58.0,UG/M3,1 Hr,Valid
Embassy Kathmandu,PM2.5 - Principal,2018-06-15 01:00 PM,2018,6,15,13,55.6,151,Unhealthy,50.0,UG/M3,1 Hr,Valid
Embassy Kathmandu,PM2.5 - Principal,2018-06-15 02:00 PM,2018,6,15,14,55.3,150,Unhealthy for Sensitive Groups,55.0,UG/M3,1 Hr,Valid
Embassy Kathmandu,PM2.5 - Principal,2018-06-15 03:00 PM,2018,6,15,15,53.5,145,Unhealthy for Sensitive Groups,51.0,UG/M3,1 Hr,Valid
Embassy Kathmandu,PM2.5 - Principal,2018-06-15 04:00 PM,2018,6,15,16,53.3,145,Unhealthy for Sensitive Groups,53.0,UG/M3,1 Hr,Valid
Embassy Kathmandu,PM2.5 - Principal,2018-06-15 05:00 PM,2018,6,15,17,53.2,145,Unhealthy for Sensitive Groups,53.0,UG/M3,1 Hr,Valid
Embassy Kathmandu,PM2.5 - Principal,2018-06-15 06:00 PM,2018,6,15,18,55.0,149,Unhealthy for Sensitive Groups,58.0,UG/M3,1 Hr,Valid
Embassy Kathmandu,PM2.5 - Principal,2018-06-15 07:00 PM,2018,6,15,19,53.6,146,Unhealthy for Sensitive Groups,51.0,UG/M3,1 Hr,Valid
Embassy Kathmandu,PM2.5 - Principal,2018-06-15 08:00 PM,2018,6,15,20,52.4,143,Unhealthy for Sensitive Groups,50.0,UG/M3,1 Hr,Valid
Embassy Kathmandu,PM2.5 - Principal,2018-06-15 09:00 PM,2018,6,15,21,51.9,141,Unhealthy for Sensitive Groups,48.0,UG/M3,1 Hr,Valid
Embassy Kathmandu,PM2.5 - Principal,2018-06-15 10:00 PM,2018,6,15,22,49.9,136,Unhealthy for Sensitive Groups,45.0,UG/M3,1 Hr,Valid
Embassy Kathmandu,PM2.5 - Principal,2018-06-15 11:00 PM,2018,6,15,23,47.3,130,Unhealthy for Sensitive Groups,42.0,UG/M3,1 Hr,Valid
Embassy Kathmandu,PM2.5 - Principal,2018-06-16 12:00 AM,2018,6,16,0,41.4,116,Unhealthy for Sensitive Groups,35.0,UG/M3,1 Hr,Valid
Embassy Kathmandu,PM2.5 - Principal,2018-06-16 01:00 AM,2018,6,16,1,41.6,116,Unhealthy for Sensitive Groups,42.0,UG/M3,1 Hr,Valid
Embassy Kathmandu,PM2.5 - Principal,2018-06-16 02:00 AM,2018,6,16,2,41.3,115,Unhealthy for Sensitive Groups,41.0,UG/M3,1 Hr,Valid
Embassy Kathmandu,PM2.5 - Principal,2018-06-16 03:00 AM,2018,6,16,3,40.4,113,Unhealthy for Sensitive Groups,39.0,UG/M3,1 Hr,Valid
Embassy Kathmandu,PM2.5 - Principal,2018-06-16 04:00 AM,2018,6,16,4,39.8,112,Unhealthy for Sensitive Groups,39.0,UG/M3,1 Hr,Valid
Embassy Kathmandu,PM2.5 - Principal,2018-06-16 05:00 AM,2018,6,16,5,41.4,116,Unhealthy for Sensitive Groups,44.0,UG/M3,1 Hr,Valid
Embassy Kathmandu,PM2.5 - Principal,2018-06-16 06:00 AM,2018,6,16,6,42.8,119,Unhealthy for Sensitive Groups,46.0,UG/M3,1 Hr,Valid
Embassy Kathmandu,PM2.5 - Principal,2018-06-16 07:00 AM,2018,6,16,7,41.6,116,Unhealthy for Sensitive Groups,39.0,UG/M3,1 Hr,Valid
Embassy Kathmandu,PM2.5 - Principal,2018-06-16 08:00 AM,2018,6,16,8,39.3,110,Unhealthy for Sensitive Groups,34.0,UG/M3,1 Hr,Valid
Embassy Kathmandu,PM2.5 - Principal,2018-06-16 09:00 AM,2018,6,16,9,38.2,108,Unhealthy for Sensitive Groups,35.0,UG/M3,1 Hr,Valid
Embassy Kathmandu,PM2.5 - Principal,2018-06-16 10:00 AM,2018,6,16,10,37.0,105,Unhealthy for Sensitive Groups,34.0,UG/M3,1 Hr,Valid
Embassy Kathmandu,PM2.5 - Principal,2018-06-16 11:00 AM,2018,6,16,11,41.7,116,Unhealthy for Sensitive Groups,52.0,UG/M3,1 Hr,Valid
Embassy Kathmandu,PM2.5 - Principal,2018-06-16 12:00 PM,2018,6,16,12,50.2,137,Unhealthy for Sensitive Groups,60.0,UG/M3,1 Hr,Valid
Embassy Kathmandu,PM2.5 - Principal,2018-06-16 01:00 PM,2018,6,16,13,59.9,153,Unhealthy,68.0,UG/M3,1 Hr,Valid
Embassy Kathmandu,PM2.5 - Principal,2018-06-16 02:00 PM,2018,6,16,14,63.4,155,Unhealthy,67.0,UG/M3,1 Hr,Valid
Embassy Kathmandu,PM2.5 - Principal,2018-06-16 03:00 PM,2018,6,16,15,65.2,156,Unhealthy,67.0,UG/M3,1 Hr,Valid
Embassy Kathmandu,PM2.5 - Principal,2018-06-16 04:00 PM,2018,6,16,16,66.1,156,Unhealthy,67.0,UG/M3,1 Hr,Valid
Embassy Kathmandu,PM2.5 - Principal,2018-06-16 05:00 PM,2018,6,16,17,68.0,157,Unhealthy,70.0,UG/M3,1 Hr,Valid
Embassy Kathmandu,PM2.5 - Principal,2018-06-16 06:00 PM,2018,6,16,18,67.0,157,Unhealthy,66.0,UG/M3,1 Hr,Valid
Embassy Kathmandu,PM2.5 - Principal,2018-06-16 07:00 PM,2018,6,16,19,67.5,157,Unhealthy,68.0,UG/M3,1 Hr,Valid
Embassy Kathmandu,PM2.5 - Principal,2018-06-16 08:00 PM,2018,6,16,20,59.7,153,Unhealthy,52.0,UG/M3,1 Hr,Valid
Embassy Kathmandu,PM2.5 - Principal,2018-06-16 09:00 PM,2018,6,16,21,52.3,142,Unhealthy for Sensitive Groups,45.0,UG/M3,1 Hr,Valid
Embassy Kathmandu,PM2.5 - Principal,2018-06-16 10:00 PM,2018,6,16,22,45.4,125,Unhealthy for Sensitive Groups,37.0,UG/M3,1 Hr,Valid
Embassy Kathmandu,PM2.5 - Principal,2018-06-16 11:00 PM,2018,6,16,23,36.8,104,Unhealthy for Sensitive Groups,29.0,UG/M3,1 Hr,Valid
Embassy Kathmandu,PM2.5 - Principal,2018-06-17 12:00 AM,2018,6,17,0,34.4,98,Moderate,32.0,UG/M3,1 Hr,Valid
Embassy Kathmandu,PM2.5 - Principal,2018-06-17 01:00 AM,2018,6,17,1,32.2,93,Moderate,30.0,UG/M3,1 Hr,Valid
Embassy Kathmandu,PM2.5 - Principal,2018-06-17 02:00 AM,2018,6,17,2,29.0,87,Moderate,26.0,UG/M3,1 Hr,Valid
Embassy Kathmandu,PM2.5 - Principal,2018-06-17 03:00 AM,2018,6,17,3,27.5,83,Moderate,26.0,UG/M3,1 Hr,Valid
Embassy Kathmandu,PM2.5 - Principal,2018-06-17 04:00 AM,2018,6,17,4,27.7,84,Moderate,28.0,UG/M3,1 Hr,Valid
Embassy Kathmandu,PM2.5 - Principal,2018-06-17 05:00 AM,2018,6,17,5,31.8,92,Moderate,36.0,UG/M3,1 Hr,Valid
Embassy Kathmandu,PM2.5 - Principal,2018-06-17 06:00 AM,2018,6,17,6,32.4,94,Moderate,33.0,UG/M3,1 Hr,Valid
Embassy Kathmandu,PM2.5 - Principal,2018-06-17 07:00 AM,2018,6,17,7,38.7,109,Unhealthy for Sensitive Groups,45.0,UG/M3,1 Hr,Valid
Embassy Kathmandu,PM2.5 - Principal,2018-06-17 08:00 AM,2018,6,17,8,39.4,111,Unhealthy for Sensitive Groups,42.0,UG/M3,1 Hr,Valid
Embassy Kathmandu,PM2.5 - Principal,2018-06-17 09:00 AM,2018,6,17,9,44.2,122,Unhealthy for Sensitive Groups,49.0,UG/M3,1 Hr,Valid
Embassy Kathmandu,PM2.5 - Principal,2018-06-17 10:00 AM,2018,6,17,10,47.7,131,Unhealthy for Sensitive Groups,51.0,UG/M3,1 Hr,Valid
Embassy Kathmandu,PM2.5 - Principal,2018-06-17 11:00 AM,2018,6,17,11,56.4,151,Unhealthy,65.0,UG/M3,1 Hr,Valid
Embassy Kathmandu,PM2.5 - Principal,2018-06-17 12:00 PM,2018,6,17,12,65.2,156,Unhealthy,74.0,UG/M3,1 Hr,Valid
Embassy Kathmandu,PM2.5 - Principal,2018-06-17 01:00 PM,2018,6,17,13,69.1,158,Unhealthy,73.0,UG/M3,1 Hr,Valid
Embassy Kathmandu,PM2.5 - Principal,2018-06-17 02:00 PM,2018,6,17,14,72.5,160,Unhealthy,76.0,UG/M3,1 Hr,Valid
Embassy Kathmandu,PM2.5 - Principal,2018-06-17 03:00 PM,2018,6,17,15,73.2,160,Unhealthy,74.0,UG/M3,1 Hr,Valid
Embassy Kathmandu,PM2.5 - Principal,2018-06-17 04:00 PM,2018,6,17,16,75.1,161,Unhealthy,77.0,UG/M3,1 Hr,Valid
Embassy Kathmandu,PM2.5 - Principal,2018-06-17 05:00 PM,2018,6,17,17,75.0,161,Unhealthy,75.0,UG/M3,1 Hr,Valid
Embassy Kathmandu,PM2.5 - Principal,2018-06-17 06:00 PM,2018,6,17,18,75.8,161,Unhealthy,77.0,UG/M3,1 Hr,Valid
Embassy Kathmandu,PM2.5 - Principal,2018-06-17 07:00 PM,2018,6,17,19,70.4,159,Unhealthy,64.0,UG/M3,1 Hr,Valid
Embassy Kathmandu,PM2.5 - Principal,2018-06-17 08:00 PM,2018,6,17,20,58.4,152,Unhealthy,43.0,UG/M3,1 Hr,Valid
Embassy Kathmandu,PM2.5 - Principal,2018-06-17 09:00 PM,2018,6,17,21,52.0,142,Unhealthy for Sensitive Groups,44.0,UG/M3,1 Hr,Valid
Embassy Kathmandu,PM2.5 - Principal,2018-06-17 10:00 PM,2018,6,17,22,45.6,126,Unhealthy for Sensitive Groups,40.0,UG/M3,1 Hr,Valid
Embassy Kathmandu,PM2.5 - Principal,2018-06-17 11:00 PM,2018,6,17,23,42.9,119,Unhealthy for Sensitive Groups,40.0,UG/M3,1 Hr,Valid
Embassy Kathmandu,PM2.5 - Principal,2018-06-18 12:00 AM,2018,6,18,0,41.5,116,Unhealthy for Sensitive Groups,40.0,UG/M3,1 Hr,Valid
Embassy Kathmandu,PM2.5 - Principal,2018-06-18 01:00 AM,2018,6,18,1,41.2,115,Unhealthy for Sensitive Groups,41.0,UG/M3,1 Hr,Valid
Embassy Kathmandu,PM2.5 - Principal,2018-06-18 02:00 AM,2018,6,18,2,40.6,114,Unhealthy for Sensitive Groups,40.0,UG/M3,1 Hr,Valid
Embassy Kathmandu,PM2.5 - Principal,2018-06-18 03:00 AM,2018,6,18,3,43.2,120,Unhealthy for Sensitive Groups,46.0,UG/M3,1 Hr,Valid
Embassy Kathmandu,PM2.5 - Principal,2018-06-18 04:00 AM,2018,6,18,4,43.5,121,Unhealthy for Sensitive Groups,44.0,UG/M3,1 Hr,Valid
Embassy Kathmandu,PM2.5 - Principal,2018-06-18 05:00 AM,2018,6,18,5,38.8,109,Unhealthy for Sensitive Groups,34.0,UG/M3,1 Hr,Valid
Embassy Kathmandu,PM2.5 - Principal,2018-06-18 06:00 AM,2018,6,18,6,39.0,110,Unhealthy for Sensitive Groups,39.0,UG/M3,1 Hr,Valid
Embassy Kathmandu,PM2.5 - Principal,2018-06-18 07:00 AM,2018,6,18,7,43.0,119,Unhealthy for Sensitive Groups,50.0,UG/M3,1 Hr,Valid
Embassy Kathmandu,PM2.5 - Principal,2018-06-18 08:00 AM,2018,6,18,8,47.8,131,Unhealthy for Sensitive Groups,55.0,UG/M3,1 Hr,Valid
Embassy Kathmandu,PM2.5 - Principal,2018-06-18 09:00 AM,2018,6,18,9,52.9,144,Unhealthy for Sensitive Groups,59.0,UG/M3,1 Hr,Valid
Embassy Kathmandu,PM2.5 - Principal,2018-06-18 10:00 AM,2018,6,18,10,61.6,154,Unhealthy,69.0,UG/M3,1 Hr,Valid
Embassy Kathmandu,PM2.5 - Principal,2018-06-18 11:00 AM,2018,6,18,11,62.8,155,Unhealthy,64.0,UG/M3,1 Hr,Valid
Embassy Kathmandu,PM2.5 - Principal,2018-06-18 12:00 PM,2018,6,18,12,60.9,154,Unhealthy,59.0,UG/M3,1 Hr,Valid
Embassy Kathmandu,PM2.5 - Principal,2018-06-18 01:00 PM,2018,6,18,13,59.4,153,Unhealthy,58.0,UG/M3,1 Hr,Valid
Embassy Kathmandu,PM2.5 - Principal,2018-06-18 02:00 PM,2018,6,18,14,58.2,152,Unhealthy,57.0,UG/M3,1 Hr,Valid
Embassy Kathmandu,PM2.5 - Principal,2018-06-18 03:00 PM,2018,6,18,15,55.6,151,Unhealthy,53.0,UG/M3,1 Hr,Valid
Embassy Kathmandu,PM2.5 - Principal,2018-06-18 04:00 PM,2018,6,18,16,56.3,151,Unhealthy,57.0,UG/M3,1 Hr,Valid
Embassy Kathmandu,PM2.5 - Principal,2018-06-18 05:00 PM,2018,6,18,17,54.9,149,Unhealthy for Sensitive Groups,53.0,UG/M3,1 Hr,Valid
Embassy Kathmandu,PM2.5 - Principal,2018-06-18 06:00 PM,2018,6,18,18,56.0,151,Unhealthy,56.0,UG/M3,1 Hr,Valid
Embassy Kathmandu,PM2.5 - Principal,2018-06-18 07:00 PM,2018,6,18,19,56.5,152,Unhealthy,57.0,UG/M3,1 Hr,Valid
Embassy Kathmandu,PM2.5 - Principal,2018-06-18 08:00 PM,2018,6,18,20,56.1,151,Unhealthy,55.0,UG/M3,1 Hr,Valid
Embassy Kathmandu,PM2.5 - Principal,2018-06-18 09:00 PM,2018,6,18,21,56.8,152,Unhealthy,59.0,UG/M3,1 Hr,Valid
Embassy Kathmandu,PM2.5 - Principal,2018-06-18 10:00 PM,2018,6,18,22,55.9,151,Unhealthy,53.0,UG/M3,1 Hr,Valid
Embassy Kathmandu,PM2.5 - Principal,2018-06-18 11:00 PM,2018,6,18,23,54.1,147,Unhealthy for Sensitive Groups,48.0,UG/M3,1 Hr,Valid
Embassy Kathmandu,PM2.5 - Principal,2018-06-19 12:00 AM,2018,6,19,0,53.6,146,Unhealthy for Sensitive Groups,52.0,UG/M3,1 Hr,Valid
Embassy Kathmandu,PM2.5 - Principal,2018-06-19 01:00 AM,2018,6,19,1,51.6,141,Unhealthy for Sensitive Groups,46.0,UG/M3,1 Hr,Valid
Embassy Kathmandu,PM2.5 - Principal,2018-06-19 02:00 AM,2018,6,19,2,50.2,137,Unhealthy for Sensitive Groups,46.0,UG/M3,1 Hr,Valid
Embassy Kathmandu,PM2.5 - Principal,2018-06-19 03:00 AM,2018,6,19,3,47.7,131,Unhealthy for Sensitive Groups,43.0,UG/M3,1 Hr,Valid
Embassy Kathmandu,PM2.5 - Principal,2018-06-19 04:00 AM,2018,6,19,4,45.3,125,Unhealthy for Sensitive Groups,41.0,UG/M3,1 Hr,Valid
Embassy Kathmandu,PM2.5 - Principal,2018-06-19 05:00 AM,2018,6,19,5,44.5,123,Unhealthy for Sensitive Groups,43.0,UG/M3,1 Hr,Valid
Embassy Kathmandu,PM2.5 - Principal,2018-06-19 06:00 AM,2018,6,19,6,45.2,125,Unhealthy for Sensitive Groups,47.0,UG/M3,1 Hr,Valid
Embassy Kathmandu,PM2.5 - Principal,2018-06-19 07:00 AM,2018,6,19,7,48.5,133,Unhealthy for Sensitive Groups,56.0,UG/M3,1 Hr,Valid
Embassy Kathmandu,PM2.5 - Principal,2018-06-19 08:00 AM,2018,6,19,8,62.0,154,Unhealthy,76.0,UG/M3,1 Hr,Valid
Embassy Kathmandu,PM2.5 - Principal,2018-06-19 09:00 AM,2018,6,19,9,64.7,156,Unhealthy,68.0,UG/M3,1 Hr,Valid
Embassy Kathmandu,PM2.5 - Principal,2018-06-19 10:00 AM,2018,6,19,10,57.5,152,Unhealthy,49.0,UG/M3,1 Hr,Valid
Embassy Kathmandu,PM2.5 - Principal,2018-06-19 11:00 AM,2018,6,19,11,52.6,143,Unhealthy for Sensitive Groups,47.0,UG/M3,1 Hr,Valid
Embassy Kathmandu,PM2.5 - Principal,2018-06-19 12:00 PM,2018,6,19,12,49.5,135,Unhealthy for Sensitive Groups,46.0,UG/M3,1 Hr,Valid
Embassy Kathmandu,PM2.5 - Principal,2018-06-19 01:00 PM,2018,6,19,13,41.5,116,Unhealthy for Sensitive Groups,34.0,UG/M3,1 Hr,Valid
Embassy Kathmandu,PM2.5 - Principal,2018-06-19 02:00 PM,2018,6,19,14,43.2,120,Unhealthy for Sensitive Groups,45.0,UG/M3,1 Hr,Valid
Embassy Kathmandu,PM2.5 - Principal,2018-06-19 03:00 PM,2018,6,19,15,43.1,120,Unhealthy for Sensitive Groups,43.0,UG/M3,1 Hr,Valid
Embassy Kathmandu,PM2.5 - Principal,2018-06-19 04:00 PM,2018,6,19,16,42.5,118,Unhealthy for Sensitive Groups,42.0,UG/M3,1 Hr,Valid
Embassy Kathmandu,PM2.5 - Principal,2018-06-19 05:00 PM,2018,6,19,17,41.7,116,Unhealthy for Sensitive Groups,41.0,UG/M3,1 Hr,Valid
Embassy Kathmandu,PM2.5 - Principal,2018-06-19 06:00 PM,2018,6,19,18,41.8,117,Unhealthy for Sensitive Groups,42.0,UG/M3,1 Hr,Valid
Embassy Kathmandu,PM2.5 - Principal,2018-06-19 07:00 PM,2018,6,19,19,43.4,120,Unhealthy for Sensitive Groups,45.0,UG/M3,1 Hr,Valid
Embassy Kathmandu,PM2.5 - Principal,2018-06-19 08:00 PM,2018,6,19,20,44.7,124,Unhealthy for Sensitive Groups,46.0,UG/M3,1 Hr,Valid
Embassy Kathmandu,PM2.5 - Principal,2018-06-19 09:00 PM,2018,6,19,21,44.2,122,Unhealthy for Sensitive Groups,45.0,UG/M3,1 Hr,Valid
Embassy Kathmandu,PM2.5 - Principal,2018-06-19 10:00 PM,2018,6,19,22,44.3,123,Unhealthy for Sensitive Groups,45.0,UG/M3,1 Hr,Valid
Embassy Kathmandu,PM2.5 - Principal,2018-06-19 11:00 PM,2018,6,19,23,47.6,131,Unhealthy for Sensitive Groups,53.0,UG/M3,1 Hr,Valid
Embassy Kathmandu,PM2.5 - Principal,2018-06-20 12:00 AM,2018,6,20,0,45.6,126,Unhealthy for Sensitive Groups,42.0,UG/M3,1 Hr,Valid
Embassy Kathmandu,PM2.5 - Principal,2018-06-20 01:00 AM,2018,6,20,1,45.3,125,Unhealthy for Sensitive Groups,45.0,UG/M3,1 Hr,Valid
Embassy Kathmandu,PM2.5 - Principal,2018-06-20 02:00 AM,2018,6,20,2,38.6,109,Unhealthy for Sensitive Groups,30.0,UG/M3,1 Hr,Valid
Embassy Kathmandu,PM2.5 - Principal,2018-06-20 03:00 AM,2018,6,20,3,36.6,104,Unhealthy for Sensitive Groups,34.0,UG/M3,1 Hr,Valid
Embassy Kathmandu,PM2.5 - Principal,2018-06-20 04:00 AM,2018,6,20,4,35.0,99,Moderate,33.0,UG/M3,1 Hr,Valid
Embassy Kathmandu,PM2.5 - Principal,2018-06-20 05:00 AM,2018,6,20,5,36.3,103,Unhealthy for Sensitive Groups,38.0,UG/M3,1 Hr,Valid
Embassy Kathmandu,PM2.5 - Principal,2018-06-20 06:00 AM,2018,6,20,6,38.3,108,Unhealthy for Sensitive Groups,41.0,UG/M3,1 Hr,Valid
Embassy Kathmandu,PM2.5 - Principal,2018-06-20 07:00 AM,2018,6,20,7,43.8,121,Unhealthy for Sensitive Groups,51.0,UG/M3,1 Hr,Valid
Embassy Kathmandu,PM2.5 - Principal,2018-06-20 08:00 AM,2018,6,20,8,53.9,146,Unhealthy for Sensitive Groups,63.0,UG/M3,1 Hr,Valid
Embassy Kathmandu,PM2.5 - Principal,2018-06-20 09:00 AM,2018,6,20,9,53.4,145,Unhealthy for Sensitive Groups,53.0,UG/M3,1 Hr,Valid
Embassy Kathmandu,PM2.5 - Principal,2018-06-20 10:00 AM,2018,6,20,10,50.2,137,Unhealthy for Sensitive Groups,47.0,UG/M3,1 Hr,Valid
Embassy Kathmandu,PM2.5 - Principal,2018-06-20 11:00 AM,2018,6,20,11,45.6,126,Unhealthy for Sensitive Groups,41.0,UG/M3,1 Hr,Valid
Embassy Kathmandu,PM2.5 - Principal,2018-06-20 12:00 PM,2018,6,20,12,46.8,129,Unhealthy for Sensitive Groups,48.0,UG/M3,1 Hr,Valid
Embassy Kathmandu,PM2.5 - Principal,2018-06-20 01:00 PM,2018,6,20,13,47.4,130,Unhealthy for Sensitive Groups,48.0,UG/M3,1 Hr,Valid
Embassy Kathmandu,PM2.5 - Principal,2018-06-20 02:00 PM,2018,6,20,14,48.1,132,Unhealthy for Sensitive Groups,49.0,UG/M3,1 Hr,Valid
Embassy Kathmandu,PM2.5 - Principal,2018-06-20 03:00 PM,2018,6,20,15,44.7,124,Unhealthy for Sensitive Groups,41.0,UG/M3,1 Hr,Valid
Embassy Kathmandu,PM2.5 - Principal,2018-06-20 04:00 PM,2018,6,20,16,43.9,122,Unhealthy for Sensitive Groups,42.0,UG/M3,1 Hr,Valid
Embassy Kathmandu,PM2.5 - Principal,2018-06-20 05:00 PM,2018,6,20,17,41.6,116,Unhealthy for Sensitive Groups,38.0,UG/M3,1 Hr,Valid
Embassy Kathmandu,PM2.5 - Principal,2018-06-20 06:00 PM,2018,6,20,18,40.5,113,Unhealthy for Sensitive Groups,39.0,UG/M3,1 Hr,Valid
Embassy Kathmandu,PM2.5 - Principal,2018-06-20 07:00 PM,2018,6,20,19,39.5,111,Unhealthy for Sensitive Groups,38.0,UG/M3,1 Hr,Valid
Embassy Kathmandu,PM2.5 - Principal,2018-06-20 08:00 PM,2018,6,20,20,41.7,116,Unhealthy for Sensitive Groups,45.0,UG/M3,1 Hr,Valid
Embassy Kathmandu,PM2.5 - Principal,2018-06-20 09:00 PM,2018,6,20,21,44.2,122,Unhealthy for Sensitive Groups,51.0,UG/M3,1 Hr,Valid
Embassy Kathmandu,PM2.5 - Principal,2018-06-20 10:00 PM,2018,6,20,22,43.6,121,Unhealthy for Sensitive Groups,42.0,UG/M3,1 Hr,Valid
Embassy Kathmandu,PM2.5 - Principal,2018-06-20 11:00 PM,2018,6,20,23,42.4,118,Unhealthy for Sensitive Groups,39.0,UG/M3,1 Hr,Valid
Embassy Kathmandu,PM2.5 - Principal,2018-06-21 12:00 AM,2018,6,21,0,41.4,116,Unhealthy for Sensitive Groups,39.0,UG/M3,1 Hr,Valid
Embassy Kathmandu,PM2.5 - Principal,2018-06-21 01:00 AM,2018,6,21,1,40.1,112,Unhealthy for Sensitive Groups,37.0,UG/M3,1 Hr,Valid
Embassy Kathmandu,PM2.5 - Principal,2018-06-21 02:00 AM,2018,6,21,2,36.0,102,Unhealthy for Sensitive Groups,31.0,UG/M3,1 Hr,Valid
Embassy Kathmandu,PM2.5 - Principal,2018-06-21 03:00 AM,2018,6,21,3,37.2,105,Unhealthy for Sensitive Groups,39.0,UG/M3,1 Hr,Valid
Embassy Kathmandu,PM2.5 - Principal,2018-06-21 04:00 AM,2018,6,21,4,32.2,93,Moderate,27.0,UG/M3,1 Hr,Valid
Embassy Kathmandu,PM2.5 - Principal,2018-06-21 05:00 AM,2018,6,21,5,34.0,97,Moderate,36.0,UG/M3,1 Hr,Valid
Embassy Kathmandu,PM2.5 - Principal,2018-06-21 06:00 AM,2018,6,21,6,32.5,94,Moderate,31.0,UG/M3,1 Hr,Valid
Embassy Kathmandu,PM2.5 - Principal,2018-06-21 07:00 AM,2018,6,21,7,30.9,91,Moderate,29.0,UG/M3,1 Hr,Valid
Embassy Kathmandu,PM2.5 - Principal,2018-06-21 08:00 AM,2018,6,21,8,30.4,89,Moderate,30.0,UG/M3,1 Hr,Valid
Embassy Kathmandu,PM2.5 - Principal,2018-06-21 09:00 AM,2018,6,21,9,32.4,94,Moderate,35.0,UG/M3,1 Hr,Valid
Embassy Kathmandu,PM2.5 - Principal,2018-06-21 10:00 AM,2018,6,21,10,34.1,97,Moderate,38.0,UG/M3,1 Hr,Valid
Embassy Kathmandu,PM2.5 - Principal,2018-06-21 11:00 AM,2018,6,21,11,36.6,104,Unhealthy for Sensitive Groups,41.0,UG/M3,1 Hr,Valid
Embassy Kathmandu,PM2.5 - Principal,2018-06-21 12:00 PM,2018,6,21,12,33.9,97,Moderate,29.0,UG/M3,1 Hr,Valid
Embassy Kathmandu,PM2.5 - Principal,2018-06-21 01:00 PM,2018,6,21,13,34.3,98,Moderate,35.0,UG/M3,1 Hr,Valid
Embassy Kathmandu,PM2.5 - Principal,2018-06-21 02:00 PM,2018,6,21,14,34.9,99,Moderate,36.0,UG/M3,1 Hr,Valid
Embassy Kathmandu,PM2.5 - Principal,2018-06-21 03:00 PM,2018,6,21,15,34.5,98,Moderate,34.0,UG/M3,1 Hr,Valid
Embassy Kathmandu,PM2.5 - Principal,2018-06-21 04:00 PM,2018,6,21,16,33.8,97,Moderate,32.0,UG/M3,1 Hr,Valid
Embassy Kathmandu,PM2.5 - Principal,2018-06-21 05:00 PM,2018,6,21,17,34.7,99,Moderate,37.0,UG/M3,1 Hr,Valid
Embassy Kathmandu,PM2.5 - Principal,2018-06-21 06:00 PM,2018,6,21,18,35.7,101,Unhealthy for Sensitive Groups,38.0,UG/M3,1 Hr,Valid
Embassy Kathmandu,PM2.5 - Principal,2018-06-21 07:00 PM,2018,6,21,19,35.8,102,Unhealthy for Sensitive Groups,36.0,UG/M3,1 Hr,Valid
Embassy Kathmandu,PM2.5 - Principal,2018-06-21 08:00 PM,2018,6,21,20,38.7,109,Unhealthy for Sensitive Groups,44.0,UG/M3,1 Hr,Valid
Embassy Kathmandu,PM2.5 - Principal,2018-06-21 09:00 PM,2018,6,21,21,38.1,107,Unhealthy for Sensitive Groups,37.0,UG/M3,1 Hr,Valid
Embassy Kathmandu,PM2.5 - Principal,2018-06-21 10:00 PM,2018,6,21,22,38.4,108,Unhealthy for Sensitive Groups,39.0,UG/M3,1 Hr,Valid
Embassy Kathmandu,PM2.5 - Principal,2018-06-21 11:00 PM,2018,6,21,23,40.8,114,Unhealthy for Sensitive Groups,45.0,UG/M3,1 Hr,Valid
Embassy Kathmandu,PM2.5 - Principal,2018-06-22 12:00 AM,2018,6,22,0,38.4,108,Unhealthy for Sensitive Groups,34.0,UG/M3,1 Hr,Valid
Embassy Kathmandu,PM2.5 - Principal,2018-06-22 01:00 AM,2018,6,22,1,38.6,109,Unhealthy for Sensitive Groups,39.0,UG/M3,1 Hr,Valid
Embassy Kathmandu,PM2.5 - Principal,2018-06-22 02:00 AM,2018,6,22,2,36.9,104,Unhealthy for Sensitive Groups,33.0,UG/M3,1 Hr,Valid
Embassy Kathmandu,PM2.5 - Principal,2018-06-22 03:00 AM,2018,6,22,3,36.4,103,Unhealthy for Sensitive Groups,35.0,UG/M3,1 Hr,Valid
Embassy Kathmandu,PM2.5 - Principal,2018-06-22 04:00 AM,2018,6,22,4,36.4,103,Unhealthy for Sensitive Groups,36.0,UG/M3,1 Hr,Valid
Embassy Kathmandu,PM2.5 - Principal,2018-06-22 05:00 AM,2018,6,22,5,34.5,98,Moderate,31.0,UG/M3,1 Hr,Valid
Embassy Kathmandu,PM2.5 - Principal,2018-06-22 06:00 AM,2018,6,22,6,35.6,101,Unhealthy for Sensitive Groups,38.0,UG/M3,1 Hr,Valid
Embassy Kathmandu,PM2.5 - Principal,2018-06-22 07:00 AM,2018,6,22,7,37.6,106,Unhealthy for Sensitive Groups,42.0,UG/M3,1 Hr,Valid
Embassy Kathmandu,PM2.5 - Principal,2018-06-22 08:00 AM,2018,6,22,8,43.1,120,Unhealthy for Sensitive Groups,51.0,UG/M3,1 Hr,Valid
Embassy Kathmandu,PM2.5 - Principal,2018-06-22 09:00 AM,2018,6,22,9,46.2,127,Unhealthy for Sensitive Groups,51.0,UG/M3,1 Hr,Valid
Embassy Kathmandu,PM2.5 - Principal,2018-06-22 10:00 AM,2018,6,22,10,48.1,132,Unhealthy for Sensitive Groups,51.0,UG/M3,1 Hr,Valid
Embassy Kathmandu,PM2.5 - Principal,2018-06-22 11:00 AM,2018,6,22,11,48.0,132,Unhealthy for Sensitive Groups,48.0,UG/M3,1 Hr,Valid
Embassy Kathmandu,PM2.5 - Principal,2018-06-22 12:00 PM,2018,6,22,12,44.5,123,Unhealthy for Sensitive Groups,39.0,UG/M3,1 Hr,Valid
Embassy Kathmandu,PM2.5 - Principal,2018-06-22 01:00 PM,2018,6,22,13,42.3,118,Unhealthy for Sensitive Groups,39.0,UG/M3,1 Hr,Valid
Embassy Kathmandu,PM2.5 - Principal,2018-06-22 02:00 PM,2018,6,22,14,41.4,116,Unhealthy for Sensitive Groups,40.0,UG/M3,1 Hr,Valid
Embassy Kathmandu,PM2.5 - Principal,2018-06-22 03:00 PM,2018,6,22,15,41.2,115,Unhealthy for Sensitive Groups,41.0,UG/M3,1 Hr,Valid
Embassy Kathmandu,PM2.5 - Principal,2018-06-22 04:00 PM,2018,6,22,16,39.9,112,Unhealthy for Sensitive Groups,38.0,UG/M3,1 Hr,Valid
Embassy Kathmandu,PM2.5 - Principal,2018-06-22 05:00 PM,2018,6,22,17,40.3,113,Unhealthy for Sensitive Groups,38.0,UG/M3,1 Hr,Valid
Embassy Kathmandu,PM2.5 - Principal,2018-06-22 06:00 PM,2018,6,22,18,41.8,117,Unhealthy for Sensitive Groups,46.0,UG/M3,1 Hr,Valid
Embassy Kathmandu,PM2.5 - Principal,2018-06-22 07:00 PM,2018,6,22,19,41.8,117,Unhealthy for Sensitive Groups,42.0,UG/M3,1 Hr,Valid
Embassy Kathmandu,PM2.5 - Principal,2018-06-22 08:00 PM,2018,6,22,20,41.0,115,Unhealthy for Sensitive Groups,39.0,UG/M3,1 Hr,Valid
Embassy Kathmandu,PM2.5 - Principal,2018-06-22 09:00 PM,2018,6,22,21,41.4,116,Unhealthy for Sensitive Groups,43.0,UG/M3,1 Hr,Valid
Embassy Kathmandu,PM2.5 - Principal,2018-06-22 10:00 PM,2018,6,22,22,42.5,118,Unhealthy for Sensitive Groups,47.0,UG/M3,1 Hr,Valid
Embassy Kathmandu,PM2.5 - Principal,2018-06-22 11:00 PM,2018,6,22,23,43.6,121,Unhealthy for Sensitive Groups,48.0,UG/M3,1 Hr,Valid
Embassy Kathmandu,PM2.5 - Principal,2018-06-23 12:00 AM,2018,6,23,0,43.1,120,Unhealthy for Sensitive Groups,41.0,UG/M3,1 Hr,Valid
Embassy Kathmandu,PM2.5 - Principal,2018-06-23 01:00 AM,2018,6,23,1,42.9,119,Unhealthy for Sensitive Groups,42.0,UG/M3,1 Hr,Valid
Embassy Kathmandu,PM2.5 - Principal,2018-06-23 02:00 AM,2018,6,23,2,41.9,117,Unhealthy for Sensitive Groups,38.0,UG/M3,1 Hr,Valid
Embassy Kathmandu,PM2.5 - Principal,2018-06-23 03:00 AM,2018,6,23,3,39.8,112,Unhealthy for Sensitive Groups,35.0,UG/M3,1 Hr,Valid
Embassy Kathmandu,PM2.5 - Principal,2018-06-23 04:00 AM,2018,6,23,4,39.8,112,Unhealthy for Sensitive Groups,40.0,UG/M3,1 Hr,Valid
Embassy Kathmandu,PM2.5 - Principal,2018-06-23 05:00 AM,2018,6,23,5,39.6,111,Unhealthy for Sensitive Groups,39.0,UG/M3,1 Hr,Valid
Embassy Kathmandu,PM2.5 - Principal,2018-06-23 06:00 AM,2018,6,23,6,38.6,109,Unhealthy for Sensitive Groups,36.0,UG/M3,1 Hr,Valid
Embassy Kathmandu,PM2.5 - Principal,2018-06-23 07:00 AM,2018,6,23,7,40.6,114,Unhealthy for Sensitive Groups,46.0,UG/M3,1 Hr,Valid
Embassy Kathmandu,PM2.5 - Principal,2018-06-23 08:00 AM,2018,6,23,8,41.2,115,Unhealthy for Sensitive Groups,43.0,UG/M3,1 Hr,Valid
Embassy Kathmandu,PM2.5 - Principal,2018-06-23 09:00 AM,2018,6,23,9,44.9,124,Unhealthy for Sensitive Groups,52.0,UG/M3,1 Hr,Valid
Embassy Kathmandu,PM2.5 - Principal,2018-06-23 10:00 AM,2018,6,23,10,53.8,146,Unhealthy for Sensitive Groups,63.0,UG/M3,1 Hr,Valid
Embassy Kathmandu,PM2.5 - Principal,2018-06-23 11:00 AM,2018,6,23,11,49.4,135,Unhealthy for Sensitive Groups,44.0,UG/M3,1 Hr,Valid
Embassy Kathmandu,PM2.5 - Principal,2018-06-23 12:00 PM,2018,6,23,12,49.2,135,Unhealthy for Sensitive Groups,49.0,UG/M3,1 Hr,Valid
Embassy Kathmandu,PM2.5 - Principal,2018-06-23 01:00 PM,2018,6,23,13,45.5,126,Unhealthy for Sensitive Groups,41.0,UG/M3,1 Hr,Valid
Embassy Kathmandu,PM2.5 - Principal,2018-06-23 02:00 PM,2018,6,23,14,42.2,117,Unhealthy for Sensitive Groups,38.0,UG/M3,1 Hr,Valid
Embassy Kathmandu,PM2.5 - Principal,2018-06-23 03:00 PM,2018,6,23,15,45.2,125,Unhealthy for Sensitive Groups,49.0,UG/M3,1 Hr,Valid
Embassy Kathmandu,PM2.5 - Principal,2018-06-23 04:00 PM,2018,6,23,16,41.2,115,Unhealthy for Sensitive Groups,36.0,UG/M3,1 Hr,Valid
Embassy Kathmandu,PM2.5 - Principal,2018-06-23 05:00 PM,2018,6,23,17,37.1,105,Unhealthy for Sensitive Groups,33.0,UG/M3,1 Hr,Valid
Embassy Kathmandu,PM2.5 - Principal,2018-06-23 06:00 PM,2018,6,23,18,35.6,101,Unhealthy for Sensitive Groups,34.0,UG/M3,1 Hr,Valid
Embassy Kathmandu,PM2.5 - Principal,2018-06-23 07:00 PM,2018,6,23,19,35.3,100,Moderate,35.0,UG/M3,1 Hr,Valid
Embassy Kathmandu,PM2.5 - Principal,2018-06-23 08:00 PM,2018,6,23,20,34.6,98,Moderate,34.0,UG/M3,1 Hr,Valid
Embassy Kathmandu,PM2.5 - Principal,2018-06-23 09:00 PM,2018,6,23,21,36.7,104,Unhealthy for Sensitive Groups,39.0,UG/M3,1 Hr,Valid
Embassy Kathmandu,PM2.5 - Principal,2018-06-23 10:00 PM,2018,6,23,22,35.7,101,Unhealthy for Sensitive Groups,34.0,UG/M3,1 Hr,Valid
Embassy Kathmandu,PM2.5 - Principal,2018-06-23 11:00 PM,2018,6,23,23,35.5,101,Unhealthy for Sensitive Groups,35.0,UG/M3,1 Hr,Valid
Embassy Kathmandu,PM2.5 - Principal,2018-06-24 12:00 AM,2018,6,24,0,35.6,101,Unhealthy for Sensitive Groups,36.0,UG/M3,1 Hr,Valid
Embassy Kathmandu,PM2.5 - Principal,2018-06-24 01:00 AM,2018,6,24,1,34.3,98,Moderate,32.0,UG/M3,1 Hr,Valid
Embassy Kathmandu,PM2.5 - Principal,2018-06-24 02:00 AM,2018,6,24,2,33.0,95,Moderate,31.0,UG/M3,1 Hr,Valid
Embassy Kathmandu,PM2.5 - Principal,2018-06-24 03:00 AM,2018,6,24,3,33.1,95,Moderate,31.0,UG/M3,1 Hr,Valid
Embassy Kathmandu,PM2.5 - Principal,2018-06-24 04:00 AM,2018,6,24,4,33.3,96,Moderate,34.0,UG/M3,1 Hr,Valid
Embassy Kathmandu,PM2.5 - Principal,2018-06-24 05:00 AM,2018,6,24,5,33.2,95,Moderate,33.0,UG/M3,1 Hr,Valid
Embassy Kathmandu,PM2.5 - Principal,2018-06-24 06:00 AM,2018,6,24,6,32.9,95,Moderate,32.0,UG/M3,1 Hr,Valid
Embassy Kathmandu,PM2.5 - Principal,2018-06-24 07:00 AM,2018,6,24,7,34.5,98,Moderate,40.0,UG/M3,1 Hr,Valid
Embassy Kathmandu,PM2.5 - Principal,2018-06-24 08:00 AM,2018,6,24,8,40.9,114,Unhealthy for Sensitive Groups,50.0,UG/M3,1 Hr,Valid
Embassy Kathmandu,PM2.5 - Principal,2018-06-24 09:00 AM,2018,6,24,9,44.4,123,Unhealthy for Sensitive Groups,50.0,UG/M3,1 Hr,Valid
Embassy Kathmandu,PM2.5 - Principal,2018-06-24 10:00 AM,2018,6,24,10,45.0,124,Unhealthy for Sensitive Groups,46.0,UG/M3,1 Hr,Valid
Embassy Kathmandu,PM2.5 - Principal,2018-06-24 11:00 AM,2018,6,24,11,46.1,127,Unhealthy for Sensitive Groups,48.0,UG/M3,1 Hr,Valid
Embassy Kathmandu,PM2.5 - Principal,2018-06-24 12:00 PM,2018,6,24,12,46.1,127,Unhealthy for Sensitive Groups,46.0,UG/M3,1 Hr,Valid
Embassy Kathmandu,PM2.5 - Principal,2018-06-24 01:00 PM,2018,6,24,13,41.8,117,Unhealthy for Sensitive Groups,35.0,UG/M3,1 Hr,Valid
Embassy Kathmandu,PM2.5 - Principal,2018-06-24 02:00 PM,2018,6,24,14,34.6,98,Moderate,27.0,UG/M3,1 Hr,Valid
Embassy Kathmandu,PM2.5 - Principal,2018-06-24 03:00 PM,2018,6,24,15,35.7,101,Unhealthy for Sensitive Groups,37.0,UG/M3,1 Hr,Valid
Embassy Kathmandu,PM2.5 - Principal,2018-06-24 04:00 PM,2018,6,24,16,35.4,100,Moderate,35.0,UG/M3,1 Hr,Valid
Embassy Kathmandu,PM2.5 - Principal,2018-06-24 05:00 PM,2018,6,24,17,33.8,97,Moderate,32.0,UG/M3,1 Hr,Valid
Embassy Kathmandu,PM2.5 - Principal,2018-06-24 06:00 PM,2018,6,24,18,32.9,95,Moderate,32.0,UG/M3,1 Hr,Valid
Embassy Kathmandu,PM2.5 - Principal,2018-06-24 07:00 PM,2018,6,24,19,27.9,84,Moderate,23.0,UG/M3,1 Hr,Valid
Embassy Kathmandu,PM2.5 - Principal,2018-06-24 08:00 PM,2018,6,24,20,28.4,85,Moderate,29.0,UG/M3,1 Hr,Valid
Embassy Kathmandu,PM2.5 - Principal,2018-06-24 09:00 PM,2018,6,24,21,33.7,96,Moderate,39.0,UG/M3,1 Hr,Valid
Embassy Kathmandu,PM2.5 - Principal,2018-06-24 10:00 PM,2018,6,24,22,33.8,97,Moderate,34.0,UG/M3,1 Hr,Valid
Embassy Kathmandu,PM2.5 - Principal,2018-06-24 11:00 PM,2018,6,24,23,34.9,99,Moderate,36.0,UG/M3,1 Hr,Valid
Embassy Kathmandu,PM2.5 - Principal,2018-06-25 12:00 AM,2018,6,25,0,33.8,97,Moderate,33.0,UG/M3,1 Hr,Valid
Embassy Kathmandu,PM2.5 - Principal,2018-06-25 01:00 AM,2018,6,25,1,33.5,96,Moderate,33.0,UG/M3,1 Hr,Valid
Embassy Kathmandu,PM2.5 - Principal,2018-06-25 02:00 AM,2018,6,25,2,28.4,85,Moderate,22.0,UG/M3,1 Hr,Valid
Embassy Kathmandu,PM2.5 - Principal,2018-06-25 03:00 AM,2018,6,25,3,17.8,63,Moderate,8.0,UG/M3,1 Hr,Valid
Embassy Kathmandu,PM2.5 - Principal,2018-06-25 04:00 AM,2018,6,25,4,14.9,57,Moderate,12.0,UG/M3,1 Hr,Valid
Embassy Kathmandu,PM2.5 - Principal,2018-06-25 05:00 AM,2018,6,25,5,15.4,58,Moderate,16.0,UG/M3,1 Hr,Valid
Embassy Kathmandu,PM2.5 - Principal,2018-06-25 06:00 AM,2018,6,25,6,16.2,60,Moderate,17.0,UG/M3,1 Hr,Valid
Embassy Kathmandu,PM2.5 - Principal,2018-06-25 07:00 AM,2018,6,25,7,18.6,65,Moderate,21.0,UG/M3,1 Hr,Valid
Embassy Kathmandu,PM2.5 - Principal,2018-06-25 08:00 AM,2018,6,25,8,19.8,67,Moderate,21.0,UG/M3,1 Hr,Valid
Embassy Kathmandu,PM2.5 - Principal,2018-06-25 09:00 AM,2018,6,25,9,27.4,83,Moderate,35.0,UG/M3,1 Hr,Valid
Embassy Kathmandu,PM2.5 - Principal,2018-06-25 10:00 AM,2018,6,25,10,30.7,90,Moderate,34.0,UG/M3,1 Hr,Valid
Embassy Kathmandu,PM2.5 - Principal,2018-06-25 11:00 AM,2018,6,25,11,41.8,117,Unhealthy for Sensitive Groups,53.0,UG/M3,1 Hr,Valid
Embassy Kathmandu,PM2.5 - Principal,2018-06-25 12:00 PM,2018,6,25,12,37.4,106,Unhealthy for Sensitive Groups,33.0,UG/M3,1 Hr,Valid
Embassy Kathmandu,PM2.5 - Principal,2018-06-25 01:00 PM,2018,6,25,13,53.2,145,Unhealthy for Sensitive Groups,69.0,UG/M3,1 Hr,Valid
Embassy Kathmandu,PM2.5 - Principal,2018-06-25 02:00 PM,2018,6,25,14,40.6,114,Unhealthy for Sensitive Groups,28.0,UG/M3,1 Hr,Valid
Embassy Kathmandu,PM2.5 - Principal,2018-06-25 03:00 PM,2018,6,25,15,34.8,99,Moderate,29.0,UG/M3,1 Hr,Valid
Embassy Kathmandu,PM2.5 - Principal,2018-06-25 04:00 PM,2018,6,25,16,32.9,95,Moderate,31.0,UG/M3,1 Hr,Valid
Embassy Kathmandu,PM2.5 - Principal,2018-06-25 05:00 PM,2018,6,25,17,32.9,95,Moderate,33.0,UG/M3,1 Hr,Valid
Embassy Kathmandu,PM2.5 - Principal,2018-06-25 06:00 PM,2018,6,25,18,34.9,99,Moderate,37.0,UG/M3,1 Hr,Valid
Embassy Kathmandu,PM2.5 - Principal,2018-06-25 07:00 PM,2018,6,25,19,36.4,103,Unhealthy for Sensitive Groups,38.0,UG/M3,1 Hr,Valid
Embassy Kathmandu,PM2.5 - Principal,2018-06-25 08:00 PM,2018,6,25,20,35.7,101,Unhealthy for Sensitive Groups,35.0,UG/M3,1 Hr,Valid
Embassy Kathmandu,PM2.5 - Principal,2018-06-25 09:00 PM,2018,6,25,21,36.8,104,Unhealthy for Sensitive Groups,38.0,UG/M3,1 Hr,Valid
Embassy Kathmandu,PM2.5 - Principal,2018-06-25 10:00 PM,2018,6,25,22,37.9,107,Unhealthy for Sensitive Groups,39.0,UG/M3,1 Hr,Valid
Embassy Kathmandu,PM2.5 - Principal,2018-06-25 11:00 PM,2018,6,25,23,37.9,107,Unhealthy for Sensitive Groups,38.0,UG/M3,1 Hr,Valid
Embassy Kathmandu,PM2.5 - Principal,2018-06-26 12:00 AM,2018,6,26,0,32.9,95,Moderate,28.0,UG/M3,1 Hr,Valid
Embassy Kathmandu,PM2.5 - Principal,2018-06-26 01:00 AM,2018,6,26,1,27.6,84,Moderate,21.0,UG/M3,1 Hr,Valid
Embassy Kathmandu,PM2.5 - Principal,2018-06-26 02:00 AM,2018,6,26,2,20.4,68,Moderate,14.0,UG/M3,1 Hr,Valid
Embassy Kathmandu,PM2.5 - Principal,2018-06-26 03:00 AM,2018,6,26,3,18.7,65,Moderate,17.0,UG/M3,1 Hr,Valid
Embassy Kathmandu,PM2.5 - Principal,2018-06-26 04:00 AM,2018,6,26,4,16.3,60,Moderate,14.0,UG/M3,1 Hr,Valid
Embassy Kathmandu,PM2.5 - Principal,2018-06-26 05:00 AM,2018,6,26,5,15.1,57,Moderate,14.0,UG/M3,1 Hr,Valid
Embassy Kathmandu,PM2.5 - Principal,2018-06-26 06:00 AM,2018,6,26,6,15.0,57,Moderate,15.0,UG/M3,1 Hr,Valid
Embassy Kathmandu,PM2.5 - Principal,2018-06-26 07:00 AM,2018,6,26,7,19.0,66,Moderate,23.0,UG/M3,1 Hr,Valid
Embassy Kathmandu,PM2.5 - Principal,2018-06-26 08:00 AM,2018,6,26,8,23.5,75,Moderate,28.0,UG/M3,1 Hr,Valid
Embassy Kathmandu,PM2.5 - Principal,2018-06-26 09:00 AM,2018,6,26,9,25.2,79,Moderate,27.0,UG/M3,1 Hr,Valid
Embassy Kathmandu,PM2.5 - Principal,2018-06-26 10:00 AM,2018,6,26,10,29.1,87,Moderate,33.0,UG/M3,1 Hr,Valid
Embassy Kathmandu,PM2.5 - Principal,2018-06-26 11:00 AM,2018,6,26,11,31.0,91,Moderate,33.0,UG/M3,1 Hr,Valid
Embassy Kathmandu,PM2.5 - Principal,2018-06-26 12:00 PM,2018,6,26,12,30.5,90,Moderate,30.0,UG/M3,1 Hr,Valid
Embassy Kathmandu,PM2.5 - Principal,2018-06-26 01:00 PM,2018,6,26,13,28.2,85,Moderate,26.0,UG/M3,1 Hr,Valid
Embassy Kathmandu,PM2.5 - Principal,2018-06-26 02:00 PM,2018,6,26,14,25.1,78,Moderate,22.0,UG/M3,1 Hr,Valid
Embassy Kathmandu,PM2.5 - Principal,2018-06-26 03:00 PM,2018,6,26,15,25.5,79,Moderate,26.0,UG/M3,1 Hr,Valid
Embassy Kathmandu,PM2.5 - Principal,2018-06-26 04:00 PM,2018,6,26,16,28.7,86,Moderate,32.0,UG/M3,1 Hr,Valid
Embassy Kathmandu,PM2.5 - Principal,2018-06-26 05:00 PM,2018,6,26,17,30.3,89,Moderate,32.0,UG/M3,1 Hr,Valid
Embassy Kathmandu,PM2.5 - Principal,2018-06-26 06:00 PM,2018,6,26,18,28.6,86,Moderate,27.0,UG/M3,1 Hr,Valid
Embassy Kathmandu,PM2.5 - Principal,2018-06-26 07:00 PM,2018,6,26,19,27.1,83,Moderate,24.0,UG/M3,1 Hr,Valid
Embassy Kathmandu,PM2.5 - Principal,2018-06-26 08:00 PM,2018,6,26,20,24.7,77,Moderate,21.0,UG/M3,1 Hr,Valid
Embassy Kathmandu,PM2.5 - Principal,2018-06-26 09:00 PM,2018,6,26,21,27.0,82,Moderate,31.0,UG/M3,1 Hr,Valid
Embassy Kathmandu,PM2.5 - Principal,2018-06-26 10:00 PM,2018,6,26,22,27.7,84,Moderate,29.0,UG/M3,1 Hr,Valid
Embassy Kathmandu,PM2.5 - Principal,2018-06-26 11:00 PM,2018,6,26,23,28.1,85,Moderate,29.0,UG/M3,1 Hr,Valid
Embassy Kathmandu,PM2.5 - Principal,2018-06-27 12:00 AM,2018,6,27,0,29.9,88,Moderate,33.0,UG/M3,1 Hr,Valid
Embassy Kathmandu,PM2.5 - Principal,2018-06-27 01:00 AM,2018,6,27,1,27.4,83,Moderate,23.0,UG/M3,1 Hr,Valid
Embassy Kathmandu,PM2.5 - Principal,2018-06-27 02:00 AM,2018,6,27,2,19.9,67,Moderate,13.0,UG/M3,1 Hr,Valid
Embassy Kathmandu,PM2.5 - Principal,2018-06-27 03:00 AM,2018,6,27,3,16.4,60,Moderate,13.0,UG/M3,1 Hr,Valid
Embassy Kathmandu,PM2.5 - Principal,2018-06-27 04:00 AM,2018,6,27,4,15.7,59,Moderate,15.0,UG/M3,1 Hr,Valid
Embassy Kathmandu,PM2.5 - Principal,2018-06-27 05:00 AM,2018,6,27,5,16.3,60,Moderate,17.0,UG/M3,1 Hr,Valid
Embassy Kathmandu,PM2.5 - Principal,2018-06-27 06:00 AM,2018,6,27,6,18.6,65,Moderate,21.0,UG/M3,1 Hr,Valid
Embassy Kathmandu,PM2.5 - Principal,2018-06-27 07:00 AM,2018,6,27,7,20.3,68,Moderate,22.0,UG/M3,1 Hr,Valid
Embassy Kathmandu,PM2.5 - Principal,2018-06-27 08:00 AM,2018,6,27,8,20.6,69,Moderate,21.0,UG/M3,1 Hr,Valid
Embassy Kathmandu,PM2.5 - Principal,2018-06-27 09:00 AM,2018,6,27,9,22.8,74,Moderate,25.0,UG/M3,1 Hr,Valid
Embassy Kathmandu,PM2.5 - Principal,2018-06-27 10:00 AM,2018,6,27,10,25.4,79,Moderate,28.0,UG/M3,1 Hr,Valid
Embassy Kathmandu,PM2.5 - Principal,2018-06-27 11:00 AM,2018,6,27,11,26.2,81,Moderate,27.0,UG/M3,1 Hr,Valid
Embassy Kathmandu,PM2.5 - Principal,2018-06-27 12:00 PM,2018,6,27,12,24.1,76,Moderate,22.0,UG/M3,1 Hr,Valid
Embassy Kathmandu,PM2.5 - Principal,2018-06-27 01:00 PM,2018,6,27,13,17.5,62,Moderate,11.0,UG/M3,1 Hr,Valid
Embassy Kathmandu,PM2.5 - Principal,2018-06-27 02:00 PM,2018,6,27,14,16.7,61,Moderate,16.0,UG/M3,1 Hr,Valid
Embassy Kathmandu,PM2.5 - Principal,2018-06-27 03:00 PM,2018,6,27,15,16.8,61,Moderate,17.0,UG/M3,1 Hr,Valid
Embassy Kathmandu,PM2.5 - Principal,2018-06-27 04:00 PM,2018,6,27,16,16.4,60,Moderate,16.0,UG/M3,1 Hr,Valid
Embassy Kathmandu,PM2.5 - Principal,2018-06-27 05:00 PM,2018,6,27,17,14.7,56,Moderate,13.0,UG/M3,1 Hr,Valid
Embassy Kathmandu,PM2.5 - Principal,2018-06-27 06:00 PM,2018,6,27,18,15.8,59,Moderate,17.0,UG/M3,1 Hr,Valid
Embassy Kathmandu,PM2.5 - Principal,2018-06-27 07:00 PM,2018,6,27,19,15.9,59,Moderate,16.0,UG/M3,1 Hr,Valid
Embassy Kathmandu,PM2.5 - Principal,2018-06-27 08:00 PM,2018,6,27,20,14.4,56,Moderate,13.0,UG/M3,1 Hr,Valid
Embassy Kathmandu,PM2.5 - Principal,2018-06-27 09:00 PM,2018,6,27,21,13.2,53,Moderate,12.0,UG/M3,1 Hr,Valid
Embassy Kathmandu,PM2.5 - Principal,2018-06-27 10:00 PM,2018,6,27,22,12.6,52,Moderate,12.0,UG/M3,1 Hr,Valid
Embassy Kathmandu,PM2.5 - Principal,2018-06-27 11:00 PM,2018,6,27,23,13.3,54,Moderate,14.0,UG/M3,1 Hr,Valid
Embassy Kathmandu,PM2.5 - Principal,2018-06-28 12:00 AM,2018,6,28,0,12.5,52,Moderate,11.0,UG/M3,1 Hr,Valid
Embassy Kathmandu,PM2.5 - Principal,2018-06-28 01:00 AM,2018,6,28,1,9.0,38,Good,6.0,UG/M3,1 Hr,Valid
Embassy Kathmandu,PM2.5 - Principal,2018-06-28 02:00 AM,2018,6,28,2,7.5,31,Good,6.0,UG/M3,1 Hr,Valid
Embassy Kathmandu,PM2.5 - Principal,2018-06-28 03:00 AM,2018,6,28,3,6.2,26,Good,5.0,UG/M3,1 Hr,Valid
Embassy Kathmandu,PM2.5 - Principal,2018-06-28 04:00 AM,2018,6,28,4,4.6,19,Good,3.0,UG/M3,1 Hr,Valid
Embassy Kathmandu,PM2.5 - Principal,2018-06-28 05:00 AM,2018,6,28,5,4.3,18,Good,4.0,UG/M3,1 Hr,Valid
Embassy Kathmandu,PM2.5 - Principal,2018-06-28 06:00 AM,2018,6,28,6,5.6,23,Good,7.0,UG/M3,1 Hr,Valid
Embassy Kathmandu,PM2.5 - Principal,2018-06-28 07:00 AM,2018,6,28,7,13.3,54,Moderate,21.0,UG/M3,1 Hr,Valid
Embassy Kathmandu,PM2.5 - Principal,2018-06-28 08:00 AM,2018,6,28,8,19.1,66,Moderate,25.0,UG/M3,1 Hr,Valid
Embassy Kathmandu,PM2.5 - Principal,2018-06-28 09:00 AM,2018,6,28,9,19.5,67,Moderate,20.0,UG/M3,1 Hr,Valid
Embassy Kathmandu,PM2.5 - Principal,2018-06-28 10:00 AM,2018,6,28,10,16.2,60,Moderate,13.0,UG/M3,1 Hr,Valid
Embassy Kathmandu,PM2.5 - Principal,2018-06-28 11:00 AM,2018,6,28,11,14.6,56,Moderate,13.0,UG/M3,1 Hr,Valid
Embassy Kathmandu,PM2.5 - Principal,2018-06-28 12:00 PM,2018,6,28,12,15.3,58,Moderate,16.0,UG/M3,1 Hr,Valid
Embassy Kathmandu,PM2.5 - Principal,2018-06-28 01:00 PM,2018,6,28,13,12.1,51,Moderate,9.0,UG/M3,1 Hr,Valid
Embassy Kathmandu,PM2.5 - Principal,2018-06-28 02:00 PM,2018,6,28,14,10.5,44,Good,9.0,UG/M3,1 Hr,Valid
Embassy Kathmandu,PM2.5 - Principal,2018-06-28 03:00 PM,2018,6,28,15,12.2,51,Moderate,14.0,UG/M3,1 Hr,Valid
Embassy Kathmandu,PM2.5 - Principal,2018-06-28 04:00 PM,2018,6,28,16,12.6,52,Moderate,13.0,UG/M3,1 Hr,Valid
Embassy Kathmandu,PM2.5 - Principal,2018-06-28 05:00 PM,2018,6,28,17,13.8,55,Moderate,15.0,UG/M3,1 Hr,Valid
Embassy Kathmandu,PM2.5 - Principal,2018-06-28 06:00 PM,2018,6,28,18,14.9,57,Moderate,16.0,UG/M3,1 Hr,Valid
Embassy Kathmandu,PM2.5 - Principal,2018-06-28 07:00 PM,2018,6,28,19,9.9,41,Good,5.0,UG/M3,1 Hr,Valid
Embassy Kathmandu,PM2.5 - Principal,2018-06-28 08:00 PM,2018,6,28,20,8.9,37,Good,8.0,UG/M3,1 Hr,Valid
Embassy Kathmandu,PM2.5 - Principal,2018-06-28 09:00 PM,2018,6,28,21,9.4,39,Good,10.0,UG/M3,1 Hr,Valid
Embassy Kathmandu,PM2.5 - Principal,2018-06-28 10:00 PM,2018,6,28,22,12.2,51,Moderate,15.0,UG/M3,1 Hr,Valid
Embassy Kathmandu,PM2.5 - Principal,2018-06-28 11:00 PM,2018,6,28,23,14.6,56,Moderate,17.0,UG/M3,1 Hr,Valid
Embassy Kathmandu,PM2.5 - Principal,2018-06-29 12:00 AM,2018,6,29,0,14.3,56,Moderate,14.0,UG/M3,1 Hr,Valid
Embassy Kathmandu,PM2.5 - Principal,2018-06-29 01:00 AM,2018,6,29,1,11.6,48,Good,9.0,UG/M3,1 Hr,Valid
Embassy Kathmandu,PM2.5 - Principal,2018-06-29 02:00 AM,2018,6,29,2,8.3,35,Good,5.0,UG/M3,1 Hr,Valid
Embassy Kathmandu,PM2.5 - Principal,2018-06-29 03:00 AM,2018,6,29,3,8.1,34,Good,8.0,UG/M3,1 Hr,Valid
Embassy Kathmandu,PM2.5 - Principal,2018-06-29 04:00 AM,2018,6,29,4,7.5,31,Good,7.0,UG/M3,1 Hr,Valid
Embassy Kathmandu,PM2.5 - Principal,2018-06-29 05:00 AM,2018,6,29,5,8.2,34,Good,9.0,UG/M3,1 Hr,Valid
Embassy Kathmandu,PM2.5 - Principal,2018-06-29 06:00 AM,2018,6,29,6,9.1,38,Good,10.0,UG/M3,1 Hr,Valid
Embassy Kathmandu,PM2.5 - Principal,2018-06-29 07:00 AM,2018,6,29,7,13.5,54,Moderate,18.0,UG/M3,1 Hr,Valid
Embassy Kathmandu,PM2.5 - Principal,2018-06-29 08:00 AM,2018,6,29,8,17.7,63,Moderate,22.0,UG/M3,1 Hr,Valid
Embassy Kathmandu,PM2.5 - Principal,2018-06-29 09:00 AM,2018,6,29,9,19.3,66,Moderate,21.0,UG/M3,1 Hr,Valid
Embassy Kathmandu,PM2.5 - Principal,2018-06-29 10:00 AM,2018,6,29,10,20.1,68,Moderate,21.0,UG/M3,1 Hr,Valid
Embassy Kathmandu,PM2.5 - Principal,2018-06-29 11:00 AM,2018,6,29,11,20.0,68,Moderate,20.0,UG/M3,1 Hr,Valid
Embassy Kathmandu,PM2.5 - Principal,2018-06-29 12:00 PM,2018,6,29,12,22.0,72,Moderate,24.0,UG/M3,1 Hr,Valid
Embassy Kathmandu,PM2.5 - Principal,2018-06-29 01:00 PM,2018,6,29,13,19.5,67,Moderate,17.0,UG/M3,1 Hr,Valid
Embassy Kathmandu,PM2.5 - Principal,2018-06-29 02:00 PM,2018,6,29,14,21.2,70,Moderate,23.0,UG/M3,1 Hr,Valid
Embassy Kathmandu,PM2.5 - Principal,2018-06-29 03:00 PM,2018,6,29,15,21.6,71,Moderate,22.0,UG/M3,1 Hr,Valid
Embassy Kathmandu,PM2.5 - Principal,2018-06-29 04:00 PM,2018,6,29,16,19.3,66,Moderate,17.0,UG/M3,1 Hr,Valid
Embassy Kathmandu,PM2.5 - Principal,2018-06-29 05:00 PM,2018,6,29,17,19.6,67,Moderate,20.0,UG/M3,1 Hr,Valid
Embassy Kathmandu,PM2.5 - Principal,2018-06-29 06:00 PM,2018,6,29,18,19.7,67,Moderate,19.0,UG/M3,1 Hr,Valid
Embassy Kathmandu,PM2.5 - Principal,2018-06-29 07:00 PM,2018,6,29,19,19.2,66,Moderate,18.0,UG/M3,1 Hr,Valid
Embassy Kathmandu,PM2.5 - Principal,2018-06-29 08:00 PM,2018,6,29,20,15.3,58,Moderate,12.0,UG/M3,1 Hr,Valid
Embassy Kathmandu,PM2.5 - Principal,2018-06-29 09:00 PM,2018,6,29,21,13.1,53,Moderate,11.0,UG/M3,1 Hr,Valid
Embassy Kathmandu,PM2.5 - Principal,2018-06-29 10:00 PM,2018,6,29,22,15.0,57,Moderate,17.0,UG/M3,1 Hr,Valid
Embassy Kathmandu,PM2.5 - Principal,2018-06-29 11:00 PM,2018,6,29,23,10.0,42,Good,5.0,UG/M3,1 Hr,Valid
Embassy Kathmandu,PM2.5 - Principal,2018-06-30 12:00 AM,2018,6,30,0,7.5,31,Good,5.0,UG/M3,1 Hr,Valid
Embassy Kathmandu,PM2.5 - Principal,2018-06-30 01:00 AM,2018,6,30,1,4.7,20,Good,2.0,UG/M3,1 Hr,Valid
Embassy Kathmandu,PM2.5 - Principal,2018-06-30 02:00 AM,2018,6,30,2,3.3,14,Good,2.0,UG/M3,1 Hr,Valid
Embassy Kathmandu,PM2.5 - Principal,2018-06-30 03:00 AM,2018,6,30,3,3.6,15,Good,4.0,UG/M3,1 Hr,Valid
Embassy Kathmandu,PM2.5 - Principal,2018-06-30 04:00 AM,2018,6,30,4,3.3,14,Good,3.0,UG/M3,1 Hr,Valid
Embassy Kathmandu,PM2.5 - Principal,2018-06-30 05:00 AM,2018,6,30,5,3.6,15,Good,4.0,UG/M3,1 Hr,Valid
Embassy Kathmandu,PM2.5 - Principal,2018-06-30 06:00 AM,2018,6,30,6,4.8,20,Good,6.0,UG/M3,1 Hr,Valid
Embassy Kathmandu,PM2.5 - Principal,2018-06-30 07:00 AM,2018,6,30,7,7.9,33,Good,11.0,UG/M3,1 Hr,Valid
Embassy Kathmandu,PM2.5 - Principal,2018-06-30 08:00 AM,2018,6,30,8,8.9,37,Good,10.0,UG/M3,1 Hr,Valid
Embassy Kathmandu,PM2.5 - Principal,2018-06-30 09:00 AM,2018,6,30,9,7.4,31,Good,6.0,UG/M3,1 Hr,Valid
Embassy Kathmandu,PM2.5 - Principal,2018-06-30 10:00 AM,2018,6,30,10,6.2,26,Good,5.0,UG/M3,1 Hr,Valid
Embassy Kathmandu,PM2.5 - Principal,2018-06-30 11:00 AM,2018,6,30,11,14.1,55,Moderate,22.0,UG/M3,1 Hr,Valid
Embassy Kathmandu,PM2.5 - Principal,2018-06-30 12:00 PM,2018,6,30,12,10.5,44,Good,7.0,UG/M3,1 Hr,Valid
Embassy Kathmandu,PM2.5 - Principal,2018-06-30 01:00 PM,2018,6,30,13,10.2,43,Good,10.0,UG/M3,1 Hr,Valid
Embassy Kathmandu,PM2.5 - Principal,2018-06-30 02:00 PM,2018,6,30,14,8.6,36,Good,7.0,UG/M3,1 Hr,Valid
Embassy Kathmandu,PM2.5 - Principal,2018-06-30 03:00 PM,2018,6,30,15,8.8,37,Good,9.0,UG/M3,1 Hr,Valid
Embassy Kathmandu,PM2.5 - Principal,2018-06-30 04:00 PM,2018,6,30,16,8.9,37,Good,9.0,UG/M3,1 Hr,Valid
Embassy Kathmandu,PM2.5 - Principal,2018-06-30 05:00 PM,2018,6,30,17,8.4,35,Good,8.0,UG/M3,1 Hr,Valid
Embassy Kathmandu,PM2.5 - Principal,2018-06-30 06:00 PM,2018,6,30,18,10.7,45,Good,13.0,UG/M3,1 Hr,Valid
Embassy Kathmandu,PM2.5 - Principal,2018-06-30 07:00 PM,2018,6,30,19,13.3,54,Moderate,16.0,UG/M3,1 Hr,Valid
Embassy Kathmandu,PM2.5 - Principal,2018-06-30 08:00 PM,2018,6,30,20,14.6,56,Moderate,16.0,UG/M3,1 Hr,Valid
Embassy Kathmandu,PM2.5 - Principal,2018-06-30 09:00 PM,2018,6,30,21,14.8,57,Moderate,15.0,UG/M3,1 Hr,Valid
Embassy Kathmandu,PM2.5 - Principal,2018-06-30 10:00 PM,2018,6,30,22,14.4,56,Moderate,14.0,UG/M3,1 Hr,Valid
Embassy Kathmandu,PM2.5 - Principal,2018-06-30 11:00 PM,2018,6,30,23,11.7,49,Good,9.0,UG/M3,1 Hr,Valid
Embassy Kathmandu,PM2.5 - Principal,2018-07-01 12:00 AM,2018,7,1,0,11.3,47,Good,11.0,UG/M3,1 Hr,Valid
Embassy Kathmandu,PM2.5 - Principal,2018-07-01 01:00 AM,2018,7,1,1,9.1,38,Good,7.0,UG/M3,1 Hr,Valid
Embassy Kathmandu,PM2.5 - Principal,2018-07-01 02:00 AM,2018,7,1,2,10.0,42,Good,11.0,UG/M3,1 Hr,Valid
Embassy Kathmandu,PM2.5 - Principal,2018-07-01 03:00 AM,2018,7,1,3,9.0,38,Good,8.0,UG/M3,1 Hr,Valid
Embassy Kathmandu,PM2.5 - Principal,2018-07-01 04:00 AM,2018,7,1,4,8.0,33,Good,7.0,UG/M3,1 Hr,Valid
Embassy Kathmandu,PM2.5 - Principal,2018-07-01 05:00 AM,2018,7,1,5,7.0,29,Good,6.0,UG/M3,1 Hr,Valid
Embassy Kathmandu,PM2.5 - Principal,2018-07-01 06:00 AM,2018,7,1,6,9.5,40,Good,12.0,UG/M3,1 Hr,Valid
Embassy Kathmandu,PM2.5 - Principal,2018-07-01 07:00 AM,2018,7,1,7,9.7,40,Good,10.0,UG/M3,1 Hr,Valid
Embassy Kathmandu,PM2.5 - Principal,2018-07-01 08:00 AM,2018,7,1,8,11.8,49,Good,14.0,UG/M3,1 Hr,Valid
Embassy Kathmandu,PM2.5 - Principal,2018-07-01 09:00 AM,2018,7,1,9,12.9,53,Moderate,14.0,UG/M3,1 Hr,Valid
Embassy Kathmandu,PM2.5 - Principal,2018-07-01 10:00 AM,2018,7,1,10,13.4,54,Moderate,14.0,UG/M3,1 Hr,Valid
Embassy Kathmandu,PM2.5 - Principal,2018-07-01 11:00 AM,2018,7,1,11,13.4,54,Moderate,-999.0,UG/M3,1 Hr,Missing
Embassy Kathmandu,PM2.5 - Principal,2018-07-01 12:00 PM,2018,7,1,12,13.4,54,Moderate,-999.0,UG/M3,1 Hr,Missing
Embassy Kathmandu,PM2.5 - Principal,2018-07-01 01:00 PM,2018,7,1,13,13.4,54,Moderate,-999.0,UG/M3,1 Hr,Missing
Embassy Kathmandu,PM2.5 - Principal,2018-07-01 02:00 PM,2018,7,1,14,13.4,54,Moderate,-999.0,UG/M3,1 Hr,Missing
Embassy Kathmandu,PM2.5 - Principal,2018-07-03 06:00 PM,2018,7,3,18,-999.0,-999,,12.0,UG/M3,1 Hr,Valid
Embassy Kathmandu,PM2.5 - Principal,2018-07-03 07:00 PM,2018,7,3,19,14.2,55,Moderate,16.0,UG/M3,1 Hr,Valid
Embassy Kathmandu,PM2.5 - Principal,2018-07-03 08:00 PM,2018,7,3,20,14.5,56,Moderate,15.0,UG/M3,1 Hr,Valid
Embassy Kathmandu,PM2.5 - Principal,2018-07-03 09:00 PM,2018,7,3,21,13.1,53,Moderate,11.0,UG/M3,1 Hr,Valid
Embassy Kathmandu,PM2.5 - Principal,2018-07-03 10:00 PM,2018,7,3,22,12.3,51,Moderate,11.0,UG/M3,1 Hr,Valid
Embassy Kathmandu,PM2.5 - Principal,2018-07-03 11:00 PM,2018,7,3,23,9.3,39,Good,7.0,UG/M3,1 Hr,Valid
Embassy Kathmandu,PM2.5 - Principal,2018-07-04 12:00 AM,2018,7,4,0,7.6,32,Good,6.0,UG/M3,1 Hr,Valid
Embassy Kathmandu,PM2.5 - Principal,2018-07-04 01:00 AM,2018,7,4,1,8.8,37,Good,10.0,UG/M3,1 Hr,Valid
Embassy Kathmandu,PM2.5 - Principal,2018-07-04 02:00 AM,2018,7,4,2,8.4,35,Good,8.0,UG/M3,1 Hr,Valid
Embassy Kathmandu,PM2.5 - Principal,2018-07-04 03:00 AM,2018,7,4,3,7.7,32,Good,7.0,UG/M3,1 Hr,Valid
Embassy Kathmandu,PM2.5 - Principal,2018-07-04 04:00 AM,2018,7,4,4,6.8,28,Good,6.0,UG/M3,1 Hr,Valid
Embassy Kathmandu,PM2.5 - Principal,2018-07-04 05:00 AM,2018,7,4,5,6.4,27,Good,6.0,UG/M3,1 Hr,Valid
Embassy Kathmandu,PM2.5 - Principal,2018-07-04 06:00 AM,2018,7,4,6,7.2,30,Good,8.0,UG/M3,1 Hr,Valid
Embassy Kathmandu,PM2.5 - Principal,2018-07-04 07:00 AM,2018,7,4,7,6.6,28,Good,6.0,UG/M3,1 Hr,Valid
Embassy Kathmandu,PM2.5 - Principal,2018-07-04 08:00 AM,2018,7,4,8,9.8,41,Good,13.0,UG/M3,1 Hr,Valid
Embassy Kathmandu,PM2.5 - Principal,2018-07-04 09:00 AM,2018,7,4,9,15.4,58,Moderate,21.0,UG/M3,1 Hr,Valid
Embassy Kathmandu,PM2.5 - Principal,2018-07-04 10:00 AM,2018,7,4,10,16.7,61,Moderate,18.0,UG/M3,1 Hr,Valid
Embassy Kathmandu,PM2.5 - Principal,2018-07-04 11:00 AM,2018,7,4,11,20.8,69,Moderate,25.0,UG/M3,1 Hr,Valid
Embassy Kathmandu,PM2.5 - Principal,2018-07-04 12:00 PM,2018,7,4,12,14.4,56,Moderate,8.0,UG/M3,1 Hr,Valid
Embassy Kathmandu,PM2.5 - Principal,2018-07-04 01:00 PM,2018,7,4,13,13.2,53,Moderate,12.0,UG/M3,1 Hr,Valid
Embassy Kathmandu,PM2.5 - Principal,2018-07-04 02:00 PM,2018,7,4,14,15.6,58,Moderate,18.0,UG/M3,1 Hr,Valid
Embassy Kathmandu,PM2.5 - Principal,2018-07-04 03:00 PM,2018,7,4,15,18.8,65,Moderate,22.0,UG/M3,1 Hr,Valid
Embassy Kathmandu,PM2.5 - Principal,2018-07-04 04:00 PM,2018,7,4,16,15.9,59,Moderate,13.0,UG/M3,1 Hr,Valid
Embassy Kathmandu,PM2.5 - Principal,2018-07-04 05:00 PM,2018,7,4,17,15.4,58,Moderate,15.0,UG/M3,1 Hr,Valid
Embassy Kathmandu,PM2.5 - Principal,2018-07-04 06:00 PM,2018,7,4,18,17.2,62,Moderate,19.0,UG/M3,1 Hr,Valid
Embassy Kathmandu,PM2.5 - Principal,2018-07-04 07:00 PM,2018,7,4,19,19.1,66,Moderate,21.0,UG/M3,1 Hr,Valid
Embassy Kathmandu,PM2.5 - Principal,2018-07-04 08:00 PM,2018,7,4,20,18.0,63,Moderate,17.0,UG/M3,1 Hr,Valid
Embassy Kathmandu,PM2.5 - Principal,2018-07-04 09:00 PM,2018,7,4,21,17.0,61,Moderate,16.0,UG/M3,1 Hr,Valid
Embassy Kathmandu,PM2.5 - Principal,2018-07-04 10:00 PM,2018,7,4,22,20.0,68,Moderate,23.0,UG/M3,1 Hr,Valid
Embassy Kathmandu,PM2.5 - Principal,2018-07-04 11:00 PM,2018,7,4,23,18.0,63,Moderate,16.0,UG/M3,1 Hr,Valid
Embassy Kathmandu,PM2.5 - Principal,2018-07-05 12:00 AM,2018,7,5,0,15.6,58,Moderate,13.0,UG/M3,1 Hr,Valid
Embassy Kathmandu,PM2.5 - Principal,2018-07-05 01:00 AM,2018,7,5,1,13.8,55,Moderate,12.0,UG/M3,1 Hr,Valid
Embassy Kathmandu,PM2.5 - Principal,2018-07-05 02:00 AM,2018,7,5,2,11.8,49,Good,10.0,UG/M3,1 Hr,Valid
Embassy Kathmandu,PM2.5 - Principal,2018-07-05 03:00 AM,2018,7,5,3,10.4,43,Good,9.0,UG/M3,1 Hr,Valid
Embassy Kathmandu,PM2.5 - Principal,2018-07-05 04:00 AM,2018,7,5,4,10.2,43,Good,10.0,UG/M3,1 Hr,Valid
Embassy Kathmandu,PM2.5 - Principal,2018-07-05 05:00 AM,2018,7,5,5,8.6,36,Good,7.0,UG/M3,1 Hr,Valid
Embassy Kathmandu,PM2.5 - Principal,2018-07-05 06:00 AM,2018,7,5,6,10.3,43,Good,12.0,UG/M3,1 Hr,Valid
Embassy Kathmandu,PM2.5 - Principal,2018-07-05 07:00 AM,2018,7,5,7,14.6,56,Moderate,19.0,UG/M3,1 Hr,Valid
Embassy Kathmandu,PM2.5 - Principal,2018-07-05 08:00 AM,2018,7,5,8,16.8,61,Moderate,19.0,UG/M3,1 Hr,Valid
Embassy Kathmandu,PM2.5 - Principal,2018-07-05 09:00 AM,2018,7,5,9,16.9,61,Moderate,17.0,UG/M3,1 Hr,Valid
Embassy Kathmandu,PM2.5 - Principal,2018-07-05 10:00 AM,2018,7,5,10,18.9,65,Moderate,21.0,UG/M3,1 Hr,Valid
Embassy Kathmandu,PM2.5 - Principal,2018-07-05 11:00 AM,2018,7,5,11,18.9,65,Moderate,19.0,UG/M3,1 Hr,Valid
Embassy Kathmandu,PM2.5 - Principal,2018-07-05 12:00 PM,2018,7,5,12,23.4,75,Moderate,28.0,UG/M3,1 Hr,Valid
Embassy Kathmandu,PM2.5 - Principal,2018-07-05 01:00 PM,2018,7,5,13,21.2,70,Moderate,19.0,UG/M3,1 Hr,Valid
Embassy Kathmandu,PM2.5 - Principal,2018-07-05 02:00 PM,2018,7,5,14,18.1,64,Moderate,15.0,UG/M3,1 Hr,Valid
Embassy Kathmandu,PM2.5 - Principal,2018-07-05 03:00 PM,2018,7,5,15,17.0,61,Moderate,16.0,UG/M3,1 Hr,Valid
Embassy Kathmandu,PM2.5 - Principal,2018-07-05 04:00 PM,2018,7,5,16,16.5,60,Moderate,16.0,UG/M3,1 Hr,Valid
Embassy Kathmandu,PM2.5 - Principal,2018-07-05 05:00 PM,2018,7,5,17,16.5,60,Moderate,-999.0,UG/M3,1 Hr,Missing
Embassy Kathmandu,PM2.5 - Principal,2018-07-05 06:00 PM,2018,7,5,18,16.5,60,Moderate,-999.0,UG/M3,1 Hr,Missing
Embassy Kathmandu,PM2.5 - Principal,2018-07-05 07:00 PM,2018,7,5,19,16.5,60,Moderate,-999.0,UG/M3,1 Hr,Missing
Embassy Kathmandu,PM2.5 - Principal,2018-07-05 08:00 PM,2018,7,5,20,16.5,60,Moderate,-999.0,UG/M3,1 Hr,Missing
Embassy Kathmandu,PM2.5 - Principal,2018-07-09 11:00 AM,2018,7,9,11,-999.0,-999,,19.0,UG/M3,1 Hr,Valid
Embassy Kathmandu,PM2.5 - Principal,2018-07-09 12:00 PM,2018,7,9,12,-999.0,-999,,-15.0,UG/M3,1 Hr,Invalid
Embassy Kathmandu,PM2.5 - Principal,2018-07-09 01:00 PM,2018,7,9,13,19.0,66,Moderate,19.0,UG/M3,1 Hr,Valid
Embassy Kathmandu,PM2.5 - Principal,2018-07-09 02:00 PM,2018,7,9,14,19.0,66,Moderate,-15.0,UG/M3,1 Hr,Invalid
Embassy Kathmandu,PM2.5 - Principal,2018-07-09 03:00 PM,2018,7,9,15,19.0,66,Moderate,-15.0,UG/M3,1 Hr,Invalid
Embassy Kathmandu,PM2.5 - Principal,2018-07-09 04:00 PM,2018,7,9,16,19.0,66,Moderate,12.0,UG/M3,1 Hr,Valid
Embassy Kathmandu,PM2.5 - Principal,2018-07-09 05:00 PM,2018,7,9,17,12.0,50,Good,11.0,UG/M3,1 Hr,Valid
Embassy Kathmandu,PM2.5 - Principal,2018-07-09 06:00 PM,2018,7,9,18,12.5,52,Moderate,13.0,UG/M3,1 Hr,Valid
Embassy Kathmandu,PM2.5 - Principal,2018-07-09 07:00 PM,2018,7,9,19,13.6,54,Moderate,15.0,UG/M3,1 Hr,Valid
Embassy Kathmandu,PM2.5 - Principal,2018-07-09 08:00 PM,2018,7,9,20,14.7,56,Moderate,16.0,UG/M3,1 Hr,Valid
Embassy Kathmandu,PM2.5 - Principal,2018-07-09 09:00 PM,2018,7,9,21,15.2,58,Moderate,16.0,UG/M3,1 Hr,Valid
Embassy Kathmandu,PM2.5 - Principal,2018-07-09 10:00 PM,2018,7,9,22,12.2,51,Moderate,9.0,UG/M3,1 Hr,Valid
Embassy Kathmandu,PM2.5 - Principal,2018-07-09 11:00 PM,2018,7,9,23,10.6,44,Good,9.0,UG/M3,1 Hr,Valid
Embassy Kathmandu,PM2.5 - Principal,2018-07-10 12:00 AM,2018,7,10,0,8.2,34,Good,6.0,UG/M3,1 Hr,Valid
Embassy Kathmandu,PM2.5 - Principal,2018-07-10 01:00 AM,2018,7,10,1,7.6,32,Good,7.0,UG/M3,1 Hr,Valid
Embassy Kathmandu,PM2.5 - Principal,2018-07-10 02:00 AM,2018,7,10,2,6.8,28,Good,6.0,UG/M3,1 Hr,Valid
Embassy Kathmandu,PM2.5 - Principal,2018-07-10 03:00 AM,2018,7,10,3,4.4,18,Good,2.0,UG/M3,1 Hr,Valid
Embassy Kathmandu,PM2.5 - Principal,2018-07-10 04:00 AM,2018,7,10,4,2.2,9,Good,0.0,UG/M3,1 Hr,Valid
Embassy Kathmandu,PM2.5 - Principal,2018-07-10 05:00 AM,2018,7,10,5,1.6,7,Good,1.0,UG/M3,1 Hr,Valid
Embassy Kathmandu,PM2.5 - Principal,2018-07-10 06:00 AM,2018,7,10,6,2.7,11,Good,4.0,UG/M3,1 Hr,Valid
Embassy Kathmandu,PM2.5 - Principal,2018-07-10 07:00 AM,2018,7,10,7,5.3,22,Good,8.0,UG/M3,1 Hr,Valid
Embassy Kathmandu,PM2.5 - Principal,2018-07-10 08:00 AM,2018,7,10,8,8.1,34,Good,11.0,UG/M3,1 Hr,Valid
Embassy Kathmandu,PM2.5 - Principal,2018-07-10 09:00 AM,2018,7,10,9,10.0,42,Good,12.0,UG/M3,1 Hr,Valid
Embassy Kathmandu,PM2.5 - Principal,2018-07-10 10:00 AM,2018,7,10,10,13.5,54,Moderate,17.0,UG/M3,1 Hr,Valid
Embassy Kathmandu,PM2.5 - Principal,2018-07-10 11:00 AM,2018,7,10,11,15.7,59,Moderate,18.0,UG/M3,1 Hr,Valid
Embassy Kathmandu,PM2.5 - Principal,2018-07-10 12:00 PM,2018,7,10,12,15.8,59,Moderate,16.0,UG/M3,1 Hr,Valid
Embassy Kathmandu,PM2.5 - Principal,2018-07-10 01:00 PM,2018,7,10,13,16.4,60,Moderate,17.0,UG/M3,1 Hr,Valid
Embassy Kathmandu,PM2.5 - Principal,2018-07-10 02:00 PM,2018,7,10,14,13.7,54,Moderate,11.0,UG/M3,1 Hr,Valid
Embassy Kathmandu,PM2.5 - Principal,2018-07-10 03:00 PM,2018,7,10,15,11.8,49,Good,10.0,UG/M3,1 Hr,Valid
Embassy Kathmandu,PM2.5 - Principal,2018-07-10 04:00 PM,2018,7,10,16,12.4,52,Moderate,13.0,UG/M3,1 Hr,Valid
Embassy Kathmandu,PM2.5 - Principal,2018-07-10 05:00 PM,2018,7,10,17,15.2,58,Moderate,18.0,UG/M3,1 Hr,Valid
Embassy Kathmandu,PM2.5 - Principal,2018-07-10 06:00 PM,2018,7,10,18,15.1,57,Moderate,15.0,UG/M3,1 Hr,Valid
Embassy Kathmandu,PM2.5 - Principal,2018-07-10 07:00 PM,2018,7,10,19,16.3,60,Moderate,18.0,UG/M3,1 Hr,Valid
Embassy Kathmandu,PM2.5 - Principal,2018-07-10 08:00 PM,2018,7,10,20,17.6,63,Moderate,19.0,UG/M3,1 Hr,Valid
Embassy Kathmandu,PM2.5 - Principal,2018-07-10 09:00 PM,2018,7,10,21,15.4,58,Moderate,13.0,UG/M3,1 Hr,Valid
Embassy Kathmandu,PM2.5 - Principal,2018-07-10 10:00 PM,2018,7,10,22,14.2,55,Moderate,13.0,UG/M3,1 Hr,Valid
Embassy Kathmandu,PM2.5 - Principal,2018-07-10 11:00 PM,2018,7,10,23,16.5,60,Moderate,19.0,UG/M3,1 Hr,Valid
Embassy Kathmandu,PM2.5 - Principal,2018-07-11 12:00 AM,2018,7,11,0,13.4,54,Moderate,10.0,UG/M3,1 Hr,Valid
Embassy Kathmandu,PM2.5 - Principal,2018-07-11 01:00 AM,2018,7,11,1,12.2,51,Moderate,11.0,UG/M3,1 Hr,Valid
Embassy Kathmandu,PM2.5 - Principal,2018-07-11 02:00 AM,2018,7,11,2,10.0,42,Good,8.0,UG/M3,1 Hr,Valid
Embassy Kathmandu,PM2.5 - Principal,2018-07-11 03:00 AM,2018,7,11,3,7.0,29,Good,4.0,UG/M3,1 Hr,Valid
Embassy Kathmandu,PM2.5 - Principal,2018-07-11 04:00 AM,2018,7,11,4,4.0,17,Good,1.0,UG/M3,1 Hr,Valid
Embassy Kathmandu,PM2.5 - Principal,2018-07-11 05:00 AM,2018,7,11,5,2.5,10,Good,1.0,UG/M3,1 Hr,Valid
Embassy Kathmandu,PM2.5 - Principal,2018-07-11 06:00 AM,2018,7,11,6,3.7,15,Good,5.0,UG/M3,1 Hr,Valid
Embassy Kathmandu,PM2.5 - Principal,2018-07-11 07:00 AM,2018,7,11,7,6.3,26,Good,9.0,UG/M3,1 Hr,Valid
Embassy Kathmandu,PM2.5 - Principal,2018-07-11 08:00 AM,2018,7,11,8,7.1,30,Good,8.0,UG/M3,1 Hr,Valid
Embassy Kathmandu,PM2.5 - Principal,2018-07-11 09:00 AM,2018,7,11,9,8.0,33,Good,9.0,UG/M3,1 Hr,Valid
Embassy Kathmandu,PM2.5 - Principal,2018-07-11 10:00 AM,2018,7,11,10,10.5,44,Good,13.0,UG/M3,1 Hr,Valid
Embassy Kathmandu,PM2.5 - Principal,2018-07-11 11:00 AM,2018,7,11,11,16.7,61,Moderate,23.0,UG/M3,1 Hr,Valid
Embassy Kathmandu,PM2.5 - Principal,2018-07-11 12:00 PM,2018,7,11,12,15.8,59,Moderate,15.0,UG/M3,1 Hr,Valid
Embassy Kathmandu,PM2.5 - Principal,2018-07-11 01:00 PM,2018,7,11,13,16.9,61,Moderate,18.0,UG/M3,1 Hr,Valid
Embassy Kathmandu,PM2.5 - Principal,2018-07-11 02:00 PM,2018,7,11,14,16.4,60,Moderate,16.0,UG/M3,1 Hr,Valid
Embassy Kathmandu,PM2.5 - Principal,2018-07-11 03:00 PM,2018,7,11,15,14.2,55,Moderate,12.0,UG/M3,1 Hr,Valid
Embassy Kathmandu,PM2.5 - Principal,2018-07-11 04:00 PM,2018,7,11,16,12.1,51,Moderate,10.0,UG/M3,1 Hr,Valid
Embassy Kathmandu,PM2.5 - Principal,2018-07-11 05:00 PM,2018,7,11,17,12.5,52,Moderate,13.0,UG/M3,1 Hr,Valid
Embassy Kathmandu,PM2.5 - Principal,2018-07-11 06:00 PM,2018,7,11,18,12.2,51,Moderate,12.0,UG/M3,1 Hr,Valid
Embassy Kathmandu,PM2.5 - Principal,2018-07-11 07:00 PM,2018,7,11,19,10.1,42,Good,8.0,UG/M3,1 Hr,Valid
Embassy Kathmandu,PM2.5 - Principal,2018-07-11 08:00 PM,2018,7,11,20,14.0,55,Moderate,18.0,UG/M3,1 Hr,Valid
Embassy Kathmandu,PM2.5 - Principal,2018-07-11 09:00 PM,2018,7,11,21,15.5,58,Moderate,17.0,UG/M3,1 Hr,Valid
Embassy Kathmandu,PM2.5 - Principal,2018-07-11 10:00 PM,2018,7,11,22,13.2,53,Moderate,11.0,UG/M3,1 Hr,Valid
Embassy Kathmandu,PM2.5 - Principal,2018-07-11 11:00 PM,2018,7,11,23,9.6,40,Good,6.0,UG/M3,1 Hr,Valid
Embassy Kathmandu,PM2.5 - Principal,2018-07-12 12:00 AM,2018,7,12,0,6.8,28,Good,4.0,UG/M3,1 Hr,Valid
Embassy Kathmandu,PM2.5 - Principal,2018-07-12 01:00 AM,2018,7,12,1,5.4,23,Good,4.0,UG/M3,1 Hr,Valid
Embassy Kathmandu,PM2.5 - Principal,2018-07-12 02:00 AM,2018,7,12,2,3.7,15,Good,2.0,UG/M3,1 Hr,Valid
Embassy Kathmandu,PM2.5 - Principal,2018-07-12 03:00 AM,2018,7,12,3,2.8,12,Good,2.0,UG/M3,1 Hr,Valid
Embassy Kathmandu,PM2.5 - Principal,2018-07-12 04:00 AM,2018,7,12,4,2.9,12,Good,3.0,UG/M3,1 Hr,Valid
Embassy Kathmandu,PM2.5 - Principal,2018-07-12 05:00 AM,2018,7,12,5,2.9,12,Good,3.0,UG/M3,1 Hr,Valid
Embassy Kathmandu,PM2.5 - Principal,2018-07-12 06:00 AM,2018,7,12,6,2.4,10,Good,2.0,UG/M3,1 Hr,Valid
Embassy Kathmandu,PM2.5 - Principal,2018-07-12 07:00 AM,2018,7,12,7,3.7,15,Good,5.0,UG/M3,1 Hr,Valid
Embassy Kathmandu,PM2.5 - Principal,2018-07-12 08:00 AM,2018,7,12,8,6.8,28,Good,10.0,UG/M3,1 Hr,Valid
Embassy Kathmandu,PM2.5 - Principal,2018-07-12 09:00 AM,2018,7,12,9,9.4,39,Good,12.0,UG/M3,1 Hr,Valid
Embassy Kathmandu,PM2.5 - Principal,2018-07-12 10:00 AM,2018,7,12,10,10.7,45,Good,12.0,UG/M3,1 Hr,Valid
Embassy Kathmandu,PM2.5 - Principal,2018-07-12 11:00 AM,2018,7,12,11,8.8,37,Good,7.0,UG/M3,1 Hr,Valid
Embassy Kathmandu,PM2.5 - Principal,2018-07-12 12:00 PM,2018,7,12,12,7.4,31,Good,6.0,UG/M3,1 Hr,Valid
Embassy Kathmandu,PM2.5 - Principal,2018-07-12 01:00 PM,2018,7,12,13,6.2,26,Good,5.0,UG/M3,1 Hr,Valid
Embassy Kathmandu,PM2.5 - Principal,2018-07-12 02:00 PM,2018,7,12,14,7.6,32,Good,9.0,UG/M3,1 Hr,Valid
Embassy Kathmandu,PM2.5 - Principal,2018-07-12 03:00 PM,2018,7,12,15,8.3,35,Good,9.0,UG/M3,1 Hr,Valid
Embassy Kathmandu,PM2.5 - Principal,2018-07-12 04:00 PM,2018,7,12,16,9.1,38,Good,10.0,UG/M3,1 Hr,Valid
Embassy Kathmandu,PM2.5 - Principal,2018-07-12 05:00 PM,2018,7,12,17,11.5,48,Good,14.0,UG/M3,1 Hr,Valid
Embassy Kathmandu,PM2.5 - Principal,2018-07-12 06:00 PM,2018,7,12,18,10.7,45,Good,10.0,UG/M3,1 Hr,Valid
Embassy Kathmandu,PM2.5 - Principal,2018-07-12 07:00 PM,2018,7,12,19,9.8,41,Good,9.0,UG/M3,1 Hr,Valid
Embassy Kathmandu,PM2.5 - Principal,2018-07-12 08:00 PM,2018,7,12,20,10.9,45,Good,12.0,UG/M3,1 Hr,Valid
Embassy Kathmandu,PM2.5 - Principal,2018-07-12 09:00 PM,2018,7,12,21,10.9,45,Good,11.0,UG/M3,1 Hr,Valid
Embassy Kathmandu,PM2.5 - Principal,2018-07-12 10:00 PM,2018,7,12,22,17.9,63,Moderate,25.0,UG/M3,1 Hr,Valid
Embassy Kathmandu,PM2.5 - Principal,2018-07-12 11:00 PM,2018,7,12,23,17.4,62,Moderate,17.0,UG/M3,1 Hr,Valid
Embassy Kathmandu,PM2.5 - Principal,2018-07-13 12:00 AM,2018,7,13,0,14.7,56,Moderate,12.0,UG/M3,1 Hr,Valid
Embassy Kathmandu,PM2.5 - Principal,2018-07-13 01:00 AM,2018,7,13,1,11.8,49,Good,9.0,UG/M3,1 Hr,Valid
Embassy Kathmandu,PM2.5 - Principal,2018-07-13 02:00 AM,2018,7,13,2,9.4,39,Good,7.0,UG/M3,1 Hr,Valid
Embassy Kathmandu,PM2.5 - Principal,2018-07-13 03:00 AM,2018,7,13,3,7.2,30,Good,5.0,UG/M3,1 Hr,Valid
Embassy Kathmandu,PM2.5 - Principal,2018-07-13 04:00 AM,2018,7,13,4,4.1,17,Good,1.0,UG/M3,1 Hr,Valid
Embassy Kathmandu,PM2.5 - Principal,2018-07-13 05:00 AM,2018,7,13,5,2.5,10,Good,1.0,UG/M3,1 Hr,Valid
Embassy Kathmandu,PM2.5 - Principal,2018-07-13 06:00 AM,2018,7,13,6,2.7,11,Good,3.0,UG/M3,1 Hr,Valid
Embassy Kathmandu,PM2.5 - Principal,2018-07-13 07:00 AM,2018,7,13,7,5.8,24,Good,9.0,UG/M3,1 Hr,Valid
Embassy Kathmandu,PM2.5 - Principal,2018-07-13 08:00 AM,2018,7,13,8,6.9,29,Good,8.0,UG/M3,1 Hr,Valid
Embassy Kathmandu,PM2.5 - Principal,2018-07-13 09:00 AM,2018,7,13,9,7.9,33,Good,9.0,UG/M3,1 Hr,Valid
Embassy Kathmandu,PM2.5 - Principal,2018-07-13 10:00 AM,2018,7,13,10,7.9,33,Good,8.0,UG/M3,1 Hr,Valid
Embassy Kathmandu,PM2.5 - Principal,2018-07-13 11:00 AM,2018,7,13,11,12.4,52,Moderate,17.0,UG/M3,1 Hr,Valid
Embassy Kathmandu,PM2.5 - Principal,2018-07-13 12:00 PM,2018,7,13,12,11.7,49,Good,11.0,UG/M3,1 Hr,Valid
Embassy Kathmandu,PM2.5 - Principal,2018-07-13 01:00 PM,2018,7,13,13,10.8,45,Good,10.0,UG/M3,1 Hr,Valid
Embassy Kathmandu,PM2.5 - Principal,2018-07-13 02:00 PM,2018,7,13,14,10.9,45,Good,11.0,UG/M3,1 Hr,Valid
Embassy Kathmandu,PM2.5 - Principal,2018-07-13 03:00 PM,2018,7,13,15,11.9,50,Good,13.0,UG/M3,1 Hr,Valid
Embassy Kathmandu,PM2.5 - Principal,2018-07-13 04:00 PM,2018,7,13,16,12.9,53,Moderate,14.0,UG/M3,1 Hr,Valid
Embassy Kathmandu,PM2.5 - Principal,2018-07-13 05:00 PM,2018,7,13,17,13.4,54,Moderate,14.0,UG/M3,1 Hr,Valid
Embassy Kathmandu,PM2.5 - Principal,2018-07-13 06:00 PM,2018,7,13,18,11.7,49,Good,10.0,UG/M3,1 Hr,Valid
Embassy Kathmandu,PM2.5 - Principal,2018-07-13 07:00 PM,2018,7,13,19,12.3,51,Moderate,13.0,UG/M3,1 Hr,Valid
Embassy Kathmandu,PM2.5 - Principal,2018-07-13 08:00 PM,2018,7,13,20,11.1,46,Good,10.0,UG/M3,1 Hr,Valid
Embassy Kathmandu,PM2.5 - Principal,2018-07-13 09:00 PM,2018,7,13,21,12.0,50,Good,13.0,UG/M3,1 Hr,Valid
Embassy Kathmandu,PM2.5 - Principal,2018-07-13 10:00 PM,2018,7,13,22,10.6,44,Good,9.0,UG/M3,1 Hr,Valid
Embassy Kathmandu,PM2.5 - Principal,2018-07-13 11:00 PM,2018,7,13,23,7.2,30,Good,4.0,UG/M3,1 Hr,Valid
Embassy Kathmandu,PM2.5 - Principal,2018-07-14 12:00 AM,2018,7,14,0,4.6,19,Good,2.0,UG/M3,1 Hr,Valid
Embassy Kathmandu,PM2.5 - Principal,2018-07-14 01:00 AM,2018,7,14,1,4.3,18,Good,4.0,UG/M3,1 Hr,Valid
Embassy Kathmandu,PM2.5 - Principal,2018-07-14 02:00 AM,2018,7,14,2,5.6,23,Good,7.0,UG/M3,1 Hr,Valid
Embassy Kathmandu,PM2.5 - Principal,2018-07-14 03:00 AM,2018,7,14,3,5.3,22,Good,5.0,UG/M3,1 Hr,Valid
Embassy Kathmandu,PM2.5 - Principal,2018-07-14 04:00 AM,2018,7,14,4,5.1,21,Good,5.0,UG/M3,1 Hr,Valid
Embassy Kathmandu,PM2.5 - Principal,2018-07-14 05:00 AM,2018,7,14,5,6.0,25,Good,7.0,UG/M3,1 Hr,Valid
Embassy Kathmandu,PM2.5 - Principal,2018-07-14 06:00 AM,2018,7,14,6,7.0,29,Good,8.0,UG/M3,1 Hr,Valid
Embassy Kathmandu,PM2.5 - Principal,2018-07-14 07:00 AM,2018,7,14,7,8.0,33,Good,9.0,UG/M3,1 Hr,Valid
Embassy Kathmandu,PM2.5 - Principal,2018-07-14 08:00 AM,2018,7,14,8,7.0,29,Good,6.0,UG/M3,1 Hr,Valid
Embassy Kathmandu,PM2.5 - Principal,2018-07-14 09:00 AM,2018,7,14,9,6.5,27,Good,6.0,UG/M3,1 Hr,Valid
Embassy Kathmandu,PM2.5 - Principal,2018-07-14 10:00 AM,2018,7,14,10,4.7,20,Good,3.0,UG/M3,1 Hr,Valid
Embassy Kathmandu,PM2.5 - Principal,2018-07-14 11:00 AM,2018,7,14,11,6.8,28,Good,9.0,UG/M3,1 Hr,Valid
Embassy Kathmandu,PM2.5 - Principal,2018-07-14 12:00 PM,2018,7,14,12,10.9,45,Good,15.0,UG/M3,1 Hr,Valid
Embassy Kathmandu,PM2.5 - Principal,2018-07-14 01:00 PM,2018,7,14,13,12.4,52,Moderate,14.0,UG/M3,1 Hr,Valid
Embassy Kathmandu,PM2.5 - Principal,2018-07-14 02:00 PM,2018,7,14,14,11.7,49,Good,11.0,UG/M3,1 Hr,Valid
Embassy Kathmandu,PM2.5 - Principal,2018-07-14 03:00 PM,2018,7,14,15,10.3,43,Good,9.0,UG/M3,1 Hr,Valid
Embassy Kathmandu,PM2.5 - Principal,2018-07-14 04:00 PM,2018,7,14,16,9.1,38,Good,8.0,UG/M3,1 Hr,Valid
Embassy Kathmandu,PM2.5 - Principal,2018-07-14 05:00 PM,2018,7,14,17,8.0,33,Good,7.0,UG/M3,1 Hr,Valid
Embassy Kathmandu,PM2.5 - Principal,2018-07-14 06:00 PM,2018,7,14,18,11.5,48,Good,15.0,UG/M3,1 Hr,Valid
Embassy Kathmandu,PM2.5 - Principal,2018-07-14 07:00 PM,2018,7,14,19,16.2,60,Moderate,21.0,UG/M3,1 Hr,Valid
Embassy Kathmandu,PM2.5 - Principal,2018-07-14 08:00 PM,2018,7,14,20,18.6,65,Moderate,21.0,UG/M3,1 Hr,Valid
Embassy Kathmandu,PM2.5 - Principal,2018-07-14 09:00 PM,2018,7,14,21,19.3,66,Moderate,20.0,UG/M3,1 Hr,Valid
Embassy Kathmandu,PM2.5 - Principal,2018-07-14 10:00 PM,2018,7,14,22,17.6,63,Moderate,16.0,UG/M3,1 Hr,Valid
Embassy Kathmandu,PM2.5 - Principal,2018-07-14 11:00 PM,2018,7,14,23,12.3,51,Moderate,7.0,UG/M3,1 Hr,Valid
Embassy Kathmandu,PM2.5 - Principal,2018-07-15 12:00 AM,2018,7,15,0,11.6,48,Good,11.0,UG/M3,1 Hr,Valid
Embassy Kathmandu,PM2.5 - Principal,2018-07-15 01:00 AM,2018,7,15,1,9.8,41,Good,8.0,UG/M3,1 Hr,Valid
Embassy Kathmandu,PM2.5 - Principal,2018-07-15 02:00 AM,2018,7,15,2,7.9,33,Good,6.0,UG/M3,1 Hr,Valid
Embassy Kathmandu,PM2.5 - Principal,2018-07-15 03:00 AM,2018,7,15,3,6.4,27,Good,5.0,UG/M3,1 Hr,Valid
Embassy Kathmandu,PM2.5 - Principal,2018-07-15 04:00 AM,2018,7,15,4,5.7,24,Good,5.0,UG/M3,1 Hr,Valid
Embassy Kathmandu,PM2.5 - Principal,2018-07-15 05:00 AM,2018,7,15,5,4.8,20,Good,4.0,UG/M3,1 Hr,Valid
Embassy Kathmandu,PM2.5 - Principal,2018-07-15 06:00 AM,2018,7,15,6,5.9,25,Good,7.0,UG/M3,1 Hr,Valid
Embassy Kathmandu,PM2.5 - Principal,2018-07-15 07:00 AM,2018,7,15,7,6.4,27,Good,7.0,UG/M3,1 Hr,Valid
Embassy Kathmandu,PM2.5 - Principal,2018-07-15 08:00 AM,2018,7,15,8,7.2,30,Good,8.0,UG/M3,1 Hr,Valid
Embassy Kathmandu,PM2.5 - Principal,2018-07-15 09:00 AM,2018,7,15,9,10.1,42,Good,13.0,UG/M3,1 Hr,Valid
Embassy Kathmandu,PM2.5 - Principal,2018-07-15 10:00 AM,2018,7,15,10,10.0,42,Good,10.0,UG/M3,1 Hr,Valid
Embassy Kathmandu,PM2.5 - Principal,2018-07-15 11:00 AM,2018,7,15,11,8.5,35,Good,7.0,UG/M3,1 Hr,Valid
Embassy Kathmandu,PM2.5 - Principal,2018-07-15 12:00 PM,2018,7,15,12,7.7,32,Good,7.0,UG/M3,1 Hr,Valid
Embassy Kathmandu,PM2.5 - Principal,2018-07-15 01:00 PM,2018,7,15,13,9.3,39,Good,11.0,UG/M3,1 Hr,Valid
Embassy Kathmandu,PM2.5 - Principal,2018-07-15 02:00 PM,2018,7,15,14,11.6,48,Good,14.0,UG/M3,1 Hr,Valid
Embassy Kathmandu,PM2.5 - Principal,2018-07-15 03:00 PM,2018,7,15,15,14.3,56,Moderate,17.0,UG/M3,1 Hr,Valid
Embassy Kathmandu,PM2.5 - Principal,2018-07-15 04:00 PM,2018,7,15,16,13.1,53,Moderate,12.0,UG/M3,1 Hr,Valid
Embassy Kathmandu,PM2.5 - Principal,2018-07-15 05:00 PM,2018,7,15,17,11.0,46,Good,9.0,UG/M3,1 Hr,Valid
Embassy Kathmandu,PM2.5 - Principal,2018-07-15 06:00 PM,2018,7,15,18,11.0,46,Good,11.0,UG/M3,1 Hr,Valid
Embassy Kathmandu,PM2.5 - Principal,2018-07-15 07:00 PM,2018,7,15,19,9.5,40,Good,8.0,UG/M3,1 Hr,Valid
Embassy Kathmandu,PM2.5 - Principal,2018-07-15 08:00 PM,2018,7,15,20,14.7,56,Moderate,20.0,UG/M3,1 Hr,Valid
Embassy Kathmandu,PM2.5 - Principal,2018-07-15 09:00 PM,2018,7,15,21,14.8,57,Moderate,15.0,UG/M3,1 Hr,Valid
Embassy Kathmandu,PM2.5 - Principal,2018-07-15 10:00 PM,2018,7,15,22,13.4,54,Moderate,12.0,UG/M3,1 Hr,Valid
Embassy Kathmandu,PM2.5 - Principal,2018-07-15 11:00 PM,2018,7,15,23,10.2,43,Good,7.0,UG/M3,1 Hr,Valid
Embassy Kathmandu,PM2.5 - Principal,2018-07-16 12:00 AM,2018,7,16,0,8.6,36,Good,7.0,UG/M3,1 Hr,Valid
Embassy Kathmandu,PM2.5 - Principal,2018-07-16 01:00 AM,2018,7,16,1,7.3,30,Good,6.0,UG/M3,1 Hr,Valid
Embassy Kathmandu,PM2.5 - Principal,2018-07-16 02:00 AM,2018,7,16,2,5.1,21,Good,3.0,UG/M3,1 Hr,Valid
Embassy Kathmandu,PM2.5 - Principal,2018-07-16 03:00 AM,2018,7,16,3,3.0,13,Good,1.0,UG/M3,1 Hr,Valid
Embassy Kathmandu,PM2.5 - Principal,2018-07-16 04:00 AM,2018,7,16,4,0.5,2,Good,-2.0,UG/M3,1 Hr,Valid
Embassy Kathmandu,PM2.5 - Principal,2018-07-16 05:00 AM,2018,7,16,5,-1.2,-999,,-3.0,UG/M3,1 Hr,Valid
Embassy Kathmandu,PM2.5 - Principal,2018-07-16 06:00 AM,2018,7,16,6,-0.6,-999,,0.0,UG/M3,1 Hr,Valid
Embassy Kathmandu,PM2.5 - Principal,2018-07-16 07:00 AM,2018,7,16,7,2.6,11,Good,6.0,UG/M3,1 Hr,Valid
Embassy Kathmandu,PM2.5 - Principal,2018-07-16 08:00 AM,2018,7,16,8,5.8,24,Good,9.0,UG/M3,1 Hr,Valid
Embassy Kathmandu,PM2.5 - Principal,2018-07-16 09:00 AM,2018,7,16,9,8.9,37,Good,12.0,UG/M3,1 Hr,Valid
Embassy Kathmandu,PM2.5 - Principal,2018-07-16 10:00 AM,2018,7,16,10,92.4,170,Unhealthy,176.0,UG/M3,1 Hr,Valid
Embassy Kathmandu,PM2.5 - Principal,2018-07-16 11:00 AM,2018,7,16,11,55.2,150,Unhealthy for Sensitive Groups,18.0,UG/M3,1 Hr,Valid
Embassy Kathmandu,PM2.5 - Principal,2018-07-16 12:00 PM,2018,7,16,12,34.1,97,Moderate,13.0,UG/M3,1 Hr,Valid
Embassy Kathmandu,PM2.5 - Principal,2018-07-16 01:00 PM,2018,7,16,13,21.0,70,Moderate,8.0,UG/M3,1 Hr,Valid
Embassy Kathmandu,PM2.5 - Principal,2018-07-16 02:00 PM,2018,7,16,14,15.0,57,Moderate,9.0,UG/M3,1 Hr,Valid
Embassy Kathmandu,PM2.5 - Principal,2018-07-16 03:00 PM,2018,7,16,15,11.5,48,Good,8.0,UG/M3,1 Hr,Valid
Embassy Kathmandu,PM2.5 - Principal,2018-07-16 04:00 PM,2018,7,16,16,10.7,45,Good,10.0,UG/M3,1 Hr,Valid
Embassy Kathmandu,PM2.5 - Principal,2018-07-16 05:00 PM,2018,7,16,17,9.8,41,Good,9.0,UG/M3,1 Hr,Valid
Embassy Kathmandu,PM2.5 - Principal,2018-07-16 06:00 PM,2018,7,16,18,8.4,35,Good,7.0,UG/M3,1 Hr,Valid
Embassy Kathmandu,PM2.5 - Principal,2018-07-16 07:00 PM,2018,7,16,19,10.2,43,Good,12.0,UG/M3,1 Hr,Valid
Embassy Kathmandu,PM2.5 - Principal,2018-07-16 08:00 PM,2018,7,16,20,10.1,42,Good,10.0,UG/M3,1 Hr,Valid
Embassy Kathmandu,PM2.5 - Principal,2018-07-16 09:00 PM,2018,7,16,21,8.5,35,Good,7.0,UG/M3,1 Hr,Valid
Embassy Kathmandu,PM2.5 - Principal,2018-07-16 10:00 PM,2018,7,16,22,9.2,38,Good,10.0,UG/M3,1 Hr,Valid
Embassy Kathmandu,PM2.5 - Principal,2018-07-16 11:00 PM,2018,7,16,23,9.5,40,Good,10.0,UG/M3,1 Hr,Valid
Embassy Kathmandu,PM2.5 - Principal,2018-07-17 12:00 AM,2018,7,17,0,8.4,35,Good,7.0,UG/M3,1 Hr,Valid
Embassy Kathmandu,PM2.5 - Principal,2018-07-17 01:00 AM,2018,7,17,1,6.6,28,Good,5.0,UG/M3,1 Hr,Valid
Embassy Kathmandu,PM2.5 - Principal,2018-07-17 02:00 AM,2018,7,17,2,6.3,26,Good,6.0,UG/M3,1 Hr,Valid
Embassy Kathmandu,PM2.5 - Principal,2018-07-17 03:00 AM,2018,7,17,3,6.1,25,Good,6.0,UG/M3,1 Hr,Valid
Embassy Kathmandu,PM2.5 - Principal,2018-07-17 04:00 AM,2018,7,17,4,5.5,23,Good,5.0,UG/M3,1 Hr,Valid
Embassy Kathmandu,PM2.5 - Principal,2018-07-17 05:00 AM,2018,7,17,5,5.2,22,Good,5.0,UG/M3,1 Hr,Valid
Embassy Kathmandu,PM2.5 - Principal,2018-07-17 06:00 AM,2018,7,17,6,5.1,21,Good,5.0,UG/M3,1 Hr,Valid
Embassy Kathmandu,PM2.5 - Principal,2018-07-17 07:00 AM,2018,7,17,7,9.0,38,Good,13.0,UG/M3,1 Hr,Valid
Embassy Kathmandu,PM2.5 - Principal,2018-07-17 08:00 AM,2018,7,17,8,9.5,40,Good,10.0,UG/M3,1 Hr,Valid
Embassy Kathmandu,PM2.5 - Principal,2018-07-17 09:00 AM,2018,7,17,9,10.2,43,Good,11.0,UG/M3,1 Hr,Valid
Embassy Kathmandu,PM2.5 - Principal,2018-07-17 10:00 AM,2018,7,17,10,10.2,43,Good,-15.0,UG/M3,1 Hr,Invalid
Embassy Kathmandu,PM2.5 - Principal,2018-07-17 11:00 AM,2018,7,17,11,-999.0,-999,,-15.0,UG/M3,1 Hr,Invalid
Embassy Kathmandu,PM2.5 - Principal,2018-07-17 12:00 PM,2018,7,17,12,-999.0,-999,,12.0,UG/M3,1 Hr,Valid
Embassy Kathmandu,PM2.5 - Principal,2018-07-17 01:00 PM,2018,7,17,13,16.1,59,Moderate,19.0,UG/M3,1 Hr,Valid
Embassy Kathmandu,PM2.5 - Principal,2018-07-17 02:00 PM,2018,7,17,14,10.5,44,Good,6.0,UG/M3,1 Hr,Valid
Embassy Kathmandu,PM2.5 - Principal,2018-07-17 03:00 PM,2018,7,17,15,8.6,36,Good,7.0,UG/M3,1 Hr,Valid
Embassy Kathmandu,PM2.5 - Principal,2018-07-17 04:00 PM,2018,7,17,16,7.8,33,Good,7.0,UG/M3,1 Hr,Valid
Embassy Kathmandu,PM2.5 - Principal,2018-07-17 05:00 PM,2018,7,17,17,8.4,35,Good,9.0,UG/M3,1 Hr,Valid
Embassy Kathmandu,PM2.5 - Principal,2018-07-17 06:00 PM,2018,7,17,18,12.2,51,Moderate,16.0,UG/M3,1 Hr,Valid
Embassy Kathmandu,PM2.5 - Principal,2018-07-17 07:00 PM,2018,7,17,19,10.6,44,Good,9.0,UG/M3,1 Hr,Valid
Embassy Kathmandu,PM2.5 - Principal,2018-07-17 08:00 PM,2018,7,17,20,11.8,49,Good,13.0,UG/M3,1 Hr,Valid
Embassy Kathmandu,PM2.5 - Principal,2018-07-17 09:00 PM,2018,7,17,21,12.9,53,Moderate,14.0,UG/M3,1 Hr,Valid
Embassy Kathmandu,PM2.5 - Principal,2018-07-17 10:00 PM,2018,7,17,22,12.4,52,Moderate,12.0,UG/M3,1 Hr,Valid
Embassy Kathmandu,PM2.5 - Principal,2018-07-17 11:00 PM,2018,7,17,23,11.7,49,Good,11.0,UG/M3,1 Hr,Valid
Embassy Kathmandu,PM2.5 - Principal,2018-07-18 12:00 AM,2018,7,18,0,10.8,45,Good,10.0,UG/M3,1 Hr,Valid
Embassy Kathmandu,PM2.5 - Principal,2018-07-18 01:00 AM,2018,7,18,1,10.4,43,Good,10.0,UG/M3,1 Hr,Valid
Embassy Kathmandu,PM2.5 - Principal,2018-07-18 02:00 AM,2018,7,18,2,8.7,36,Good,7.0,UG/M3,1 Hr,Valid
Embassy Kathmandu,PM2.5 - Principal,2018-07-18 03:00 AM,2018,7,18,3,5.8,24,Good,3.0,UG/M3,1 Hr,Valid
Embassy Kathmandu,PM2.5 - Principal,2018-07-18 04:00 AM,2018,7,18,4,2.9,12,Good,0.0,UG/M3,1 Hr,Valid
Embassy Kathmandu,PM2.5 - Principal,2018-07-18 05:00 AM,2018,7,18,5,0.9,4,Good,-1.0,UG/M3,1 Hr,Valid
Embassy Kathmandu,PM2.5 - Principal,2018-07-18 06:00 AM,2018,7,18,6,0.9,4,Good,1.0,UG/M3,1 Hr,Valid
Embassy Kathmandu,PM2.5 - Principal,2018-07-18 07:00 AM,2018,7,18,7,3.4,14,Good,6.0,UG/M3,1 Hr,Valid
Embassy Kathmandu,PM2.5 - Principal,2018-07-18 08:00 AM,2018,7,18,8,6.2,26,Good,9.0,UG/M3,1 Hr,Valid
Embassy Kathmandu,PM2.5 - Principal,2018-07-18 09:00 AM,2018,7,18,9,8.1,34,Good,10.0,UG/M3,1 Hr,Valid
Embassy Kathmandu,PM2.5 - Principal,2018-07-18 10:00 AM,2018,7,18,10,8.1,34,Good,-999.0,UG/M3,1 Hr,Missing
Embassy Kathmandu,PM2.5 - Principal,2018-07-18 11:00 AM,2018,7,18,11,10.0,42,Good,11.0,UG/M3,1 Hr,Valid
Embassy Kathmandu,PM2.5 - Principal,2018-07-18 12:00 PM,2018,7,18,12,10.5,44,Good,11.0,UG/M3,1 Hr,Valid
Embassy Kathmandu,PM2.5 - Principal,2018-07-18 01:00 PM,2018,7,18,13,7.0,29,Good,4.0,UG/M3,1 Hr,Valid
Embassy Kathmandu,PM2.5 - Principal,2018-07-18 02:00 PM,2018,7,18,14,7.5,31,Good,8.0,UG/M3,1 Hr,Valid
Embassy Kathmandu,PM2.5 - Principal,2018-07-18 03:00 PM,2018,7,18,15,11.8,49,Good,16.0,UG/M3,1 Hr,Valid
Embassy Kathmandu,PM2.5 - Principal,2018-07-18 04:00 PM,2018,7,18,16,7.3,30,Good,3.0,UG/M3,1 Hr,Valid
Embassy Kathmandu,PM2.5 - Principal,2018-07-18 05:00 PM,2018,7,18,17,6.6,28,Good,6.0,UG/M3,1 Hr,Valid
Embassy Kathmandu,PM2.5 - Principal,2018-07-18 06:00 PM,2018,7,18,18,8.3,35,Good,10.0,UG/M3,1 Hr,Valid
Embassy Kathmandu,PM2.5 - Principal,2018-07-18 07:00 PM,2018,7,18,19,7.1,30,Good,6.0,UG/M3,1 Hr,Valid
Embassy Kathmandu,PM2.5 - Principal,2018-07-18 08:00 PM,2018,7,18,20,6.5,27,Good,6.0,UG/M3,1 Hr,Valid
Embassy Kathmandu,PM2.5 - Principal,2018-07-18 09:00 PM,2018,7,18,21,9.2,38,Good,12.0,UG/M3,1 Hr,Valid
Embassy Kathmandu,PM2.5 - Principal,2018-07-18 10:00 PM,2018,7,18,22,12.1,51,Moderate,15.0,UG/M3,1 Hr,Valid
Embassy Kathmandu,PM2.5 - Principal,2018-07-18 11:00 PM,2018,7,18,23,8.5,35,Good,5.0,UG/M3,1 Hr,Valid
Embassy Kathmandu,PM2.5 - Principal,2018-07-19 12:00 AM,2018,7,19,0,6.7,28,Good,5.0,UG/M3,1 Hr,Valid
Embassy Kathmandu,PM2.5 - Principal,2018-07-19 01:00 AM,2018,7,19,1,5.3,22,Good,4.0,UG/M3,1 Hr,Valid
Embassy Kathmandu,PM2.5 - Principal,2018-07-19 02:00 AM,2018,7,19,2,4.1,17,Good,3.0,UG/M3,1 Hr,Valid
Embassy Kathmandu,PM2.5 - Principal,2018-07-19 03:00 AM,2018,7,19,3,5.0,21,Good,6.0,UG/M3,1 Hr,Valid
Embassy Kathmandu,PM2.5 - Principal,2018-07-19 04:00 AM,2018,7,19,4,4.5,19,Good,4.0,UG/M3,1 Hr,Valid
Embassy Kathmandu,PM2.5 - Principal,2018-07-19 05:00 AM,2018,7,19,5,2.7,11,Good,1.0,UG/M3,1 Hr,Valid
Embassy Kathmandu,PM2.5 - Principal,2018-07-19 06:00 AM,2018,7,19,6,2.3,10,Good,2.0,UG/M3,1 Hr,Valid
Embassy Kathmandu,PM2.5 - Principal,2018-07-19 07:00 AM,2018,7,19,7,3.6,15,Good,5.0,UG/M3,1 Hr,Valid
Embassy Kathmandu,PM2.5 - Principal,2018-07-19 08:00 AM,2018,7,19,8,4.8,20,Good,6.0,UG/M3,1 Hr,Valid
Embassy Kathmandu,PM2.5 - Principal,2018-07-19 09:00 AM,2018,7,19,9,8.4,35,Good,12.0,UG/M3,1 Hr,Valid
Embassy Kathmandu,PM2.5 - Principal,2018-07-19 10:00 AM,2018,7,19,10,10.2,43,Good,12.0,UG/M3,1 Hr,Valid
Embassy Kathmandu,PM2.5 - Principal,2018-07-19 11:00 AM,2018,7,19,11,10.6,44,Good,11.0,UG/M3,1 Hr,Valid
Embassy Kathmandu,PM2.5 - Principal,2018-07-19 12:00 PM,2018,7,19,12,9.8,41,Good,9.0,UG/M3,1 Hr,Valid
Embassy Kathmandu,PM2.5 - Principal,2018-07-19 01:00 PM,2018,7,19,13,8.4,35,Good,7.0,UG/M3,1 Hr,Valid
Embassy Kathmandu,PM2.5 - Principal,2018-07-19 02:00 PM,2018,7,19,14,8.2,34,Good,8.0,UG/M3,1 Hr,Valid
Embassy Kathmandu,PM2.5 - Principal,2018-07-19 03:00 PM,2018,7,19,15,12.1,51,Moderate,16.0,UG/M3,1 Hr,Valid
Embassy Kathmandu,PM2.5 - Principal,2018-07-19 04:00 PM,2018,7,19,16,11.0,46,Good,10.0,UG/M3,1 Hr,Valid
Embassy Kathmandu,PM2.5 - Principal,2018-07-19 05:00 PM,2018,7,19,17,9.5,40,Good,8.0,UG/M3,1 Hr,Valid
Embassy Kathmandu,PM2.5 - Principal,2018-07-19 06:00 PM,2018,7,19,18,9.2,38,Good,9.0,UG/M3,1 Hr,Valid
Embassy Kathmandu,PM2.5 - Principal,2018-07-19 07:00 PM,2018,7,19,19,12.6,52,Moderate,16.0,UG/M3,1 Hr,Valid
Embassy Kathmandu,PM2.5 - Principal,2018-07-19 08:00 PM,2018,7,19,20,13.3,54,Moderate,14.0,UG/M3,1 Hr,Valid
Embassy Kathmandu,PM2.5 - Principal,2018-07-19 09:00 PM,2018,7,19,21,13.6,54,Moderate,14.0,UG/M3,1 Hr,Valid
Embassy Kathmandu,PM2.5 - Principal,2018-07-19 10:00 PM,2018,7,19,22,15.3,58,Moderate,17.0,UG/M3,1 Hr,Valid
Embassy Kathmandu,PM2.5 - Principal,2018-07-19 11:00 PM,2018,7,19,23,14.1,55,Moderate,13.0,UG/M3,1 Hr,Valid
Embassy Kathmandu,PM2.5 - Principal,2018-07-20 12:00 AM,2018,7,20,0,11.0,46,Good,8.0,UG/M3,1 Hr,Valid
Embassy Kathmandu,PM2.5 - Principal,2018-07-20 01:00 AM,2018,7,20,1,7.5,31,Good,4.0,UG/M3,1 Hr,Valid
Embassy Kathmandu,PM2.5 - Principal,2018-07-20 02:00 AM,2018,7,20,2,9.7,40,Good,12.0,UG/M3,1 Hr,Valid
Embassy Kathmandu,PM2.5 - Principal,2018-07-20 03:00 AM,2018,7,20,3,8.8,37,Good,8.0,UG/M3,1 Hr,Valid
Embassy Kathmandu,PM2.5 - Principal,2018-07-20 04:00 AM,2018,7,20,4,7.9,33,Good,7.0,UG/M3,1 Hr,Valid
Embassy Kathmandu,PM2.5 - Principal,2018-07-20 05:00 AM,2018,7,20,5,7.4,31,Good,7.0,UG/M3,1 Hr,Valid
Embassy Kathmandu,PM2.5 - Principal,2018-07-20 06:00 AM,2018,7,20,6,10.7,45,Good,14.0,UG/M3,1 Hr,Valid
Embassy Kathmandu,PM2.5 - Principal,2018-07-20 07:00 AM,2018,7,20,7,13.3,54,Moderate,16.0,UG/M3,1 Hr,Valid
Embassy Kathmandu,PM2.5 - Principal,2018-07-20 08:00 AM,2018,7,20,8,16.1,59,Moderate,19.0,UG/M3,1 Hr,Valid
Embassy Kathmandu,PM2.5 - Principal,2018-07-20 09:00 AM,2018,7,20,9,20.5,69,Moderate,25.0,UG/M3,1 Hr,Valid
Embassy Kathmandu,PM2.5 - Principal,2018-07-20 10:00 AM,2018,7,20,10,16.7,61,Moderate,13.0,UG/M3,1 Hr,Valid
Embassy Kathmandu,PM2.5 - Principal,2018-07-20 11:00 AM,2018,7,20,11,15.3,58,Moderate,14.0,UG/M3,1 Hr,Valid
Embassy Kathmandu,PM2.5 - Principal,2018-07-20 12:00 PM,2018,7,20,12,15.7,59,Moderate,16.0,UG/M3,1 Hr,Valid
Embassy Kathmandu,PM2.5 - Principal,2018-07-20 01:00 PM,2018,7,20,13,16.3,60,Moderate,17.0,UG/M3,1 Hr,Valid
Embassy Kathmandu,PM2.5 - Principal,2018-07-20 02:00 PM,2018,7,20,14,14.6,56,Moderate,13.0,UG/M3,1 Hr,Valid
Embassy Kathmandu,PM2.5 - Principal,2018-07-20 03:00 PM,2018,7,20,15,11.3,47,Good,8.0,UG/M3,1 Hr,Valid
Embassy Kathmandu,PM2.5 - Principal,2018-07-20 04:00 PM,2018,7,20,16,11.6,48,Good,12.0,UG/M3,1 Hr,Valid
Embassy Kathmandu,PM2.5 - Principal,2018-07-20 05:00 PM,2018,7,20,17,14.3,56,Moderate,17.0,UG/M3,1 Hr,Valid
Embassy Kathmandu,PM2.5 - Principal,2018-07-20 06:00 PM,2018,7,20,18,19.1,66,Moderate,24.0,UG/M3,1 Hr,Valid
Embassy Kathmandu,PM2.5 - Principal,2018-07-20 07:00 PM,2018,7,20,19,20.5,69,Moderate,22.0,UG/M3,1 Hr,Valid
Embassy Kathmandu,PM2.5 - Principal,2018-07-20 08:00 PM,2018,7,20,20,19.7,67,Moderate,19.0,UG/M3,1 Hr,Valid
Embassy Kathmandu,PM2.5 - Principal,2018-07-20 09:00 PM,2018,7,20,21,19.8,67,Moderate,20.0,UG/M3,1 Hr,Valid
Embassy Kathmandu,PM2.5 - Principal,2018-07-20 10:00 PM,2018,7,20,22,14.9,57,Moderate,10.0,UG/M3,1 Hr,Valid
Embassy Kathmandu,PM2.5 - Principal,2018-07-20 11:00 PM,2018,7,20,23,10.9,45,Good,7.0,UG/M3,1 Hr,Valid
Embassy Kathmandu,PM2.5 - Principal,2018-07-21 12:00 AM,2018,7,21,0,8.4,35,Good,6.0,UG/M3,1 Hr,Valid
Embassy Kathmandu,PM2.5 - Principal,2018-07-21 01:00 AM,2018,7,21,1,6.2,26,Good,4.0,UG/M3,1 Hr,Valid
Embassy Kathmandu,PM2.5 - Principal,2018-07-21 02:00 AM,2018,7,21,2,5.1,21,Good,4.0,UG/M3,1 Hr,Valid
Embassy Kathmandu,PM2.5 - Principal,2018-07-21 03:00 AM,2018,7,21,3,4.0,17,Good,3.0,UG/M3,1 Hr,Valid
Embassy Kathmandu,PM2.5 - Principal,2018-07-21 04:00 AM,2018,7,21,4,3.5,15,Good,3.0,UG/M3,1 Hr,Valid
Embassy Kathmandu,PM2.5 - Principal,2018-07-21 05:00 AM,2018,7,21,5,3.2,13,Good,3.0,UG/M3,1 Hr,Valid
Embassy Kathmandu,PM2.5 - Principal,2018-07-21 06:00 AM,2018,7,21,6,4.1,17,Good,5.0,UG/M3,1 Hr,Valid
Embassy Kathmandu,PM2.5 - Principal,2018-07-21 07:00 AM,2018,7,21,7,6.0,25,Good,8.0,UG/M3,1 Hr,Valid
Embassy Kathmandu,PM2.5 - Principal,2018-07-21 08:00 AM,2018,7,21,8,9.0,38,Good,12.0,UG/M3,1 Hr,Valid
Embassy Kathmandu,PM2.5 - Principal,2018-07-21 09:00 AM,2018,7,21,9,12.0,50,Good,15.0,UG/M3,1 Hr,Valid
Embassy Kathmandu,PM2.5 - Principal,2018-07-21 10:00 AM,2018,7,21,10,12.5,52,Moderate,13.0,UG/M3,1 Hr,Valid
Embassy Kathmandu,PM2.5 - Principal,2018-07-21 11:00 AM,2018,7,21,11,10.2,43,Good,8.0,UG/M3,1 Hr,Valid
Embassy Kathmandu,PM2.5 - Principal,2018-07-21 12:00 PM,2018,7,21,12,11.1,46,Good,12.0,UG/M3,1 Hr,Valid
Embassy Kathmandu,PM2.5 - Principal,2018-07-21 01:00 PM,2018,7,21,13,10.0,42,Good,9.0,UG/M3,1 Hr,Valid
Embassy Kathmandu,PM2.5 - Principal,2018-07-21 02:00 PM,2018,7,21,14,10.0,42,Good,10.0,UG/M3,1 Hr,Valid
Embassy Kathmandu,PM2.5 - Principal,2018-07-21 03:00 PM,2018,7,21,15,11.0,46,Good,12.0,UG/M3,1 Hr,Valid
Embassy Kathmandu,PM2.5 - Principal,2018-07-21 04:00 PM,2018,7,21,16,10.5,44,Good,10.0,UG/M3,1 Hr,Valid
Embassy Kathmandu,PM2.5 - Principal,2018-07-21 05:00 PM,2018,7,21,17,10.2,43,Good,10.0,UG/M3,1 Hr,Valid
Embassy Kathmandu,PM2.5 - Principal,2018-07-21 06:00 PM,2018,7,21,18,10.1,42,Good,10.0,UG/M3,1 Hr,Valid
Embassy Kathmandu,PM2.5 - Principal,2018-07-21 07:00 PM,2018,7,21,19,11.0,46,Good,12.0,UG/M3,1 Hr,Valid
Embassy Kathmandu,PM2.5 - Principal,2018-07-21 08:00 PM,2018,7,21,20,11.0,46,Good,11.0,UG/M3,1 Hr,Valid
Embassy Kathmandu,PM2.5 - Principal,2018-07-21 09:00 PM,2018,7,21,21,10.5,44,Good,10.0,UG/M3,1 Hr,Valid
Embassy Kathmandu,PM2.5 - Principal,2018-07-21 10:00 PM,2018,7,21,22,10.0,42,Good,9.0,UG/M3,1 Hr,Valid
Embassy Kathmandu,PM2.5 - Principal,2018-07-21 11:00 PM,2018,7,21,23,10.3,43,Good,11.0,UG/M3,1 Hr,Valid
Embassy Kathmandu,PM2.5 - Principal,2018-07-22 12:00 AM,2018,7,22,0,9.5,40,Good,8.0,UG/M3,1 Hr,Valid
Embassy Kathmandu,PM2.5 - Principal,2018-07-22 01:00 AM,2018,7,22,1,9.3,39,Good,9.0,UG/M3,1 Hr,Valid
Embassy Kathmandu,PM2.5 - Principal,2018-07-22 02:00 AM,2018,7,22,2,8.9,37,Good,8.0,UG/M3,1 Hr,Valid
Embassy Kathmandu,PM2.5 - Principal,2018-07-22 03:00 AM,2018,7,22,3,7.2,30,Good,6.0,UG/M3,1 Hr,Valid
Embassy Kathmandu,PM2.5 - Principal,2018-07-22 04:00 AM,2018,7,22,4,6.1,25,Good,5.0,UG/M3,1 Hr,Valid
Embassy Kathmandu,PM2.5 - Principal,2018-07-22 05:00 AM,2018,7,22,5,4.5,19,Good,3.0,UG/M3,1 Hr,Valid
Embassy Kathmandu,PM2.5 - Principal,2018-07-22 06:00 AM,2018,7,22,6,4.2,18,Good,4.0,UG/M3,1 Hr,Valid
Embassy Kathmandu,PM2.5 - Principal,2018-07-22 07:00 AM,2018,7,22,7,6.6,28,Good,9.0,UG/M3,1 Hr,Valid
Embassy Kathmandu,PM2.5 - Principal,2018-07-22 08:00 AM,2018,7,22,8,11.8,49,Good,17.0,UG/M3,1 Hr,Valid
Embassy Kathmandu,PM2.5 - Principal,2018-07-22 09:00 AM,2018,7,22,9,14.4,56,Moderate,17.0,UG/M3,1 Hr,Valid
Embassy Kathmandu,PM2.5 - Principal,2018-07-22 10:00 AM,2018,7,22,10,13.2,53,Moderate,12.0,UG/M3,1 Hr,Valid
Embassy Kathmandu,PM2.5 - Principal,2018-07-22 11:00 AM,2018,7,22,11,11.1,46,Good,9.0,UG/M3,1 Hr,Valid
Embassy Kathmandu,PM2.5 - Principal,2018-07-22 12:00 PM,2018,7,22,12,12.0,50,Good,13.0,UG/M3,1 Hr,Valid
Embassy Kathmandu,PM2.5 - Principal,2018-07-22 01:00 PM,2018,7,22,13,14.0,55,Moderate,16.0,UG/M3,1 Hr,Valid
Embassy Kathmandu,PM2.5 - Principal,2018-07-22 02:00 PM,2018,7,22,14,11.0,46,Good,8.0,UG/M3,1 Hr,Valid
Embassy Kathmandu,PM2.5 - Principal,2018-07-22 03:00 PM,2018,7,22,15,10.0,42,Good,9.0,UG/M3,1 Hr,Valid
Embassy Kathmandu,PM2.5 - Principal,2018-07-22 04:00 PM,2018,7,22,16,11.0,46,Good,12.0,UG/M3,1 Hr,Valid
Embassy Kathmandu,PM2.5 - Principal,2018-07-22 05:00 PM,2018,7,22,17,11.0,46,Good,11.0,UG/M3,1 Hr,Valid
Embassy Kathmandu,PM2.5 - Principal,2018-07-22 06:00 PM,2018,7,22,18,10.0,42,Good,9.0,UG/M3,1 Hr,Valid
Embassy Kathmandu,PM2.5 - Principal,2018-07-22 07:00 PM,2018,7,22,19,11.0,46,Good,12.0,UG/M3,1 Hr,Valid
Embassy Kathmandu,PM2.5 - Principal,2018-07-22 08:00 PM,2018,7,22,20,11.5,48,Good,12.0,UG/M3,1 Hr,Valid
Embassy Kathmandu,PM2.5 - Principal,2018-07-22 09:00 PM,2018,7,22,21,14.2,55,Moderate,17.0,UG/M3,1 Hr,Valid
Embassy Kathmandu,PM2.5 - Principal,2018-07-22 10:00 PM,2018,7,22,22,12.1,51,Moderate,10.0,UG/M3,1 Hr,Valid
Embassy Kathmandu,PM2.5 - Principal,2018-07-22 11:00 PM,2018,7,22,23,10.5,44,Good,9.0,UG/M3,1 Hr,Valid
Embassy Kathmandu,PM2.5 - Principal,2018-07-23 12:00 AM,2018,7,23,0,7.2,30,Good,4.0,UG/M3,1 Hr,Valid
Embassy Kathmandu,PM2.5 - Principal,2018-07-23 01:00 AM,2018,7,23,1,4.1,17,Good,1.0,UG/M3,1 Hr,Valid
Embassy Kathmandu,PM2.5 - Principal,2018-07-23 02:00 AM,2018,7,23,2,3.5,15,Good,3.0,UG/M3,1 Hr,Valid
Embassy Kathmandu,PM2.5 - Principal,2018-07-23 03:00 AM,2018,7,23,3,3.2,13,Good,3.0,UG/M3,1 Hr,Valid
Embassy Kathmandu,PM2.5 - Principal,2018-07-23 04:00 AM,2018,7,23,4,2.6,11,Good,2.0,UG/M3,1 Hr,Valid
Embassy Kathmandu,PM2.5 - Principal,2018-07-23 05:00 AM,2018,7,23,5,3.3,14,Good,4.0,UG/M3,1 Hr,Valid
Embassy Kathmandu,PM2.5 - Principal,2018-07-23 06:00 AM,2018,7,23,6,4.1,17,Good,5.0,UG/M3,1 Hr,Valid
Embassy Kathmandu,PM2.5 - Principal,2018-07-23 07:00 AM,2018,7,23,7,7.5,31,Good,11.0,UG/M3,1 Hr,Valid
Embassy Kathmandu,PM2.5 - Principal,2018-07-23 08:00 AM,2018,7,23,8,8.2,34,Good,9.0,UG/M3,1 Hr,Valid
Embassy Kathmandu,PM2.5 - Principal,2018-07-23 09:00 AM,2018,7,23,9,14.6,56,Moderate,21.0,UG/M3,1 Hr,Valid
Embassy Kathmandu,PM2.5 - Principal,2018-07-23 10:00 AM,2018,7,23,10,14.6,56,Moderate,381.0,UG/M3,1 Hr,Invalid
Embassy Kathmandu,PM2.5 - Principal,2018-07-23 11:00 AM,2018,7,23,11,10.2,43,Good,8.0,UG/M3,1 Hr,Valid
Embassy Kathmandu,PM2.5 - Principal,2018-07-23 12:00 PM,2018,7,23,12,7.2,30,Good,5.0,UG/M3,1 Hr,Valid
Embassy Kathmandu,PM2.5 - Principal,2018-07-23 01:00 PM,2018,7,23,13,8.1,34,Good,9.0,UG/M3,1 Hr,Valid
Embassy Kathmandu,PM2.5 - Principal,2018-07-23 02:00 PM,2018,7,23,14,7.0,29,Good,6.0,UG/M3,1 Hr,Valid
Embassy Kathmandu,PM2.5 - Principal,2018-07-23 03:00 PM,2018,7,23,15,7.5,31,Good,8.0,UG/M3,1 Hr,Valid
Embassy Kathmandu,PM2.5 - Principal,2018-07-23 04:00 PM,2018,7,23,16,11.2,47,Good,15.0,UG/M3,1 Hr,Valid
Embassy Kathmandu,PM2.5 - Principal,2018-07-23 05:00 PM,2018,7,23,17,13.1,53,Moderate,15.0,UG/M3,1 Hr,Valid
Embassy Kathmandu,PM2.5 - Principal,2018-07-23 06:00 PM,2018,7,23,18,16.5,60,Moderate,20.0,UG/M3,1 Hr,Valid
Embassy Kathmandu,PM2.5 - Principal,2018-07-23 07:00 PM,2018,7,23,19,16.2,60,Moderate,16.0,UG/M3,1 Hr,Valid
Embassy Kathmandu,PM2.5 - Principal,2018-07-23 08:00 PM,2018,7,23,20,16.1,59,Moderate,16.0,UG/M3,1 Hr,Valid
Embassy Kathmandu,PM2.5 - Principal,2018-07-23 09:00 PM,2018,7,23,21,17.0,61,Moderate,18.0,UG/M3,1 Hr,Valid
Embassy Kathmandu,PM2.5 - Principal,2018-07-23 10:00 PM,2018,7,23,22,19.5,67,Moderate,22.0,UG/M3,1 Hr,Valid
Embassy Kathmandu,PM2.5 - Principal,2018-07-23 11:00 PM,2018,7,23,23,14.7,56,Moderate,10.0,UG/M3,1 Hr,Valid
Embassy Kathmandu,PM2.5 - Principal,2018-07-24 12:00 AM,2018,7,24,0,12.3,51,Moderate,10.0,UG/M3,1 Hr,Valid
Embassy Kathmandu,PM2.5 - Principal,2018-07-24 01:00 AM,2018,7,24,1,10.1,42,Good,8.0,UG/M3,1 Hr,Valid
Embassy Kathmandu,PM2.5 - Principal,2018-07-24 02:00 AM,2018,7,24,2,8.0,33,Good,6.0,UG/M3,1 Hr,Valid
Embassy Kathmandu,PM2.5 - Principal,2018-07-24 03:00 AM,2018,7,24,3,6.5,27,Good,5.0,UG/M3,1 Hr,Valid
Embassy Kathmandu,PM2.5 - Principal,2018-07-24 04:00 AM,2018,7,24,4,5.2,22,Good,4.0,UG/M3,1 Hr,Valid
Embassy Kathmandu,PM2.5 - Principal,2018-07-24 05:00 AM,2018,7,24,5,4.6,19,Good,4.0,UG/M3,1 Hr,Valid
Embassy Kathmandu,PM2.5 - Principal,2018-07-24 06:00 AM,2018,7,24,6,5.8,24,Good,7.0,UG/M3,1 Hr,Valid
Embassy Kathmandu,PM2.5 - Principal,2018-07-24 07:00 AM,2018,7,24,7,7.9,33,Good,10.0,UG/M3,1 Hr,Valid
Embassy Kathmandu,PM2.5 - Principal,2018-07-24 08:00 AM,2018,7,24,8,11.4,48,Good,15.0,UG/M3,1 Hr,Valid
Embassy Kathmandu,PM2.5 - Principal,2018-07-24 09:00 AM,2018,7,24,9,15.2,58,Moderate,19.0,UG/M3,1 Hr,Valid
Embassy Kathmandu,PM2.5 - Principal,2018-07-24 10:00 AM,2018,7,24,10,15.1,57,Moderate,15.0,UG/M3,1 Hr,Valid
Embassy Kathmandu,PM2.5 - Principal,2018-07-24 11:00 AM,2018,7,24,11,14.0,55,Moderate,13.0,UG/M3,1 Hr,Valid
Embassy Kathmandu,PM2.5 - Principal,2018-07-24 12:00 PM,2018,7,24,12,13.5,54,Moderate,13.0,UG/M3,1 Hr,Valid
Embassy Kathmandu,PM2.5 - Principal,2018-07-24 01:00 PM,2018,7,24,13,10.2,43,Good,7.0,UG/M3,1 Hr,Valid
Embassy Kathmandu,PM2.5 - Principal,2018-07-24 02:00 PM,2018,7,24,14,8.6,36,Good,7.0,UG/M3,1 Hr,Valid
Embassy Kathmandu,PM2.5 - Principal,2018-07-24 03:00 PM,2018,7,24,15,8.3,35,Good,8.0,UG/M3,1 Hr,Valid
Embassy Kathmandu,PM2.5 - Principal,2018-07-24 04:00 PM,2018,7,24,16,11.1,46,Good,14.0,UG/M3,1 Hr,Valid
Embassy Kathmandu,PM2.5 - Principal,2018-07-24 05:00 PM,2018,7,24,17,9.5,40,Good,8.0,UG/M3,1 Hr,Valid
Embassy Kathmandu,PM2.5 - Principal,2018-07-24 06:00 PM,2018,7,24,18,10.2,43,Good,11.0,UG/M3,1 Hr,Valid
Embassy Kathmandu,PM2.5 - Principal,2018-07-24 07:00 PM,2018,7,24,19,10.1,42,Good,10.0,UG/M3,1 Hr,Valid
Embassy Kathmandu,PM2.5 - Principal,2018-07-24 08:00 PM,2018,7,24,20,9.5,40,Good,9.0,UG/M3,1 Hr,Valid
Embassy Kathmandu,PM2.5 - Principal,2018-07-24 09:00 PM,2018,7,24,21,10.7,45,Good,12.0,UG/M3,1 Hr,Valid
Embassy Kathmandu,PM2.5 - Principal,2018-07-24 10:00 PM,2018,7,24,22,8.3,35,Good,6.0,UG/M3,1 Hr,Valid
Embassy Kathmandu,PM2.5 - Principal,2018-07-24 11:00 PM,2018,7,24,23,7.1,30,Good,6.0,UG/M3,1 Hr,Valid
Embassy Kathmandu,PM2.5 - Principal,2018-07-25 12:00 AM,2018,7,25,0,5.5,23,Good,4.0,UG/M3,1 Hr,Valid
Embassy Kathmandu,PM2.5 - Principal,2018-07-25 01:00 AM,2018,7,25,1,5.7,24,Good,6.0,UG/M3,1 Hr,Valid
Embassy Kathmandu,PM2.5 - Principal,2018-07-25 02:00 AM,2018,7,25,2,5.3,22,Good,5.0,UG/M3,1 Hr,Valid
Embassy Kathmandu,PM2.5 - Principal,2018-07-25 03:00 AM,2018,7,25,3,3.1,13,Good,1.0,UG/M3,1 Hr,Valid
Embassy Kathmandu,PM2.5 - Principal,2018-07-25 04:00 AM,2018,7,25,4,1.0,4,Good,-1.0,UG/M3,1 Hr,Valid
Embassy Kathmandu,PM2.5 - Principal,2018-07-25 05:00 AM,2018,7,25,5,1.5,6,Good,2.0,UG/M3,1 Hr,Valid
Embassy Kathmandu,PM2.5 - Principal,2018-07-25 06:00 AM,2018,7,25,6,2.2,9,Good,3.0,UG/M3,1 Hr,Valid
Embassy Kathmandu,PM2.5 - Principal,2018-07-25 07:00 AM,2018,7,25,7,5.1,21,Good,8.0,UG/M3,1 Hr,Valid
Embassy Kathmandu,PM2.5 - Principal,2018-07-25 08:00 AM,2018,7,25,8,8.5,35,Good,12.0,UG/M3,1 Hr,Valid
Embassy Kathmandu,PM2.5 - Principal,2018-07-25 09:00 AM,2018,7,25,9,10.2,43,Good,12.0,UG/M3,1 Hr,Valid
Embassy Kathmandu,PM2.5 - Principal,2018-07-25 10:00 AM,2018,7,25,10,10.2,43,Good,877.0,UG/M3,1 Hr,Invalid
Embassy Kathmandu,PM2.5 - Principal,2018-07-25 11:00 AM,2018,7,25,11,11.4,48,Good,12.0,UG/M3,1 Hr,Valid
Embassy Kathmandu,PM2.5 - Principal,2018-07-25 12:00 PM,2018,7,25,12,10.0,42,Good,9.0,UG/M3,1 Hr,Valid
Embassy Kathmandu,PM2.5 - Principal,2018-07-25 01:00 PM,2018,7,25,13,9.4,39,Good,9.0,UG/M3,1 Hr,Valid
Embassy Kathmandu,PM2.5 - Principal,2018-07-25 02:00 PM,2018,7,25,14,8.2,34,Good,7.0,UG/M3,1 Hr,Valid
Embassy Kathmandu,PM2.5 - Principal,2018-07-25 03:00 PM,2018,7,25,15,8.6,36,Good,9.0,UG/M3,1 Hr,Valid
Embassy Kathmandu,PM2.5 - Principal,2018-07-25 04:00 PM,2018,7,25,16,7.7,32,Good,7.0,UG/M3,1 Hr,Valid
Embassy Kathmandu,PM2.5 - Principal,2018-07-25 05:00 PM,2018,7,25,17,6.8,28,Good,6.0,UG/M3,1 Hr,Valid
Embassy Kathmandu,PM2.5 - Principal,2018-07-25 06:00 PM,2018,7,25,18,8.4,35,Good,10.0,UG/M3,1 Hr,Valid
Embassy Kathmandu,PM2.5 - Principal,2018-07-25 07:00 PM,2018,7,25,19,12.2,51,Moderate,16.0,UG/M3,1 Hr,Valid
Embassy Kathmandu,PM2.5 - Principal,2018-07-25 08:00 PM,2018,7,25,20,14.6,56,Moderate,17.0,UG/M3,1 Hr,Valid
Embassy Kathmandu,PM2.5 - Principal,2018-07-25 09:00 PM,2018,7,25,21,15.8,59,Moderate,17.0,UG/M3,1 Hr,Valid
Embassy Kathmandu,PM2.5 - Principal,2018-07-25 10:00 PM,2018,7,25,22,11.4,48,Good,7.0,UG/M3,1 Hr,Valid
Embassy Kathmandu,PM2.5 - Principal,2018-07-25 11:00 PM,2018,7,25,23,8.7,36,Good,6.0,UG/M3,1 Hr,Valid
Embassy Kathmandu,PM2.5 - Principal,2018-07-26 12:00 AM,2018,7,26,0,8.3,35,Good,8.0,UG/M3,1 Hr,Valid
Embassy Kathmandu,PM2.5 - Principal,2018-07-26 01:00 AM,2018,7,26,1,8.1,34,Good,8.0,UG/M3,1 Hr,Valid
Embassy Kathmandu,PM2.5 - Principal,2018-07-26 02:00 AM,2018,7,26,2,7.0,29,Good,6.0,UG/M3,1 Hr,Valid
Embassy Kathmandu,PM2.5 - Principal,2018-07-26 03:00 AM,2018,7,26,3,6.0,25,Good,5.0,UG/M3,1 Hr,Valid
Embassy Kathmandu,PM2.5 - Principal,2018-07-26 04:00 AM,2018,7,26,4,6.5,27,Good,7.0,UG/M3,1 Hr,Valid
Embassy Kathmandu,PM2.5 - Principal,2018-07-26 05:00 AM,2018,7,26,5,7.2,30,Good,8.0,UG/M3,1 Hr,Valid
Embassy Kathmandu,PM2.5 - Principal,2018-07-26 06:00 AM,2018,7,26,6,6.6,28,Good,6.0,UG/M3,1 Hr,Valid
Embassy Kathmandu,PM2.5 - Principal,2018-07-26 07:00 AM,2018,7,26,7,6.6,28,Good,-15.0,UG/M3,1 Hr,Invalid
Embassy Kathmandu,PM2.5 - Principal,2018-07-26 08:00 AM,2018,7,26,8,12.2,51,Moderate,15.0,UG/M3,1 Hr,Valid
Embassy Kathmandu,PM2.5 - Principal,2018-07-26 09:00 AM,2018,7,26,9,12.0,50,Good,12.0,UG/M3,1 Hr,Valid
Embassy Kathmandu,PM2.5 - Principal,2018-07-26 10:00 AM,2018,7,26,10,12.0,50,Good,825.0,UG/M3,1 Hr,Invalid
Embassy Kathmandu,PM2.5 - Principal,2018-07-26 11:00 AM,2018,7,26,11,9.2,38,Good,8.0,UG/M3,1 Hr,Valid
Embassy Kathmandu,PM2.5 - Principal,2018-07-26 12:00 PM,2018,7,26,12,7.9,33,Good,7.0,UG/M3,1 Hr,Valid
Embassy Kathmandu,PM2.5 - Principal,2018-07-26 01:00 PM,2018,7,26,13,6.3,26,Good,5.0,UG/M3,1 Hr,Valid
Embassy Kathmandu,PM2.5 - Principal,2018-07-26 02:00 PM,2018,7,26,14,5.1,21,Good,4.0,UG/M3,1 Hr,Valid
Embassy Kathmandu,PM2.5 - Principal,2018-07-26 03:00 PM,2018,7,26,15,5.0,21,Good,5.0,UG/M3,1 Hr,Valid
Embassy Kathmandu,PM2.5 - Principal,2018-07-26 04:00 PM,2018,7,26,16,6.5,27,Good,8.0,UG/M3,1 Hr,Valid
Embassy Kathmandu,PM2.5 - Principal,2018-07-26 05:00 PM,2018,7,26,17,8.7,36,Good,11.0,UG/M3,1 Hr,Valid
Embassy Kathmandu,PM2.5 - Principal,2018-07-26 06:00 PM,2018,7,26,18,9.8,41,Good,11.0,UG/M3,1 Hr,Valid
Embassy Kathmandu,PM2.5 - Principal,2018-07-26 07:00 PM,2018,7,26,19,9.9,41,Good,10.0,UG/M3,1 Hr,Valid
Embassy Kathmandu,PM2.5 - Principal,2018-07-26 08:00 PM,2018,7,26,20,8.9,37,Good,8.0,UG/M3,1 Hr,Valid
Embassy Kathmandu,PM2.5 - Principal,2018-07-26 09:00 PM,2018,7,26,21,9.9,41,Good,11.0,UG/M3,1 Hr,Valid
Embassy Kathmandu,PM2.5 - Principal,2018-07-26 10:00 PM,2018,7,26,22,8.9,37,Good,8.0,UG/M3,1 Hr,Valid
Embassy Kathmandu,PM2.5 - Principal,2018-07-26 11:00 PM,2018,7,26,23,7.4,31,Good,6.0,UG/M3,1 Hr,Valid
Embassy Kathmandu,PM2.5 - Principal,2018-07-27 12:00 AM,2018,7,27,0,6.2,26,Good,5.0,UG/M3,1 Hr,Valid
Embassy Kathmandu,PM2.5 - Principal,2018-07-27 01:00 AM,2018,7,27,1,5.1,21,Good,4.0,UG/M3,1 Hr,Valid
Embassy Kathmandu,PM2.5 - Principal,2018-07-27 02:00 AM,2018,7,27,2,3.5,15,Good,2.0,UG/M3,1 Hr,Valid
Embassy Kathmandu,PM2.5 - Principal,2018-07-27 03:00 AM,2018,7,27,3,3.7,15,Good,4.0,UG/M3,1 Hr,Valid
Embassy Kathmandu,PM2.5 - Principal,2018-07-27 04:00 AM,2018,7,27,4,4.8,20,Good,6.0,UG/M3,1 Hr,Valid
Embassy Kathmandu,PM2.5 - Principal,2018-07-27 05:00 AM,2018,7,27,5,4.4,18,Good,4.0,UG/M3,1 Hr,Valid
Embassy Kathmandu,PM2.5 - Principal,2018-07-27 06:00 AM,2018,7,27,6,6.7,28,Good,9.0,UG/M3,1 Hr,Valid
Embassy Kathmandu,PM2.5 - Principal,2018-07-27 07:00 AM,2018,7,27,7,10.8,45,Good,15.0,UG/M3,1 Hr,Valid
Embassy Kathmandu,PM2.5 - Principal,2018-07-27 08:00 AM,2018,7,27,8,12.4,52,Moderate,14.0,UG/M3,1 Hr,Valid
Embassy Kathmandu,PM2.5 - Principal,2018-07-27 09:00 AM,2018,7,27,9,13.2,53,Moderate,14.0,UG/M3,1 Hr,Valid
Embassy Kathmandu,PM2.5 - Principal,2018-07-27 10:00 AM,2018,7,27,10,12.6,52,Moderate,12.0,UG/M3,1 Hr,Valid
Embassy Kathmandu,PM2.5 - Principal,2018-07-27 11:00 AM,2018,7,27,11,11.3,47,Good,10.0,UG/M3,1 Hr,Valid
Embassy Kathmandu,PM2.5 - Principal,2018-07-27 12:00 PM,2018,7,27,12,11.1,46,Good,11.0,UG/M3,1 Hr,Valid
Embassy Kathmandu,PM2.5 - Principal,2018-07-27 01:00 PM,2018,7,27,13,9.0,38,Good,7.0,UG/M3,1 Hr,Valid
Embassy Kathmandu,PM2.5 - Principal,2018-07-27 02:00 PM,2018,7,27,14,8.0,33,Good,7.0,UG/M3,1 Hr,Valid
Embassy Kathmandu,PM2.5 - Principal,2018-07-27 03:00 PM,2018,7,27,15,7.0,29,Good,6.0,UG/M3,1 Hr,Valid
Embassy Kathmandu,PM2.5 - Principal,2018-07-27 04:00 PM,2018,7,27,16,6.5,27,Good,6.0,UG/M3,1 Hr,Valid
Embassy Kathmandu,PM2.5 - Principal,2018-07-27 05:00 PM,2018,7,27,17,9.7,40,Good,13.0,UG/M3,1 Hr,Valid
Embassy Kathmandu,PM2.5 - Principal,2018-07-27 06:00 PM,2018,7,27,18,12.3,51,Moderate,15.0,UG/M3,1 Hr,Valid
Embassy Kathmandu,PM2.5 - Principal,2018-07-27 07:00 PM,2018,7,27,19,11.1,46,Good,10.0,UG/M3,1 Hr,Valid
Embassy Kathmandu,PM2.5 - Principal,2018-07-27 08:00 PM,2018,7,27,20,14.0,55,Moderate,17.0,UG/M3,1 Hr,Valid
Embassy Kathmandu,PM2.5 - Principal,2018-07-27 09:00 PM,2018,7,27,21,15.0,57,Moderate,16.0,UG/M3,1 Hr,Valid
Embassy Kathmandu,PM2.5 - Principal,2018-07-27 10:00 PM,2018,7,27,22,14.5,56,Moderate,14.0,UG/M3,1 Hr,Valid
Embassy Kathmandu,PM2.5 - Principal,2018-07-27 11:00 PM,2018,7,27,23,13.2,53,Moderate,12.0,UG/M3,1 Hr,Valid
Embassy Kathmandu,PM2.5 - Principal,2018-07-28 12:00 AM,2018,7,28,0,11.6,48,Good,10.0,UG/M3,1 Hr,Valid
Embassy Kathmandu,PM2.5 - Principal,2018-07-28 01:00 AM,2018,7,28,1,9.3,39,Good,7.0,UG/M3,1 Hr,Valid
Embassy Kathmandu,PM2.5 - Principal,2018-07-28 02:00 AM,2018,7,28,2,7.6,32,Good,6.0,UG/M3,1 Hr,Valid
Embassy Kathmandu,PM2.5 - Principal,2018-07-28 03:00 AM,2018,7,28,3,8.3,35,Good,9.0,UG/M3,1 Hr,Valid
Embassy Kathmandu,PM2.5 - Principal,2018-07-28 04:00 AM,2018,7,28,4,8.1,34,Good,8.0,UG/M3,1 Hr,Valid
Embassy Kathmandu,PM2.5 - Principal,2018-07-28 05:00 AM,2018,7,28,5,6.5,27,Good,5.0,UG/M3,1 Hr,Valid
Embassy Kathmandu,PM2.5 - Principal,2018-07-28 06:00 AM,2018,7,28,6,6.7,28,Good,7.0,UG/M3,1 Hr,Valid
Embassy Kathmandu,PM2.5 - Principal,2018-07-28 07:00 AM,2018,7,28,7,8.3,35,Good,10.0,UG/M3,1 Hr,Valid
Embassy Kathmandu,PM2.5 - Principal,2018-07-28 08:00 AM,2018,7,28,8,10.6,44,Good,13.0,UG/M3,1 Hr,Valid
Embassy Kathmandu,PM2.5 - Principal,2018-07-28 09:00 AM,2018,7,28,9,12.3,51,Moderate,14.0,UG/M3,1 Hr,Valid
Embassy Kathmandu,PM2.5 - Principal,2018-07-28 10:00 AM,2018,7,28,10,12.6,52,Moderate,13.0,UG/M3,1 Hr,Valid
Embassy Kathmandu,PM2.5 - Principal,2018-07-28 11:00 AM,2018,7,28,11,9.8,41,Good,7.0,UG/M3,1 Hr,Valid
Embassy Kathmandu,PM2.5 - Principal,2018-07-28 12:00 PM,2018,7,28,12,7.4,31,Good,5.0,UG/M3,1 Hr,Valid
Embassy Kathmandu,PM2.5 - Principal,2018-07-28 01:00 PM,2018,7,28,13,5.2,22,Good,3.0,UG/M3,1 Hr,Valid
Embassy Kathmandu,PM2.5 - Principal,2018-07-28 02:00 PM,2018,7,28,14,4.1,17,Good,3.0,UG/M3,1 Hr,Valid
Embassy Kathmandu,PM2.5 - Principal,2018-07-28 03:00 PM,2018,7,28,15,4.0,17,Good,4.0,UG/M3,1 Hr,Valid
Embassy Kathmandu,PM2.5 - Principal,2018-07-28 04:00 PM,2018,7,28,16,4.5,19,Good,5.0,UG/M3,1 Hr,Valid
Embassy Kathmandu,PM2.5 - Principal,2018-07-28 05:00 PM,2018,7,28,17,4.2,18,Good,4.0,UG/M3,1 Hr,Valid
Embassy Kathmandu,PM2.5 - Principal,2018-07-28 06:00 PM,2018,7,28,18,3.6,15,Good,3.0,UG/M3,1 Hr,Valid
Embassy Kathmandu,PM2.5 - Principal,2018-07-28 07:00 PM,2018,7,28,19,3.8,16,Good,4.0,UG/M3,1 Hr,Valid
Embassy Kathmandu,PM2.5 - Principal,2018-07-28 08:00 PM,2018,7,28,20,6.9,29,Good,10.0,UG/M3,1 Hr,Valid
Embassy Kathmandu,PM2.5 - Principal,2018-07-28 09:00 PM,2018,7,28,21,9.4,39,Good,12.0,UG/M3,1 Hr,Valid
Embassy Kathmandu,PM2.5 - Principal,2018-07-28 10:00 PM,2018,7,28,22,8.7,36,Good,8.0,UG/M3,1 Hr,Valid
Embassy Kathmandu,PM2.5 - Principal,2018-07-28 11:00 PM,2018,7,28,23,8.3,35,Good,8.0,UG/M3,1 Hr,Valid
Embassy Kathmandu,PM2.5 - Principal,2018-07-29 12:00 AM,2018,7,29,0,7.6,32,Good,7.0,UG/M3,1 Hr,Valid
Embassy Kathmandu,PM2.5 - Principal,2018-07-29 01:00 AM,2018,7,29,1,7.3,30,Good,7.0,UG/M3,1 Hr,Valid
Embassy Kathmandu,PM2.5 - Principal,2018-07-29 02:00 AM,2018,7,29,2,8.6,36,Good,10.0,UG/M3,1 Hr,Valid
Embassy Kathmandu,PM2.5 - Principal,2018-07-29 03:00 AM,2018,7,29,3,7.3,30,Good,6.0,UG/M3,1 Hr,Valid
Embassy Kathmandu,PM2.5 - Principal,2018-07-29 04:00 AM,2018,7,29,4,4.6,19,Good,2.0,UG/M3,1 Hr,Valid
Embassy Kathmandu,PM2.5 - Principal,2018-07-29 05:00 AM,2018,7,29,5,3.3,14,Good,2.0,UG/M3,1 Hr,Valid
Embassy Kathmandu,PM2.5 - Principal,2018-07-29 06:00 AM,2018,7,29,6,4.1,17,Good,5.0,UG/M3,1 Hr,Valid
Embassy Kathmandu,PM2.5 - Principal,2018-07-29 07:00 AM,2018,7,29,7,5.0,21,Good,6.0,UG/M3,1 Hr,Valid
Embassy Kathmandu,PM2.5 - Principal,2018-07-29 08:00 AM,2018,7,29,8,7.5,31,Good,10.0,UG/M3,1 Hr,Valid
Embassy Kathmandu,PM2.5 - Principal,2018-07-29 09:00 AM,2018,7,29,9,7.7,32,Good,8.0,UG/M3,1 Hr,Valid
Embassy Kathmandu,PM2.5 - Principal,2018-07-29 10:00 AM,2018,7,29,10,8.8,37,Good,10.0,UG/M3,1 Hr,Valid
Embassy Kathmandu,PM2.5 - Principal,2018-07-29 11:00 AM,2018,7,29,11,9.9,41,Good,11.0,UG/M3,1 Hr,Valid
Embassy Kathmandu,PM2.5 - Principal,2018-07-29 12:00 PM,2018,7,29,12,10.9,45,Good,12.0,UG/M3,1 Hr,Valid
Embassy Kathmandu,PM2.5 - Principal,2018-07-29 01:00 PM,2018,7,29,13,10.9,45,Good,11.0,UG/M3,1 Hr,Valid
Embassy Kathmandu,PM2.5 - Principal,2018-07-29 02:00 PM,2018,7,29,14,10.4,43,Good,10.0,UG/M3,1 Hr,Valid
Embassy Kathmandu,PM2.5 - Principal,2018-07-29 03:00 PM,2018,7,29,15,8.7,36,Good,7.0,UG/M3,1 Hr,Valid
Embassy Kathmandu,PM2.5 - Principal,2018-07-29 04:00 PM,2018,7,29,16,7.8,33,Good,7.0,UG/M3,1 Hr,Valid
Embassy Kathmandu,PM2.5 - Principal,2018-07-29 05:00 PM,2018,7,29,17,9.9,41,Good,12.0,UG/M3,1 Hr,Valid
Embassy Kathmandu,PM2.5 - Principal,2018-07-29 06:00 PM,2018,7,29,18,10.4,43,Good,11.0,UG/M3,1 Hr,Valid
Embassy Kathmandu,PM2.5 - Principal,2018-07-29 07:00 PM,2018,7,29,19,9.7,40,Good,9.0,UG/M3,1 Hr,Valid
Embassy Kathmandu,PM2.5 - Principal,2018-07-29 08:00 PM,2018,7,29,20,10.6,44,Good,12.0,UG/M3,1 Hr,Valid
Embassy Kathmandu,PM2.5 - Principal,2018-07-29 09:00 PM,2018,7,29,21,10.8,45,Good,11.0,UG/M3,1 Hr,Valid
Embassy Kathmandu,PM2.5 - Principal,2018-07-29 10:00 PM,2018,7,29,22,13.9,55,Moderate,17.0,UG/M3,1 Hr,Valid
Embassy Kathmandu,PM2.5 - Principal,2018-07-29 11:00 PM,2018,7,29,23,13.9,55,Moderate,14.0,UG/M3,1 Hr,Valid
Embassy Kathmandu,PM2.5 - Principal,2018-07-30 12:00 AM,2018,7,30,0,11.9,50,Good,10.0,UG/M3,1 Hr,Valid
Embassy Kathmandu,PM2.5 - Principal,2018-07-30 01:00 AM,2018,7,30,1,9.9,41,Good,8.0,UG/M3,1 Hr,Valid
Embassy Kathmandu,PM2.5 - Principal,2018-07-30 02:00 AM,2018,7,30,2,12.9,53,Moderate,16.0,UG/M3,1 Hr,Valid
Embassy Kathmandu,PM2.5 - Principal,2018-07-30 03:00 AM,2018,7,30,3,12.4,52,Moderate,12.0,UG/M3,1 Hr,Valid
Embassy Kathmandu,PM2.5 - Principal,2018-07-30 04:00 AM,2018,7,30,4,11.2,47,Good,10.0,UG/M3,1 Hr,Valid
Embassy Kathmandu,PM2.5 - Principal,2018-07-30 05:00 AM,2018,7,30,5,10.1,42,Good,9.0,UG/M3,1 Hr,Valid
Embassy Kathmandu,PM2.5 - Principal,2018-07-30 06:00 AM,2018,7,30,6,9.0,38,Good,8.0,UG/M3,1 Hr,Valid
Embassy Kathmandu,PM2.5 - Principal,2018-07-30 07:00 AM,2018,7,30,7,13.0,53,Moderate,17.0,UG/M3,1 Hr,Valid
Embassy Kathmandu,PM2.5 - Principal,2018-07-30 08:00 AM,2018,7,30,8,16.5,60,Moderate,20.0,UG/M3,1 Hr,Valid
Embassy Kathmandu,PM2.5 - Principal,2018-07-30 09:00 AM,2018,7,30,9,18.2,64,Moderate,20.0,UG/M3,1 Hr,Valid
Embassy Kathmandu,PM2.5 - Principal,2018-07-30 10:00 AM,2018,7,30,10,15.6,58,Moderate,13.0,UG/M3,1 Hr,Valid
Embassy Kathmandu,PM2.5 - Principal,2018-07-30 11:00 AM,2018,7,30,11,14.3,56,Moderate,13.0,UG/M3,1 Hr,Valid
Embassy Kathmandu,PM2.5 - Principal,2018-07-30 12:00 PM,2018,7,30,12,12.1,51,Moderate,10.0,UG/M3,1 Hr,Valid
Embassy Kathmandu,PM2.5 - Principal,2018-07-30 01:00 PM,2018,7,30,13,11.0,46,Good,10.0,UG/M3,1 Hr,Valid
Embassy Kathmandu,PM2.5 - Principal,2018-07-30 02:00 PM,2018,7,30,14,9.0,38,Good,7.0,UG/M3,1 Hr,Valid
Embassy Kathmandu,PM2.5 - Principal,2018-07-30 03:00 PM,2018,7,30,15,7.0,29,Good,5.0,UG/M3,1 Hr,Valid
Embassy Kathmandu,PM2.5 - Principal,2018-07-30 04:00 PM,2018,7,30,16,7.5,31,Good,8.0,UG/M3,1 Hr,Valid
Embassy Kathmandu,PM2.5 - Principal,2018-07-30 05:00 PM,2018,7,30,17,10.2,43,Good,13.0,UG/M3,1 Hr,Valid
Embassy Kathmandu,PM2.5 - Principal,2018-07-30 06:00 PM,2018,7,30,18,10.6,44,Good,11.0,UG/M3,1 Hr,Valid
Embassy Kathmandu,PM2.5 - Principal,2018-07-30 07:00 PM,2018,7,30,19,13.8,55,Moderate,17.0,UG/M3,1 Hr,Valid
Embassy Kathmandu,PM2.5 - Principal,2018-07-30 08:00 PM,2018,7,30,20,19.4,66,Moderate,25.0,UG/M3,1 Hr,Valid
Embassy Kathmandu,PM2.5 - Principal,2018-07-30 09:00 PM,2018,7,30,21,25.2,79,Moderate,31.0,UG/M3,1 Hr,Valid
Embassy Kathmandu,PM2.5 - Principal,2018-07-30 10:00 PM,2018,7,30,22,19.6,67,Moderate,14.0,UG/M3,1 Hr,Valid
Embassy Kathmandu,PM2.5 - Principal,2018-07-30 11:00 PM,2018,7,30,23,19.3,66,Moderate,19.0,UG/M3,1 Hr,Valid
Embassy Kathmandu,PM2.5 - Principal,2018-07-31 12:00 AM,2018,7,31,0,15.6,58,Moderate,12.0,UG/M3,1 Hr,Valid
Embassy Kathmandu,PM2.5 - Principal,2018-07-31 01:00 AM,2018,7,31,1,18.8,65,Moderate,22.0,UG/M3,1 Hr,Valid
Embassy Kathmandu,PM2.5 - Principal,2018-07-31 02:00 AM,2018,7,31,2,15.4,58,Moderate,12.0,UG/M3,1 Hr,Valid
Embassy Kathmandu,PM2.5 - Principal,2018-07-31 03:00 AM,2018,7,31,3,12.2,51,Moderate,9.0,UG/M3,1 Hr,Valid
Embassy Kathmandu,PM2.5 - Principal,2018-07-31 04:00 AM,2018,7,31,4,10.1,42,Good,8.0,UG/M3,1 Hr,Valid
Embassy Kathmandu,PM2.5 - Principal,2018-07-31 05:00 AM,2018,7,31,5,8.0,33,Good,6.0,UG/M3,1 Hr,Valid
Embassy Kathmandu,PM2.5 - Principal,2018-07-31 06:00 AM,2018,7,31,6,8.5,35,Good,9.0,UG/M3,1 Hr,Valid
Embassy Kathmandu,PM2.5 - Principal,2018-07-31 07:00 AM,2018,7,31,7,8.2,34,Good,8.0,UG/M3,1 Hr,Valid
Embassy Kathmandu,PM2.5 - Principal,2018-07-31 08:00 AM,2018,7,31,8,10.1,42,Good,12.0,UG/M3,1 Hr,Valid
Embassy Kathmandu,PM2.5 - Principal,2018-07-31 09:00 AM,2018,7,31,9,9.5,40,Good,9.0,UG/M3,1 Hr,Valid
Embassy Kathmandu,PM2.5 - Principal,2018-07-31 10:00 AM,2018,7,31,10,8.2,34,Good,7.0,UG/M3,1 Hr,Valid
Embassy Kathmandu,PM2.5 - Principal,2018-07-31 11:00 AM,2018,7,31,11,9.1,38,Good,10.0,UG/M3,1 Hr,Valid
Embassy Kathmandu,PM2.5 - Principal,2018-07-31 12:00 PM,2018,7,31,12,10.0,42,Good,11.0,UG/M3,1 Hr,Valid
Embassy Kathmandu,PM2.5 - Principal,2018-07-31 01:00 PM,2018,7,31,13,9.0,38,Good,8.0,UG/M3,1 Hr,Valid
Embassy Kathmandu,PM2.5 - Principal,2018-07-31 02:00 PM,2018,7,31,14,9.5,40,Good,10.0,UG/M3,1 Hr,Valid
Embassy Kathmandu,PM2.5 - Principal,2018-07-31 03:00 PM,2018,7,31,15,8.7,36,Good,8.0,UG/M3,1 Hr,Valid
Embassy Kathmandu,PM2.5 - Principal,2018-07-31 04:00 PM,2018,7,31,16,6.3,26,Good,4.0,UG/M3,1 Hr,Valid
Embassy Kathmandu,PM2.5 - Principal,2018-07-31 05:00 PM,2018,7,31,17,4.1,17,Good,2.0,UG/M3,1 Hr,Valid
Embassy Kathmandu,PM2.5 - Principal,2018-07-31 06:00 PM,2018,7,31,18,4.0,17,Good,4.0,UG/M3,1 Hr,Valid
Embassy Kathmandu,PM2.5 - Principal,2018-07-31 07:00 PM,2018,7,31,19,7.0,29,Good,10.0,UG/M3,1 Hr,Valid
Embassy Kathmandu,PM2.5 - Principal,2018-07-31 08:00 PM,2018,7,31,20,11.5,48,Good,16.0,UG/M3,1 Hr,Valid
Embassy Kathmandu,PM2.5 - Principal,2018-07-31 09:00 PM,2018,7,31,21,12.7,52,Moderate,14.0,UG/M3,1 Hr,Valid
Embassy Kathmandu,PM2.5 - Principal,2018-07-31 10:00 PM,2018,7,31,22,10.3,43,Good,8.0,UG/M3,1 Hr,Valid
Embassy Kathmandu,PM2.5 - Principal,2018-07-31 11:00 PM,2018,7,31,23,8.1,34,Good,6.0,UG/M3,1 Hr,Valid
Embassy Kathmandu,PM2.5 - Principal,2018-08-01 12:00 AM,2018,8,1,0,7.5,31,Good,7.0,UG/M3,1 Hr,Valid
Embassy Kathmandu,PM2.5 - Principal,2018-08-01 01:00 AM,2018,8,1,1,8.2,34,Good,9.0,UG/M3,1 Hr,Valid
Embassy Kathmandu,PM2.5 - Principal,2018-08-01 02:00 AM,2018,8,1,2,8.6,36,Good,9.0,UG/M3,1 Hr,Valid
Embassy Kathmandu,PM2.5 - Principal,2018-08-01 03:00 AM,2018,8,1,3,8.8,37,Good,9.0,UG/M3,1 Hr,Valid
Embassy Kathmandu,PM2.5 - Principal,2018-08-01 04:00 AM,2018,8,1,4,9.9,41,Good,11.0,UG/M3,1 Hr,Valid
Embassy Kathmandu,PM2.5 - Principal,2018-08-01 05:00 AM,2018,8,1,5,9.9,41,Good,10.0,UG/M3,1 Hr,Valid
Embassy Kathmandu,PM2.5 - Principal,2018-08-01 06:00 AM,2018,8,1,6,9.9,41,Good,10.0,UG/M3,1 Hr,Valid
Embassy Kathmandu,PM2.5 - Principal,2018-08-01 07:00 AM,2018,8,1,7,10.4,43,Good,11.0,UG/M3,1 Hr,Valid
Embassy Kathmandu,PM2.5 - Principal,2018-08-01 08:00 AM,2018,8,1,8,12.7,52,Moderate,15.0,UG/M3,1 Hr,Valid
Embassy Kathmandu,PM2.5 - Principal,2018-08-01 09:00 AM,2018,8,1,9,14.8,57,Moderate,17.0,UG/M3,1 Hr,Valid
Embassy Kathmandu,PM2.5 - Principal,2018-08-01 10:00 AM,2018,8,1,10,13.4,54,Moderate,12.0,UG/M3,1 Hr,Valid
Embassy Kathmandu,PM2.5 - Principal,2018-08-01 11:00 AM,2018,8,1,11,11.7,49,Good,10.0,UG/M3,1 Hr,Valid
Embassy Kathmandu,PM2.5 - Principal,2018-08-01 12:00 PM,2018,8,1,12,14.2,55,Moderate,17.0,UG/M3,1 Hr,Valid
Embassy Kathmandu,PM2.5 - Principal,2018-08-01 01:00 PM,2018,8,1,13,7.6,32,Good,1.0,UG/M3,1 Hr,Valid
Embassy Kathmandu,PM2.5 - Principal,2018-08-01 02:00 PM,2018,8,1,14,6.8,28,Good,6.0,UG/M3,1 Hr,Valid
Embassy Kathmandu,PM2.5 - Principal,2018-08-01 03:00 PM,2018,8,1,15,9.4,39,Good,12.0,UG/M3,1 Hr,Valid
Embassy Kathmandu,PM2.5 - Principal,2018-08-01 04:00 PM,2018,8,1,16,8.7,36,Good,8.0,UG/M3,1 Hr,Valid
Embassy Kathmandu,PM2.5 - Principal,2018-08-01 05:00 PM,2018,8,1,17,10.3,43,Good,12.0,UG/M3,1 Hr,Valid
Embassy Kathmandu,PM2.5 - Principal,2018-08-01 06:00 PM,2018,8,1,18,11.1,46,Good,12.0,UG/M3,1 Hr,Valid
Embassy Kathmandu,PM2.5 - Principal,2018-08-01 07:00 PM,2018,8,1,19,9.0,38,Good,7.0,UG/M3,1 Hr,Valid
Embassy Kathmandu,PM2.5 - Principal,2018-08-01 08:00 PM,2018,8,1,20,10.0,42,Good,11.0,UG/M3,1 Hr,Valid
Embassy Kathmandu,PM2.5 - Principal,2018-08-01 09:00 PM,2018,8,1,21,9.5,40,Good,9.0,UG/M3,1 Hr,Valid
Embassy Kathmandu,PM2.5 - Principal,2018-08-01 10:00 PM,2018,8,1,22,12.2,51,Moderate,15.0,UG/M3,1 Hr,Valid
Embassy Kathmandu,PM2.5 - Principal,2018-08-01 11:00 PM,2018,8,1,23,12.6,52,Moderate,13.0,UG/M3,1 Hr,Valid
Embassy Kathmandu,PM2.5 - Principal,2018-08-02 12:00 AM,2018,8,2,0,13.8,55,Moderate,15.0,UG/M3,1 Hr,Valid
Embassy Kathmandu,PM2.5 - Principal,2018-08-02 01:00 AM,2018,8,2,1,13.4,54,Moderate,13.0,UG/M3,1 Hr,Valid
Embassy Kathmandu,PM2.5 - Principal,2018-08-02 02:00 AM,2018,8,2,2,12.2,51,Moderate,11.0,UG/M3,1 Hr,Valid
Embassy Kathmandu,PM2.5 - Principal,2018-08-02 03:00 AM,2018,8,2,3,9.1,38,Good,6.0,UG/M3,1 Hr,Valid
Embassy Kathmandu,PM2.5 - Principal,2018-08-02 04:00 AM,2018,8,2,4,8.5,35,Good,8.0,UG/M3,1 Hr,Valid
Embassy Kathmandu,PM2.5 - Principal,2018-08-02 05:00 AM,2018,8,2,5,6.7,28,Good,5.0,UG/M3,1 Hr,Valid
Embassy Kathmandu,PM2.5 - Principal,2018-08-02 06:00 AM,2018,8,2,6,4.8,20,Good,3.0,UG/M3,1 Hr,Valid
Embassy Kathmandu,PM2.5 - Principal,2018-08-02 07:00 AM,2018,8,2,7,8.9,37,Good,13.0,UG/M3,1 Hr,Valid
Embassy Kathmandu,PM2.5 - Principal,2018-08-02 08:00 AM,2018,8,2,8,10.4,43,Good,12.0,UG/M3,1 Hr,Valid
Embassy Kathmandu,PM2.5 - Principal,2018-08-02 09:00 AM,2018,8,2,9,12.2,51,Moderate,14.0,UG/M3,1 Hr,Valid
Embassy Kathmandu,PM2.5 - Principal,2018-08-02 10:00 AM,2018,8,2,10,11.1,46,Good,10.0,UG/M3,1 Hr,Valid
Embassy Kathmandu,PM2.5 - Principal,2018-08-02 11:00 AM,2018,8,2,11,9.5,40,Good,8.0,UG/M3,1 Hr,Valid
Embassy Kathmandu,PM2.5 - Principal,2018-08-02 12:00 PM,2018,8,2,12,9.2,38,Good,9.0,UG/M3,1 Hr,Valid
Embassy Kathmandu,PM2.5 - Principal,2018-08-02 01:00 PM,2018,8,2,13,8.1,34,Good,7.0,UG/M3,1 Hr,Valid
Embassy Kathmandu,PM2.5 - Principal,2018-08-02 02:00 PM,2018,8,2,14,8.5,35,Good,9.0,UG/M3,1 Hr,Valid
Embassy Kathmandu,PM2.5 - Principal,2018-08-02 03:00 PM,2018,8,2,15,11.2,47,Good,14.0,UG/M3,1 Hr,Valid
Embassy Kathmandu,PM2.5 - Principal,2018-08-02 04:00 PM,2018,8,2,16,12.1,51,Moderate,13.0,UG/M3,1 Hr,Valid
Embassy Kathmandu,PM2.5 - Principal,2018-08-02 05:00 PM,2018,8,2,17,10.0,42,Good,8.0,UG/M3,1 Hr,Valid
Embassy Kathmandu,PM2.5 - Principal,2018-08-02 06:00 PM,2018,8,2,18,10.0,42,Good,10.0,UG/M3,1 Hr,Valid
Embassy Kathmandu,PM2.5 - Principal,2018-08-02 07:00 PM,2018,8,2,19,12.5,52,Moderate,15.0,UG/M3,1 Hr,Valid
Embassy Kathmandu,PM2.5 - Principal,2018-08-02 08:00 PM,2018,8,2,20,13.7,54,Moderate,15.0,UG/M3,1 Hr,Valid
Embassy Kathmandu,PM2.5 - Principal,2018-08-02 09:00 PM,2018,8,2,21,13.3,54,Moderate,13.0,UG/M3,1 Hr,Valid
Embassy Kathmandu,PM2.5 - Principal,2018-08-02 10:00 PM,2018,8,2,22,14.1,55,Moderate,15.0,UG/M3,1 Hr,Valid
Embassy Kathmandu,PM2.5 - Principal,2018-08-02 11:00 PM,2018,8,2,23,12.0,50,Good,10.0,UG/M3,1 Hr,Valid
Embassy Kathmandu,PM2.5 - Principal,2018-08-03 12:00 AM,2018,8,3,0,10.5,44,Good,9.0,UG/M3,1 Hr,Valid
Embassy Kathmandu,PM2.5 - Principal,2018-08-03 01:00 AM,2018,8,3,1,8.7,36,Good,7.0,UG/M3,1 Hr,Valid
Embassy Kathmandu,PM2.5 - Principal,2018-08-03 02:00 AM,2018,8,3,2,7.3,30,Good,6.0,UG/M3,1 Hr,Valid
Embassy Kathmandu,PM2.5 - Principal,2018-08-03 03:00 AM,2018,8,3,3,6.1,25,Good,5.0,UG/M3,1 Hr,Valid
Embassy Kathmandu,PM2.5 - Principal,2018-08-03 04:00 AM,2018,8,3,4,5.5,23,Good,5.0,UG/M3,1 Hr,Valid
Embassy Kathmandu,PM2.5 - Principal,2018-08-03 05:00 AM,2018,8,3,5,5.2,22,Good,5.0,UG/M3,1 Hr,Valid
Embassy Kathmandu,PM2.5 - Principal,2018-08-03 06:00 AM,2018,8,3,6,6.6,28,Good,8.0,UG/M3,1 Hr,Valid
Embassy Kathmandu,PM2.5 - Principal,2018-08-03 07:00 AM,2018,8,3,7,9.3,39,Good,12.0,UG/M3,1 Hr,Valid
Embassy Kathmandu,PM2.5 - Principal,2018-08-03 08:00 AM,2018,8,3,8,11.1,46,Good,13.0,UG/M3,1 Hr,Valid
Embassy Kathmandu,PM2.5 - Principal,2018-08-03 09:00 AM,2018,8,3,9,9.0,38,Good,7.0,UG/M3,1 Hr,Valid
Embassy Kathmandu,PM2.5 - Principal,2018-08-03 10:00 AM,2018,8,3,10,9.0,38,Good,985.0,UG/M3,1 Hr,Invalid
Embassy Kathmandu,PM2.5 - Principal,2018-08-03 11:00 AM,2018,8,3,11,9.6,40,Good,10.0,UG/M3,1 Hr,Valid
Embassy Kathmandu,PM2.5 - Principal,2018-08-03 12:00 PM,2018,8,3,12,9.2,38,Good,9.0,UG/M3,1 Hr,Valid
Embassy Kathmandu,PM2.5 - Principal,2018-08-03 01:00 PM,2018,8,3,13,7.5,31,Good,6.0,UG/M3,1 Hr,Valid
Embassy Kathmandu,PM2.5 - Principal,2018-08-03 02:00 PM,2018,8,3,14,6.7,28,Good,6.0,UG/M3,1 Hr,Valid
Embassy Kathmandu,PM2.5 - Principal,2018-08-03 03:00 PM,2018,8,3,15,9.9,41,Good,13.0,UG/M3,1 Hr,Valid
Embassy Kathmandu,PM2.5 - Principal,2018-08-03 04:00 PM,2018,8,3,16,9.4,39,Good,9.0,UG/M3,1 Hr,Valid
Embassy Kathmandu,PM2.5 - Principal,2018-08-03 05:00 PM,2018,8,3,17,9.7,40,Good,10.0,UG/M3,1 Hr,Valid
Embassy Kathmandu,PM2.5 - Principal,2018-08-03 06:00 PM,2018,8,3,18,12.3,51,Moderate,15.0,UG/M3,1 Hr,Valid
Embassy Kathmandu,PM2.5 - Principal,2018-08-03 07:00 PM,2018,8,3,19,13.1,53,Moderate,14.0,UG/M3,1 Hr,Valid
Embassy Kathmandu,PM2.5 - Principal,2018-08-03 08:00 PM,2018,8,3,20,17.0,61,Moderate,21.0,UG/M3,1 Hr,Valid
Embassy Kathmandu,PM2.5 - Principal,2018-08-03 09:00 PM,2018,8,3,21,20.0,68,Moderate,23.0,UG/M3,1 Hr,Valid
Embassy Kathmandu,PM2.5 - Principal,2018-08-03 10:00 PM,2018,8,3,22,18.5,64,Moderate,17.0,UG/M3,1 Hr,Valid
Embassy Kathmandu,PM2.5 - Principal,2018-08-03 11:00 PM,2018,8,3,23,19.7,67,Moderate,21.0,UG/M3,1 Hr,Valid
Embassy Kathmandu,PM2.5 - Principal,2018-08-04 12:00 AM,2018,8,4,0,20.3,68,Moderate,21.0,UG/M3,1 Hr,Valid
Embassy Kathmandu,PM2.5 - Principal,2018-08-04 01:00 AM,2018,8,4,1,21.1,70,Moderate,22.0,UG/M3,1 Hr,Valid
Embassy Kathmandu,PM2.5 - Principal,2018-08-04 02:00 AM,2018,8,4,2,21.0,70,Moderate,21.0,UG/M3,1 Hr,Valid
Embassy Kathmandu,PM2.5 - Principal,2018-08-04 03:00 AM,2018,8,4,3,14.5,56,Moderate,8.0,UG/M3,1 Hr,Valid
Embassy Kathmandu,PM2.5 - Principal,2018-08-04 04:00 AM,2018,8,4,4,12.7,52,Moderate,11.0,UG/M3,1 Hr,Valid
Embassy Kathmandu,PM2.5 - Principal,2018-08-04 05:00 AM,2018,8,4,5,11.3,47,Good,10.0,UG/M3,1 Hr,Valid
Embassy Kathmandu,PM2.5 - Principal,2018-08-04 06:00 AM,2018,8,4,6,11.6,48,Good,12.0,UG/M3,1 Hr,Valid
Embassy Kathmandu,PM2.5 - Principal,2018-08-04 07:00 AM,2018,8,4,7,13.3,54,Moderate,15.0,UG/M3,1 Hr,Valid
Embassy Kathmandu,PM2.5 - Principal,2018-08-04 08:00 AM,2018,8,4,8,15.6,58,Moderate,18.0,UG/M3,1 Hr,Valid
Embassy Kathmandu,PM2.5 - Principal,2018-08-04 09:00 AM,2018,8,4,9,17.8,63,Moderate,20.0,UG/M3,1 Hr,Valid
Embassy Kathmandu,PM2.5 - Principal,2018-08-04 10:00 AM,2018,8,4,10,14.4,56,Moderate,11.0,UG/M3,1 Hr,Valid
Embassy Kathmandu,PM2.5 - Principal,2018-08-04 11:00 AM,2018,8,4,11,11.2,47,Good,8.0,UG/M3,1 Hr,Valid
Embassy Kathmandu,PM2.5 - Principal,2018-08-04 12:00 PM,2018,8,4,12,8.1,34,Good,5.0,UG/M3,1 Hr,Valid
Embassy Kathmandu,PM2.5 - Principal,2018-08-04 01:00 PM,2018,8,4,13,6.5,27,Good,5.0,UG/M3,1 Hr,Valid
Embassy Kathmandu,PM2.5 - Principal,2018-08-04 02:00 PM,2018,8,4,14,10.7,45,Good,15.0,UG/M3,1 Hr,Valid
Embassy Kathmandu,PM2.5 - Principal,2018-08-04 03:00 PM,2018,8,4,15,7.3,30,Good,4.0,UG/M3,1 Hr,Valid
Embassy Kathmandu,PM2.5 - Principal,2018-08-04 04:00 PM,2018,8,4,16,7.6,32,Good,8.0,UG/M3,1 Hr,Valid
Embassy Kathmandu,PM2.5 - Principal,2018-08-04 05:00 PM,2018,8,4,17,8.8,37,Good,10.0,UG/M3,1 Hr,Valid
Embassy Kathmandu,PM2.5 - Principal,2018-08-04 06:00 PM,2018,8,4,18,10.4,43,Good,12.0,UG/M3,1 Hr,Valid
Embassy Kathmandu,PM2.5 - Principal,2018-08-04 07:00 PM,2018,8,4,19,12.2,51,Moderate,14.0,UG/M3,1 Hr,Valid
Embassy Kathmandu,PM2.5 - Principal,2018-08-04 08:00 PM,2018,8,4,20,12.1,51,Moderate,12.0,UG/M3,1 Hr,Valid
Embassy Kathmandu,PM2.5 - Principal,2018-08-04 09:00 PM,2018,8,4,21,11.5,48,Good,11.0,UG/M3,1 Hr,Valid
Embassy Kathmandu,PM2.5 - Principal,2018-08-04 10:00 PM,2018,8,4,22,14.2,55,Moderate,17.0,UG/M3,1 Hr,Valid
Embassy Kathmandu,PM2.5 - Principal,2018-08-04 11:00 PM,2018,8,4,23,16.6,60,Moderate,19.0,UG/M3,1 Hr,Valid
Embassy Kathmandu,PM2.5 - Principal,2018-08-05 12:00 AM,2018,8,5,0,17.3,62,Moderate,18.0,UG/M3,1 Hr,Valid
Embassy Kathmandu,PM2.5 - Principal,2018-08-05 01:00 AM,2018,8,5,1,11.1,46,Good,5.0,UG/M3,1 Hr,Valid
Embassy Kathmandu,PM2.5 - Principal,2018-08-05 02:00 AM,2018,8,5,2,8.0,33,Good,5.0,UG/M3,1 Hr,Valid
Embassy Kathmandu,PM2.5 - Principal,2018-08-05 03:00 AM,2018,8,5,3,6.5,27,Good,5.0,UG/M3,1 Hr,Valid
Embassy Kathmandu,PM2.5 - Principal,2018-08-05 04:00 AM,2018,8,5,4,4.7,20,Good,3.0,UG/M3,1 Hr,Valid
Embassy Kathmandu,PM2.5 - Principal,2018-08-05 05:00 AM,2018,8,5,5,2.8,12,Good,1.0,UG/M3,1 Hr,Valid
Embassy Kathmandu,PM2.5 - Principal,2018-08-05 06:00 AM,2018,8,5,6,2.9,12,Good,3.0,UG/M3,1 Hr,Valid
Embassy Kathmandu,PM2.5 - Principal,2018-08-05 07:00 AM,2018,8,5,7,6.9,29,Good,11.0,UG/M3,1 Hr,Valid
Embassy Kathmandu,PM2.5 - Principal,2018-08-05 08:00 AM,2018,8,5,8,10.9,45,Good,15.0,UG/M3,1 Hr,Valid
Embassy Kathmandu,PM2.5 - Principal,2018-08-05 09:00 AM,2018,8,5,9,14.9,57,Moderate,19.0,UG/M3,1 Hr,Valid
Embassy Kathmandu,PM2.5 - Principal,2018-08-05 10:00 AM,2018,8,5,10,13.9,55,Moderate,13.0,UG/M3,1 Hr,Valid
Embassy Kathmandu,PM2.5 - Principal,2018-08-05 11:00 AM,2018,8,5,11,10.9,45,Good,8.0,UG/M3,1 Hr,Valid
Embassy Kathmandu,PM2.5 - Principal,2018-08-05 12:00 PM,2018,8,5,12,12.4,52,Moderate,14.0,UG/M3,1 Hr,Valid
Embassy Kathmandu,PM2.5 - Principal,2018-08-05 01:00 PM,2018,8,5,13,20.7,69,Moderate,29.0,UG/M3,1 Hr,Valid
Embassy Kathmandu,PM2.5 - Principal,2018-08-05 02:00 PM,2018,8,5,14,21.3,70,Moderate,22.0,UG/M3,1 Hr,Valid
Embassy Kathmandu,PM2.5 - Principal,2018-08-05 03:00 PM,2018,8,5,15,22.6,73,Moderate,24.0,UG/M3,1 Hr,Valid
Embassy Kathmandu,PM2.5 - Principal,2018-08-05 04:00 PM,2018,8,5,16,25.8,80,Moderate,29.0,UG/M3,1 Hr,Valid
Embassy Kathmandu,PM2.5 - Principal,2018-08-05 05:00 PM,2018,8,5,17,29.4,87,Moderate,33.0,UG/M3,1 Hr,Valid
Embassy Kathmandu,PM2.5 - Principal,2018-08-05 06:00 PM,2018,8,5,18,24.2,76,Moderate,19.0,UG/M3,1 Hr,Valid
Embassy Kathmandu,PM2.5 - Principal,2018-08-05 07:00 PM,2018,8,5,19,21.6,71,Moderate,19.0,UG/M3,1 Hr,Valid
Embassy Kathmandu,PM2.5 - Principal,2018-08-05 08:00 PM,2018,8,5,20,22.8,74,Moderate,24.0,UG/M3,1 Hr,Valid
Embassy Kathmandu,PM2.5 - Principal,2018-08-05 09:00 PM,2018,8,5,21,20.9,70,Moderate,19.0,UG/M3,1 Hr,Valid
Embassy Kathmandu,PM2.5 - Principal,2018-08-05 10:00 PM,2018,8,5,22,16.4,60,Moderate,12.0,UG/M3,1 Hr,Valid
Embassy Kathmandu,PM2.5 - Principal,2018-08-05 11:00 PM,2018,8,5,23,17.2,62,Moderate,18.0,UG/M3,1 Hr,Valid
Embassy Kathmandu,PM2.5 - Principal,2018-08-06 12:00 AM,2018,8,6,0,17.6,63,Moderate,18.0,UG/M3,1 Hr,Valid
Embassy Kathmandu,PM2.5 - Principal,2018-08-06 01:00 AM,2018,8,6,1,18.3,64,Moderate,19.0,UG/M3,1 Hr,Valid
Embassy Kathmandu,PM2.5 - Principal,2018-08-06 02:00 AM,2018,8,6,2,19.1,66,Moderate,20.0,UG/M3,1 Hr,Valid
Embassy Kathmandu,PM2.5 - Principal,2018-08-06 03:00 AM,2018,8,6,3,16.0,59,Moderate,13.0,UG/M3,1 Hr,Valid
Embassy Kathmandu,PM2.5 - Principal,2018-08-06 04:00 AM,2018,8,6,4,12.5,52,Moderate,9.0,UG/M3,1 Hr,Valid
Embassy Kathmandu,PM2.5 - Principal,2018-08-06 05:00 AM,2018,8,6,5,9.7,40,Good,7.0,UG/M3,1 Hr,Valid
Embassy Kathmandu,PM2.5 - Principal,2018-08-06 06:00 AM,2018,8,6,6,7.8,33,Good,6.0,UG/M3,1 Hr,Valid
Embassy Kathmandu,PM2.5 - Principal,2018-08-06 07:00 AM,2018,8,6,7,7.4,31,Good,7.0,UG/M3,1 Hr,Valid
Embassy Kathmandu,PM2.5 - Principal,2018-08-06 08:00 AM,2018,8,6,8,6.7,28,Good,6.0,UG/M3,1 Hr,Valid
Embassy Kathmandu,PM2.5 - Principal,2018-08-06 09:00 AM,2018,8,6,9,8.3,35,Good,10.0,UG/M3,1 Hr,Valid
Embassy Kathmandu,PM2.5 - Principal,2018-08-06 10:00 AM,2018,8,6,10,9.6,40,Good,11.0,UG/M3,1 Hr,Valid
Embassy Kathmandu,PM2.5 - Principal,2018-08-06 11:00 AM,2018,8,6,11,10.8,45,Good,12.0,UG/M3,1 Hr,Valid
Embassy Kathmandu,PM2.5 - Principal,2018-08-06 12:00 PM,2018,8,6,12,12.4,52,Moderate,14.0,UG/M3,1 Hr,Valid
Embassy Kathmandu,PM2.5 - Principal,2018-08-06 01:00 PM,2018,8,6,13,12.2,51,Moderate,12.0,UG/M3,1 Hr,Valid
Embassy Kathmandu,PM2.5 - Principal,2018-08-06 02:00 PM,2018,8,6,14,9.6,40,Good,7.0,UG/M3,1 Hr,Valid
Embassy Kathmandu,PM2.5 - Principal,2018-08-06 03:00 PM,2018,8,6,15,7.3,30,Good,5.0,UG/M3,1 Hr,Valid
Embassy Kathmandu,PM2.5 - Principal,2018-08-06 04:00 PM,2018,8,6,16,6.6,28,Good,6.0,UG/M3,1 Hr,Valid
Embassy Kathmandu,PM2.5 - Principal,2018-08-06 05:00 PM,2018,8,6,17,7.3,30,Good,8.0,UG/M3,1 Hr,Valid
Embassy Kathmandu,PM2.5 - Principal,2018-08-06 06:00 PM,2018,8,6,18,11.1,46,Good,15.0,UG/M3,1 Hr,Valid
Embassy Kathmandu,PM2.5 - Principal,2018-08-06 07:00 PM,2018,8,6,19,18.0,63,Moderate,25.0,UG/M3,1 Hr,Valid
Embassy Kathmandu,PM2.5 - Principal,2018-08-06 08:00 PM,2018,8,6,20,17.5,62,Moderate,17.0,UG/M3,1 Hr,Valid
Embassy Kathmandu,PM2.5 - Principal,2018-08-06 09:00 PM,2018,8,6,21,19.7,67,Moderate,22.0,UG/M3,1 Hr,Valid
Embassy Kathmandu,PM2.5 - Principal,2018-08-06 10:00 PM,2018,8,6,22,20.8,69,Moderate,22.0,UG/M3,1 Hr,Valid
Embassy Kathmandu,PM2.5 - Principal,2018-08-06 11:00 PM,2018,8,6,23,17.9,63,Moderate,15.0,UG/M3,1 Hr,Valid
Embassy Kathmandu,PM2.5 - Principal,2018-08-07 12:00 AM,2018,8,7,0,14.9,57,Moderate,12.0,UG/M3,1 Hr,Valid
Embassy Kathmandu,PM2.5 - Principal,2018-08-07 01:00 AM,2018,8,7,1,12.4,52,Moderate,10.0,UG/M3,1 Hr,Valid
Embassy Kathmandu,PM2.5 - Principal,2018-08-07 02:00 AM,2018,8,7,2,9.2,38,Good,6.0,UG/M3,1 Hr,Valid
Embassy Kathmandu,PM2.5 - Principal,2018-08-07 03:00 AM,2018,8,7,3,8.1,34,Good,7.0,UG/M3,1 Hr,Valid
Embassy Kathmandu,PM2.5 - Principal,2018-08-07 04:00 AM,2018,8,7,4,8.0,33,Good,8.0,UG/M3,1 Hr,Valid
Embassy Kathmandu,PM2.5 - Principal,2018-08-07 05:00 AM,2018,8,7,5,8.5,35,Good,9.0,UG/M3,1 Hr,Valid
Embassy Kathmandu,PM2.5 - Principal,2018-08-07 06:00 AM,2018,8,7,6,8.7,36,Good,9.0,UG/M3,1 Hr,Valid
Embassy Kathmandu,PM2.5 - Principal,2018-08-07 07:00 AM,2018,8,7,7,12.3,51,Moderate,16.0,UG/M3,1 Hr,Valid
Embassy Kathmandu,PM2.5 - Principal,2018-08-07 08:00 AM,2018,8,7,8,13.6,54,Moderate,15.0,UG/M3,1 Hr,Valid
Embassy Kathmandu,PM2.5 - Principal,2018-08-07 09:00 AM,2018,8,7,9,16.8,61,Moderate,20.0,UG/M3,1 Hr,Valid
Embassy Kathmandu,PM2.5 - Principal,2018-08-07 10:00 AM,2018,8,7,10,23.9,76,Moderate,31.0,UG/M3,1 Hr,Valid
Embassy Kathmandu,PM2.5 - Principal,2018-08-07 11:00 AM,2018,8,7,11,18.9,65,Moderate,14.0,UG/M3,1 Hr,Valid
Embassy Kathmandu,PM2.5 - Principal,2018-08-07 12:00 PM,2018,8,7,12,14.9,57,Moderate,11.0,UG/M3,1 Hr,Valid
Embassy Kathmandu,PM2.5 - Principal,2018-08-07 01:00 PM,2018,8,7,13,12.9,53,Moderate,11.0,UG/M3,1 Hr,Valid
Embassy Kathmandu,PM2.5 - Principal,2018-08-07 02:00 PM,2018,8,7,14,10.9,45,Good,9.0,UG/M3,1 Hr,Valid
Embassy Kathmandu,PM2.5 - Principal,2018-08-07 03:00 PM,2018,8,7,15,8.9,37,Good,7.0,UG/M3,1 Hr,Valid
Embassy Kathmandu,PM2.5 - Principal,2018-08-07 04:00 PM,2018,8,7,16,9.9,41,Good,11.0,UG/M3,1 Hr,Valid
Embassy Kathmandu,PM2.5 - Principal,2018-08-07 05:00 PM,2018,8,7,17,12.0,50,Good,14.0,UG/M3,1 Hr,Valid
Embassy Kathmandu,PM2.5 - Principal,2018-08-07 06:00 PM,2018,8,7,18,14.0,55,Moderate,16.0,UG/M3,1 Hr,Valid
Embassy Kathmandu,PM2.5 - Principal,2018-08-07 07:00 PM,2018,8,7,19,14.0,55,Moderate,14.0,UG/M3,1 Hr,Valid
Embassy Kathmandu,PM2.5 - Principal,2018-08-07 08:00 PM,2018,8,7,20,12.9,53,Moderate,12.0,UG/M3,1 Hr,Valid
Embassy Kathmandu,PM2.5 - Principal,2018-08-07 09:00 PM,2018,8,7,21,15.9,59,Moderate,19.0,UG/M3,1 Hr,Valid
Embassy Kathmandu,PM2.5 - Principal,2018-08-07 10:00 PM,2018,8,7,22,18.4,64,Moderate,21.0,UG/M3,1 Hr,Valid
Embassy Kathmandu,PM2.5 - Principal,2018-08-07 11:00 PM,2018,8,7,23,17.7,63,Moderate,17.0,UG/M3,1 Hr,Valid
Embassy Kathmandu,PM2.5 - Principal,2018-08-08 12:00 AM,2018,8,8,0,12.3,51,Moderate,7.0,UG/M3,1 Hr,Valid
Embassy Kathmandu,PM2.5 - Principal,2018-08-08 01:00 AM,2018,8,8,1,8.1,34,Good,4.0,UG/M3,1 Hr,Valid
Embassy Kathmandu,PM2.5 - Principal,2018-08-08 02:00 AM,2018,8,8,2,6.0,25,Good,4.0,UG/M3,1 Hr,Valid
Embassy Kathmandu,PM2.5 - Principal,2018-08-08 03:00 AM,2018,8,8,3,5.0,21,Good,4.0,UG/M3,1 Hr,Valid
Embassy Kathmandu,PM2.5 - Principal,2018-08-08 04:00 AM,2018,8,8,4,3.5,15,Good,2.0,UG/M3,1 Hr,Valid
Embassy Kathmandu,PM2.5 - Principal,2018-08-08 05:00 AM,2018,8,8,5,2.2,9,Good,1.0,UG/M3,1 Hr,Valid
Embassy Kathmandu,PM2.5 - Principal,2018-08-08 06:00 AM,2018,8,8,6,3.1,13,Good,4.0,UG/M3,1 Hr,Valid
Embassy Kathmandu,PM2.5 - Principal,2018-08-08 07:00 AM,2018,8,8,7,6.5,27,Good,10.0,UG/M3,1 Hr,Valid
Embassy Kathmandu,PM2.5 - Principal,2018-08-08 08:00 AM,2018,8,8,8,8.2,34,Good,10.0,UG/M3,1 Hr,Valid
Embassy Kathmandu,PM2.5 - Principal,2018-08-08 09:00 AM,2018,8,8,9,8.6,36,Good,9.0,UG/M3,1 Hr,Valid
Embassy Kathmandu,PM2.5 - Principal,2018-08-08 10:00 AM,2018,8,8,10,11.8,49,Good,15.0,UG/M3,1 Hr,Valid
Embassy Kathmandu,PM2.5 - Principal,2018-08-08 11:00 AM,2018,8,8,11,11.8,49,Good,985.0,UG/M3,1 Hr,Invalid
Embassy Kathmandu,PM2.5 - Principal,2018-08-08 12:00 PM,2018,8,8,12,11.2,47,Good,11.0,UG/M3,1 Hr,Valid
Embassy Kathmandu,PM2.5 - Principal,2018-08-08 01:00 PM,2018,8,8,13,13.4,54,Moderate,15.0,UG/M3,1 Hr,Valid
Embassy Kathmandu,PM2.5 - Principal,2018-08-08 02:00 PM,2018,8,8,14,14.2,55,Moderate,15.0,UG/M3,1 Hr,Valid
Embassy Kathmandu,PM2.5 - Principal,2018-08-08 03:00 PM,2018,8,8,15,13.6,54,Moderate,13.0,UG/M3,1 Hr,Valid
Embassy Kathmandu,PM2.5 - Principal,2018-08-08 04:00 PM,2018,8,8,16,11.7,49,Good,10.0,UG/M3,1 Hr,Valid
Embassy Kathmandu,PM2.5 - Principal,2018-08-08 05:00 PM,2018,8,8,17,11.8,49,Good,12.0,UG/M3,1 Hr,Valid
Embassy Kathmandu,PM2.5 - Principal,2018-08-08 06:00 PM,2018,8,8,18,12.0,50,Good,12.0,UG/M3,1 Hr,Valid
Embassy Kathmandu,PM2.5 - Principal,2018-08-08 07:00 PM,2018,8,8,19,12.8,52,Moderate,14.0,UG/M3,1 Hr,Valid
Embassy Kathmandu,PM2.5 - Principal,2018-08-08 08:00 PM,2018,8,8,20,12.4,52,Moderate,12.0,UG/M3,1 Hr,Valid
Embassy Kathmandu,PM2.5 - Principal,2018-08-08 09:00 PM,2018,8,8,21,12.3,51,Moderate,12.0,UG/M3,1 Hr,Valid
Embassy Kathmandu,PM2.5 - Principal,2018-08-08 10:00 PM,2018,8,8,22,14.2,55,Moderate,17.0,UG/M3,1 Hr,Valid
Embassy Kathmandu,PM2.5 - Principal,2018-08-08 11:00 PM,2018,8,8,23,13.7,54,Moderate,13.0,UG/M3,1 Hr,Valid
Embassy Kathmandu,PM2.5 - Principal,2018-08-09 12:00 AM,2018,8,9,0,14.6,56,Moderate,16.0,UG/M3,1 Hr,Valid
Embassy Kathmandu,PM2.5 - Principal,2018-08-09 01:00 AM,2018,8,9,1,16.2,60,Moderate,18.0,UG/M3,1 Hr,Valid
Embassy Kathmandu,PM2.5 - Principal,2018-08-09 02:00 AM,2018,8,9,2,12.2,51,Moderate,8.0,UG/M3,1 Hr,Valid
Embassy Kathmandu,PM2.5 - Principal,2018-08-09 03:00 AM,2018,8,9,3,12.6,52,Moderate,13.0,UG/M3,1 Hr,Valid
Embassy Kathmandu,PM2.5 - Principal,2018-08-09 04:00 AM,2018,8,9,4,12.3,51,Moderate,12.0,UG/M3,1 Hr,Valid
Embassy Kathmandu,PM2.5 - Principal,2018-08-09 05:00 AM,2018,8,9,5,12.1,51,Moderate,12.0,UG/M3,1 Hr,Valid
Embassy Kathmandu,PM2.5 - Principal,2018-08-09 06:00 AM,2018,8,9,6,11.0,46,Good,10.0,UG/M3,1 Hr,Valid
Embassy Kathmandu,PM2.5 - Principal,2018-08-09 07:00 AM,2018,8,9,7,13.0,53,Moderate,15.0,UG/M3,1 Hr,Valid
Embassy Kathmandu,PM2.5 - Principal,2018-08-09 08:00 AM,2018,8,9,8,14.0,55,Moderate,15.0,UG/M3,1 Hr,Valid
Embassy Kathmandu,PM2.5 - Principal,2018-08-09 09:00 AM,2018,8,9,9,14.0,55,Moderate,14.0,UG/M3,1 Hr,Valid
Embassy Kathmandu,PM2.5 - Principal,2018-08-09 10:00 AM,2018,8,9,10,13.0,53,Moderate,12.0,UG/M3,1 Hr,Valid
Embassy Kathmandu,PM2.5 - Principal,2018-08-09 11:00 AM,2018,8,9,11,17.5,62,Moderate,22.0,UG/M3,1 Hr,Valid
Embassy Kathmandu,PM2.5 - Principal,2018-08-09 12:00 PM,2018,8,9,12,13.2,53,Moderate,9.0,UG/M3,1 Hr,Valid
Embassy Kathmandu,PM2.5 - Principal,2018-08-09 01:00 PM,2018,8,9,13,13.6,54,Moderate,14.0,UG/M3,1 Hr,Valid
Embassy Kathmandu,PM2.5 - Principal,2018-08-09 02:00 PM,2018,8,9,14,18.8,65,Moderate,24.0,UG/M3,1 Hr,Valid
Embassy Kathmandu,PM2.5 - Principal,2018-08-09 03:00 PM,2018,8,9,15,18.4,64,Moderate,18.0,UG/M3,1 Hr,Valid
Embassy Kathmandu,PM2.5 - Principal,2018-08-09 04:00 PM,2018,8,9,16,16.7,61,Moderate,15.0,UG/M3,1 Hr,Valid
Embassy Kathmandu,PM2.5 - Principal,2018-08-09 05:00 PM,2018,8,9,17,15.3,58,Moderate,14.0,UG/M3,1 Hr,Valid
Embassy Kathmandu,PM2.5 - Principal,2018-08-09 06:00 PM,2018,8,9,18,16.1,59,Moderate,17.0,UG/M3,1 Hr,Valid
Embassy Kathmandu,PM2.5 - Principal,2018-08-09 07:00 PM,2018,8,9,19,19.0,66,Moderate,22.0,UG/M3,1 Hr,Valid
Embassy Kathmandu,PM2.5 - Principal,2018-08-09 08:00 PM,2018,8,9,20,21.0,70,Moderate,23.0,UG/M3,1 Hr,Valid
Embassy Kathmandu,PM2.5 - Principal,2018-08-09 09:00 PM,2018,8,9,21,17.0,61,Moderate,13.0,UG/M3,1 Hr,Valid
Embassy Kathmandu,PM2.5 - Principal,2018-08-09 10:00 PM,2018,8,9,22,15.5,58,Moderate,14.0,UG/M3,1 Hr,Valid
Embassy Kathmandu,PM2.5 - Principal,2018-08-09 11:00 PM,2018,8,9,23,14.7,56,Moderate,14.0,UG/M3,1 Hr,Valid
Embassy Kathmandu,PM2.5 - Principal,2018-08-10 12:00 AM,2018,8,10,0,13.3,54,Moderate,12.0,UG/M3,1 Hr,Valid
Embassy Kathmandu,PM2.5 - Principal,2018-08-10 01:00 AM,2018,8,10,1,13.6,54,Moderate,14.0,UG/M3,1 Hr,Valid
Embassy Kathmandu,PM2.5 - Principal,2018-08-10 02:00 AM,2018,8,10,2,12.9,53,Moderate,12.0,UG/M3,1 Hr,Valid
Embassy Kathmandu,PM2.5 - Principal,2018-08-10 03:00 AM,2018,8,10,3,14.3,56,Moderate,16.0,UG/M3,1 Hr,Valid
Embassy Kathmandu,PM2.5 - Principal,2018-08-10 04:00 AM,2018,8,10,4,13.2,53,Moderate,12.0,UG/M3,1 Hr,Valid
Embassy Kathmandu,PM2.5 - Principal,2018-08-10 05:00 AM,2018,8,10,5,13.1,53,Moderate,13.0,UG/M3,1 Hr,Valid
Embassy Kathmandu,PM2.5 - Principal,2018-08-10 06:00 AM,2018,8,10,6,13.5,54,Moderate,14.0,UG/M3,1 Hr,Valid
Embassy Kathmandu,PM2.5 - Principal,2018-08-10 07:00 AM,2018,8,10,7,15.1,57,Moderate,17.0,UG/M3,1 Hr,Valid
Embassy Kathmandu,PM2.5 - Principal,2018-08-10 08:00 AM,2018,8,10,8,18.2,64,Moderate,22.0,UG/M3,1 Hr,Valid
Embassy Kathmandu,PM2.5 - Principal,2018-08-10 09:00 AM,2018,8,10,9,22.8,74,Moderate,27.0,UG/M3,1 Hr,Valid
Embassy Kathmandu,PM2.5 - Principal,2018-08-10 10:00 AM,2018,8,10,10,24.4,77,Moderate,26.0,UG/M3,1 Hr,Valid
Embassy Kathmandu,PM2.5 - Principal,2018-08-10 11:00 AM,2018,8,10,11,22.7,73,Moderate,21.0,UG/M3,1 Hr,Valid
Embassy Kathmandu,PM2.5 - Principal,2018-08-10 12:00 PM,2018,8,10,12,21.3,70,Moderate,20.0,UG/M3,1 Hr,Valid
Embassy Kathmandu,PM2.5 - Principal,2018-08-10 01:00 PM,2018,8,10,13,19.6,67,Moderate,18.0,UG/M3,1 Hr,Valid
Embassy Kathmandu,PM2.5 - Principal,2018-08-10 02:00 PM,2018,8,10,14,17.3,62,Moderate,15.0,UG/M3,1 Hr,Valid
Embassy Kathmandu,PM2.5 - Principal,2018-08-10 03:00 PM,2018,8,10,15,14.1,55,Moderate,11.0,UG/M3,1 Hr,Valid
Embassy Kathmandu,PM2.5 - Principal,2018-08-10 04:00 PM,2018,8,10,16,15.0,57,Moderate,16.0,UG/M3,1 Hr,Valid
Embassy Kathmandu,PM2.5 - Principal,2018-08-10 05:00 PM,2018,8,10,17,14.0,55,Moderate,13.0,UG/M3,1 Hr,Valid
Embassy Kathmandu,PM2.5 - Principal,2018-08-10 06:00 PM,2018,8,10,18,12.5,52,Moderate,11.0,UG/M3,1 Hr,Valid
Embassy Kathmandu,PM2.5 - Principal,2018-08-10 07:00 PM,2018,8,10,19,12.7,52,Moderate,13.0,UG/M3,1 Hr,Valid
Embassy Kathmandu,PM2.5 - Principal,2018-08-10 08:00 PM,2018,8,10,20,12.3,51,Moderate,12.0,UG/M3,1 Hr,Valid
Embassy Kathmandu,PM2.5 - Principal,2018-08-10 09:00 PM,2018,8,10,21,15.1,57,Moderate,18.0,UG/M3,1 Hr,Valid
Embassy Kathmandu,PM2.5 - Principal,2018-08-10 10:00 PM,2018,8,10,22,18.5,64,Moderate,22.0,UG/M3,1 Hr,Valid
Embassy Kathmandu,PM2.5 - Principal,2018-08-10 11:00 PM,2018,8,10,23,18.2,64,Moderate,18.0,UG/M3,1 Hr,Valid
Embassy Kathmandu,PM2.5 - Principal,2018-08-11 12:00 AM,2018,8,11,0,16.1,59,Moderate,14.0,UG/M3,1 Hr,Valid
Embassy Kathmandu,PM2.5 - Principal,2018-08-11 01:00 AM,2018,8,11,1,14.5,56,Moderate,13.0,UG/M3,1 Hr,Valid
Embassy Kathmandu,PM2.5 - Principal,2018-08-11 02:00 AM,2018,8,11,2,10.7,45,Good,7.0,UG/M3,1 Hr,Valid
Embassy Kathmandu,PM2.5 - Principal,2018-08-11 03:00 AM,2018,8,11,3,8.3,35,Good,6.0,UG/M3,1 Hr,Valid
Embassy Kathmandu,PM2.5 - Principal,2018-08-11 04:00 AM,2018,8,11,4,8.6,36,Good,9.0,UG/M3,1 Hr,Valid
Embassy Kathmandu,PM2.5 - Principal,2018-08-11 05:00 AM,2018,8,11,5,7.3,30,Good,6.0,UG/M3,1 Hr,Valid
Embassy Kathmandu,PM2.5 - Principal,2018-08-11 06:00 AM,2018,8,11,6,7.1,30,Good,7.0,UG/M3,1 Hr,Valid
Embassy Kathmandu,PM2.5 - Principal,2018-08-11 07:00 AM,2018,8,11,7,8.5,35,Good,10.0,UG/M3,1 Hr,Valid
Embassy Kathmandu,PM2.5 - Principal,2018-08-11 08:00 AM,2018,8,11,8,8.2,34,Good,8.0,UG/M3,1 Hr,Valid
Embassy Kathmandu,PM2.5 - Principal,2018-08-11 09:00 AM,2018,8,11,9,7.6,32,Good,7.0,UG/M3,1 Hr,Valid
Embassy Kathmandu,PM2.5 - Principal,2018-08-11 10:00 AM,2018,8,11,10,11.3,47,Good,15.0,UG/M3,1 Hr,Valid
Embassy Kathmandu,PM2.5 - Principal,2018-08-11 11:00 AM,2018,8,11,11,11.6,48,Good,12.0,UG/M3,1 Hr,Valid
Embassy Kathmandu,PM2.5 - Principal,2018-08-11 12:00 PM,2018,8,11,12,12.3,51,Moderate,13.0,UG/M3,1 Hr,Valid
Embassy Kathmandu,PM2.5 - Principal,2018-08-11 01:00 PM,2018,8,11,13,11.6,48,Good,11.0,UG/M3,1 Hr,Valid
Embassy Kathmandu,PM2.5 - Principal,2018-08-11 02:00 PM,2018,8,11,14,10.3,43,Good,9.0,UG/M3,1 Hr,Valid
Embassy Kathmandu,PM2.5 - Principal,2018-08-11 03:00 PM,2018,8,11,15,8.6,36,Good,7.0,UG/M3,1 Hr,Valid
Embassy Kathmandu,PM2.5 - Principal,2018-08-11 04:00 PM,2018,8,11,16,8.8,37,Good,9.0,UG/M3,1 Hr,Valid
Embassy Kathmandu,PM2.5 - Principal,2018-08-11 05:00 PM,2018,8,11,17,7.9,33,Good,7.0,UG/M3,1 Hr,Valid
Embassy Kathmandu,PM2.5 - Principal,2018-08-11 06:00 PM,2018,8,11,18,8.4,35,Good,9.0,UG/M3,1 Hr,Valid
Embassy Kathmandu,PM2.5 - Principal,2018-08-11 07:00 PM,2018,8,11,19,8.2,34,Good,8.0,UG/M3,1 Hr,Valid
Embassy Kathmandu,PM2.5 - Principal,2018-08-11 08:00 PM,2018,8,11,20,9.6,40,Good,11.0,UG/M3,1 Hr,Valid
Embassy Kathmandu,PM2.5 - Principal,2018-08-11 09:00 PM,2018,8,11,21,11.8,49,Good,14.0,UG/M3,1 Hr,Valid
Embassy Kathmandu,PM2.5 - Principal,2018-08-11 10:00 PM,2018,8,11,22,12.9,53,Moderate,14.0,UG/M3,1 Hr,Valid
Embassy Kathmandu,PM2.5 - Principal,2018-08-11 11:00 PM,2018,8,11,23,13.4,54,Moderate,14.0,UG/M3,1 Hr,Valid
Embassy Kathmandu,PM2.5 - Principal,2018-08-12 12:00 AM,2018,8,12,0,12.7,52,Moderate,12.0,UG/M3,1 Hr,Valid
Embassy Kathmandu,PM2.5 - Principal,2018-08-12 01:00 AM,2018,8,12,1,11.8,49,Good,11.0,UG/M3,1 Hr,Valid
Embassy Kathmandu,PM2.5 - Principal,2018-08-12 02:00 AM,2018,8,12,2,12.4,52,Moderate,13.0,UG/M3,1 Hr,Valid
Embassy Kathmandu,PM2.5 - Principal,2018-08-12 03:00 AM,2018,8,12,3,12.2,51,Moderate,12.0,UG/M3,1 Hr,Valid
Embassy Kathmandu,PM2.5 - Principal,2018-08-12 04:00 AM,2018,8,12,4,12.6,52,Moderate,13.0,UG/M3,1 Hr,Valid
Embassy Kathmandu,PM2.5 - Principal,2018-08-12 05:00 AM,2018,8,12,5,11.0,46,Good,9.0,UG/M3,1 Hr,Valid
Embassy Kathmandu,PM2.5 - Principal,2018-08-12 06:00 AM,2018,8,12,6,11.4,48,Good,12.0,UG/M3,1 Hr,Valid
Embassy Kathmandu,PM2.5 - Principal,2018-08-12 07:00 AM,2018,8,12,7,12.8,52,Moderate,15.0,UG/M3,1 Hr,Valid
Embassy Kathmandu,PM2.5 - Principal,2018-08-12 08:00 AM,2018,8,12,8,20.1,68,Moderate,27.0,UG/M3,1 Hr,Valid
Embassy Kathmandu,PM2.5 - Principal,2018-08-12 09:00 AM,2018,8,12,9,20.5,69,Moderate,21.0,UG/M3,1 Hr,Valid
Embassy Kathmandu,PM2.5 - Principal,2018-08-12 10:00 AM,2018,8,12,10,23.7,75,Moderate,27.0,UG/M3,1 Hr,Valid
Embassy Kathmandu,PM2.5 - Principal,2018-08-12 11:00 AM,2018,8,12,11,22.8,74,Moderate,22.0,UG/M3,1 Hr,Valid
Embassy Kathmandu,PM2.5 - Principal,2018-08-12 12:00 PM,2018,8,12,12,21.4,71,Moderate,20.0,UG/M3,1 Hr,Valid
Embassy Kathmandu,PM2.5 - Principal,2018-08-12 01:00 PM,2018,8,12,13,19.7,67,Moderate,18.0,UG/M3,1 Hr,Valid
Embassy Kathmandu,PM2.5 - Principal,2018-08-12 02:00 PM,2018,8,12,14,17.8,63,Moderate,16.0,UG/M3,1 Hr,Valid
Embassy Kathmandu,PM2.5 - Principal,2018-08-12 03:00 PM,2018,8,12,15,16.4,60,Moderate,15.0,UG/M3,1 Hr,Valid
Embassy Kathmandu,PM2.5 - Principal,2018-08-12 04:00 PM,2018,8,12,16,14.2,55,Moderate,12.0,UG/M3,1 Hr,Valid
Embassy Kathmandu,PM2.5 - Principal,2018-08-12 05:00 PM,2018,8,12,17,14.1,55,Moderate,14.0,UG/M3,1 Hr,Valid
Embassy Kathmandu,PM2.5 - Principal,2018-08-12 06:00 PM,2018,8,12,18,15.0,57,Moderate,16.0,UG/M3,1 Hr,Valid
Embassy Kathmandu,PM2.5 - Principal,2018-08-12 07:00 PM,2018,8,12,19,17.5,62,Moderate,20.0,UG/M3,1 Hr,Valid
Embassy Kathmandu,PM2.5 - Principal,2018-08-12 08:00 PM,2018,8,12,20,14.2,55,Moderate,11.0,UG/M3,1 Hr,Valid
Embassy Kathmandu,PM2.5 - Principal,2018-08-12 09:00 PM,2018,8,12,21,13.1,53,Moderate,12.0,UG/M3,1 Hr,Valid
Embassy Kathmandu,PM2.5 - Principal,2018-08-12 10:00 PM,2018,8,12,22,12.0,50,Good,11.0,UG/M3,1 Hr,Valid
Embassy Kathmandu,PM2.5 - Principal,2018-08-12 11:00 PM,2018,8,12,23,9.5,40,Good,7.0,UG/M3,1 Hr,Valid
Embassy Kathmandu,PM2.5 - Principal,2018-08-13 12:00 AM,2018,8,13,0,7.2,30,Good,5.0,UG/M3,1 Hr,Valid
Embassy Kathmandu,PM2.5 - Principal,2018-08-13 01:00 AM,2018,8,13,1,5.6,23,Good,4.0,UG/M3,1 Hr,Valid
Embassy Kathmandu,PM2.5 - Principal,2018-08-13 02:00 AM,2018,8,13,2,5.8,24,Good,6.0,UG/M3,1 Hr,Valid
Embassy Kathmandu,PM2.5 - Principal,2018-08-13 03:00 AM,2018,8,13,3,4.4,18,Good,3.0,UG/M3,1 Hr,Valid
Embassy Kathmandu,PM2.5 - Principal,2018-08-13 04:00 AM,2018,8,13,4,2.7,11,Good,1.0,UG/M3,1 Hr,Valid
Embassy Kathmandu,PM2.5 - Principal,2018-08-13 05:00 AM,2018,8,13,5,2.3,10,Good,2.0,UG/M3,1 Hr,Valid
Embassy Kathmandu,PM2.5 - Principal,2018-08-13 06:00 AM,2018,8,13,6,5.1,21,Good,8.0,UG/M3,1 Hr,Valid
Embassy Kathmandu,PM2.5 - Principal,2018-08-13 07:00 AM,2018,8,13,7,10.0,42,Good,15.0,UG/M3,1 Hr,Valid
Embassy Kathmandu,PM2.5 - Principal,2018-08-13 08:00 AM,2018,8,13,8,12.5,52,Moderate,15.0,UG/M3,1 Hr,Valid
Embassy Kathmandu,PM2.5 - Principal,2018-08-13 09:00 AM,2018,8,13,9,14.7,56,Moderate,17.0,UG/M3,1 Hr,Valid
Embassy Kathmandu,PM2.5 - Principal,2018-08-13 10:00 AM,2018,8,13,10,12.8,52,Moderate,11.0,UG/M3,1 Hr,Valid
Embassy Kathmandu,PM2.5 - Principal,2018-08-13 11:00 AM,2018,8,13,11,12.4,52,Moderate,12.0,UG/M3,1 Hr,Valid
Embassy Kathmandu,PM2.5 - Principal,2018-08-13 12:00 PM,2018,8,13,12,9.2,38,Good,6.0,UG/M3,1 Hr,Valid
Embassy Kathmandu,PM2.5 - Principal,2018-08-13 01:00 PM,2018,8,13,13,7.1,30,Good,5.0,UG/M3,1 Hr,Valid
Embassy Kathmandu,PM2.5 - Principal,2018-08-13 02:00 PM,2018,8,13,14,7.1,30,Good,-999.0,UG/M3,1 Hr,Missing
Embassy Kathmandu,PM2.5 - Principal,2018-08-13 03:00 PM,2018,8,13,15,4.3,18,Good,3.0,UG/M3,1 Hr,Valid
Embassy Kathmandu,PM2.5 - Principal,2018-08-13 04:00 PM,2018,8,13,16,4.7,20,Good,5.0,UG/M3,1 Hr,Valid
Embassy Kathmandu,PM2.5 - Principal,2018-08-13 05:00 PM,2018,8,13,17,8.6,36,Good,12.0,UG/M3,1 Hr,Valid
Embassy Kathmandu,PM2.5 - Principal,2018-08-13 06:00 PM,2018,8,13,18,10.3,43,Good,12.0,UG/M3,1 Hr,Valid
Embassy Kathmandu,PM2.5 - Principal,2018-08-13 07:00 PM,2018,8,13,19,12.7,52,Moderate,15.0,UG/M3,1 Hr,Valid
Embassy Kathmandu,PM2.5 - Principal,2018-08-13 08:00 PM,2018,8,13,20,13.8,55,Moderate,15.0,UG/M3,1 Hr,Valid
Embassy Kathmandu,PM2.5 - Principal,2018-08-13 09:00 PM,2018,8,13,21,13.9,55,Moderate,14.0,UG/M3,1 Hr,Valid
Embassy Kathmandu,PM2.5 - Principal,2018-08-13 10:00 PM,2018,8,13,22,15.4,58,Moderate,17.0,UG/M3,1 Hr,Valid
Embassy Kathmandu,PM2.5 - Principal,2018-08-13 11:00 PM,2018,8,13,23,15.2,58,Moderate,15.0,UG/M3,1 Hr,Valid
Embassy Kathmandu,PM2.5 - Principal,2018-08-14 12:00 AM,2018,8,14,0,12.1,51,Moderate,9.0,UG/M3,1 Hr,Valid
Embassy Kathmandu,PM2.5 - Principal,2018-08-14 01:00 AM,2018,8,14,1,13.0,53,Moderate,14.0,UG/M3,1 Hr,Valid
Embassy Kathmandu,PM2.5 - Principal,2018-08-14 02:00 AM,2018,8,14,2,14.5,56,Moderate,16.0,UG/M3,1 Hr,Valid
Embassy Kathmandu,PM2.5 - Principal,2018-08-14 03:00 AM,2018,8,14,3,14.7,56,Moderate,15.0,UG/M3,1 Hr,Valid
Embassy Kathmandu,PM2.5 - Principal,2018-08-14 04:00 AM,2018,8,14,4,14.3,56,Moderate,14.0,UG/M3,1 Hr,Valid
Embassy Kathmandu,PM2.5 - Principal,2018-08-14 05:00 AM,2018,8,14,5,14.2,55,Moderate,14.0,UG/M3,1 Hr,Valid
Embassy Kathmandu,PM2.5 - Principal,2018-08-14 06:00 AM,2018,8,14,6,12.6,52,Moderate,11.0,UG/M3,1 Hr,Valid
Embassy Kathmandu,PM2.5 - Principal,2018-08-14 07:00 AM,2018,8,14,7,14.2,55,Moderate,16.0,UG/M3,1 Hr,Valid
Embassy Kathmandu,PM2.5 - Principal,2018-08-14 08:00 AM,2018,8,14,8,16.1,59,Moderate,18.0,UG/M3,1 Hr,Valid
Embassy Kathmandu,PM2.5 - Principal,2018-08-14 09:00 AM,2018,8,14,9,19.0,66,Moderate,22.0,UG/M3,1 Hr,Valid
Embassy Kathmandu,PM2.5 - Principal,2018-08-14 10:00 AM,2018,8,14,10,20.0,68,Moderate,21.0,UG/M3,1 Hr,Valid
Embassy Kathmandu,PM2.5 - Principal,2018-08-14 11:00 AM,2018,8,14,11,19.5,67,Moderate,19.0,UG/M3,1 Hr,Valid
Embassy Kathmandu,PM2.5 - Principal,2018-08-14 12:00 PM,2018,8,14,12,17.2,62,Moderate,15.0,UG/M3,1 Hr,Valid
Embassy Kathmandu,PM2.5 - Principal,2018-08-14 01:00 PM,2018,8,14,13,19.6,67,Moderate,22.0,UG/M3,1 Hr,Valid
Embassy Kathmandu,PM2.5 - Principal,2018-08-14 02:00 PM,2018,8,14,14,14.8,57,Moderate,10.0,UG/M3,1 Hr,Valid
Embassy Kathmandu,PM2.5 - Principal,2018-08-14 03:00 PM,2018,8,14,15,12.4,52,Moderate,10.0,UG/M3,1 Hr,Valid
Embassy Kathmandu,PM2.5 - Principal,2018-08-14 04:00 PM,2018,8,14,16,12.7,52,Moderate,13.0,UG/M3,1 Hr,Valid
Embassy Kathmandu,PM2.5 - Principal,2018-08-14 05:00 PM,2018,8,14,17,13.3,54,Moderate,14.0,UG/M3,1 Hr,Valid
Embassy Kathmandu,PM2.5 - Principal,2018-08-14 06:00 PM,2018,8,14,18,12.6,52,Moderate,12.0,UG/M3,1 Hr,Valid
Embassy Kathmandu,PM2.5 - Principal,2018-08-14 07:00 PM,2018,8,14,19,14.8,57,Moderate,17.0,UG/M3,1 Hr,Valid
Embassy Kathmandu,PM2.5 - Principal,2018-08-14 08:00 PM,2018,8,14,20,14.9,57,Moderate,15.0,UG/M3,1 Hr,Valid
Embassy Kathmandu,PM2.5 - Principal,2018-08-14 09:00 PM,2018,8,14,21,15.9,59,Moderate,17.0,UG/M3,1 Hr,Valid
Embassy Kathmandu,PM2.5 - Principal,2018-08-14 10:00 PM,2018,8,14,22,14.9,57,Moderate,14.0,UG/M3,1 Hr,Valid
Embassy Kathmandu,PM2.5 - Principal,2018-08-14 11:00 PM,2018,8,14,23,15.4,58,Moderate,16.0,UG/M3,1 Hr,Valid
Embassy Kathmandu,PM2.5 - Principal,2018-08-15 12:00 AM,2018,8,15,0,11.7,49,Good,8.0,UG/M3,1 Hr,Valid
Embassy Kathmandu,PM2.5 - Principal,2018-08-15 01:00 AM,2018,8,15,1,8.3,35,Good,5.0,UG/M3,1 Hr,Valid
Embassy Kathmandu,PM2.5 - Principal,2018-08-15 02:00 AM,2018,8,15,2,6.6,28,Good,5.0,UG/M3,1 Hr,Valid
Embassy Kathmandu,PM2.5 - Principal,2018-08-15 03:00 AM,2018,8,15,3,4.3,18,Good,2.0,UG/M3,1 Hr,Valid
Embassy Kathmandu,PM2.5 - Principal,2018-08-15 04:00 AM,2018,8,15,4,0.6,3,Good,-3.0,UG/M3,1 Hr,Valid
Embassy Kathmandu,PM2.5 - Principal,2018-08-15 05:00 AM,2018,8,15,5,-0.1,-999,,-1.0,UG/M3,1 Hr,Valid
Embassy Kathmandu,PM2.5 - Principal,2018-08-15 06:00 AM,2018,8,15,6,1.9,8,Good,4.0,UG/M3,1 Hr,Valid
Embassy Kathmandu,PM2.5 - Principal,2018-08-15 07:00 AM,2018,8,15,7,5.9,25,Good,10.0,UG/M3,1 Hr,Valid
Embassy Kathmandu,PM2.5 - Principal,2018-08-15 08:00 AM,2018,8,15,8,6.9,29,Good,8.0,UG/M3,1 Hr,Valid
Embassy Kathmandu,PM2.5 - Principal,2018-08-15 09:00 AM,2018,8,15,9,6.4,27,Good,6.0,UG/M3,1 Hr,Valid
Embassy Kathmandu,PM2.5 - Principal,2018-08-15 10:00 AM,2018,8,15,10,6.7,28,Good,7.0,UG/M3,1 Hr,Valid
Embassy Kathmandu,PM2.5 - Principal,2018-08-15 11:00 AM,2018,8,15,11,7.8,33,Good,9.0,UG/M3,1 Hr,Valid
Embassy Kathmandu,PM2.5 - Principal,2018-08-15 12:00 PM,2018,8,15,12,6.9,29,Good,6.0,UG/M3,1 Hr,Valid
Embassy Kathmandu,PM2.5 - Principal,2018-08-15 01:00 PM,2018,8,15,13,6.4,27,Good,6.0,UG/M3,1 Hr,Valid
Embassy Kathmandu,PM2.5 - Principal,2018-08-15 02:00 PM,2018,8,15,14,9.7,40,Good,13.0,UG/M3,1 Hr,Valid
Embassy Kathmandu,PM2.5 - Principal,2018-08-15 03:00 PM,2018,8,15,15,9.3,39,Good,9.0,UG/M3,1 Hr,Valid
Embassy Kathmandu,PM2.5 - Principal,2018-08-15 04:00 PM,2018,8,15,16,12.1,51,Moderate,15.0,UG/M3,1 Hr,Valid
Embassy Kathmandu,PM2.5 - Principal,2018-08-15 05:00 PM,2018,8,15,17,11.5,48,Good,11.0,UG/M3,1 Hr,Valid
Embassy Kathmandu,PM2.5 - Principal,2018-08-15 06:00 PM,2018,8,15,18,12.7,52,Moderate,14.0,UG/M3,1 Hr,Valid
Embassy Kathmandu,PM2.5 - Principal,2018-08-15 07:00 PM,2018,8,15,19,10.3,43,Good,8.0,UG/M3,1 Hr,Valid
Embassy Kathmandu,PM2.5 - Principal,2018-08-15 08:00 PM,2018,8,15,20,11.2,47,Good,12.0,UG/M3,1 Hr,Valid
Embassy Kathmandu,PM2.5 - Principal,2018-08-15 09:00 PM,2018,8,15,21,13.1,53,Moderate,15.0,UG/M3,1 Hr,Valid
Embassy Kathmandu,PM2.5 - Principal,2018-08-15 10:00 PM,2018,8,15,22,13.0,53,Moderate,13.0,UG/M3,1 Hr,Valid
Embassy Kathmandu,PM2.5 - Principal,2018-08-15 11:00 PM,2018,8,15,23,10.0,42,Good,7.0,UG/M3,1 Hr,Valid
Embassy Kathmandu,PM2.5 - Principal,2018-08-16 12:00 AM,2018,8,16,0,11.0,46,Good,12.0,UG/M3,1 Hr,Valid
Embassy Kathmandu,PM2.5 - Principal,2018-08-16 01:00 AM,2018,8,16,1,9.0,38,Good,7.0,UG/M3,1 Hr,Valid
Embassy Kathmandu,PM2.5 - Principal,2018-08-16 02:00 AM,2018,8,16,2,6.0,25,Good,3.0,UG/M3,1 Hr,Valid
Embassy Kathmandu,PM2.5 - Principal,2018-08-16 03:00 AM,2018,8,16,3,5.5,23,Good,5.0,UG/M3,1 Hr,Valid
Embassy Kathmandu,PM2.5 - Principal,2018-08-16 04:00 AM,2018,8,16,4,6.2,26,Good,7.0,UG/M3,1 Hr,Valid
Embassy Kathmandu,PM2.5 - Principal,2018-08-16 05:00 AM,2018,8,16,5,6.1,25,Good,6.0,UG/M3,1 Hr,Valid
Embassy Kathmandu,PM2.5 - Principal,2018-08-16 06:00 AM,2018,8,16,6,6.5,27,Good,7.0,UG/M3,1 Hr,Valid
Embassy Kathmandu,PM2.5 - Principal,2018-08-16 07:00 AM,2018,8,16,7,10.2,43,Good,14.0,UG/M3,1 Hr,Valid
Embassy Kathmandu,PM2.5 - Principal,2018-08-16 08:00 AM,2018,8,16,8,13.6,54,Moderate,17.0,UG/M3,1 Hr,Valid
Embassy Kathmandu,PM2.5 - Principal,2018-08-16 09:00 AM,2018,8,16,9,17.3,62,Moderate,21.0,UG/M3,1 Hr,Valid
Embassy Kathmandu,PM2.5 - Principal,2018-08-16 10:00 AM,2018,8,16,10,20.1,68,Moderate,23.0,UG/M3,1 Hr,Valid
Embassy Kathmandu,PM2.5 - Principal,2018-08-16 11:00 AM,2018,8,16,11,19.0,66,Moderate,18.0,UG/M3,1 Hr,Valid
Embassy Kathmandu,PM2.5 - Principal,2018-08-16 12:00 PM,2018,8,16,12,19.0,66,Moderate,19.0,UG/M3,1 Hr,Valid
Embassy Kathmandu,PM2.5 - Principal,2018-08-16 01:00 PM,2018,8,16,13,16.0,59,Moderate,13.0,UG/M3,1 Hr,Valid
Embassy Kathmandu,PM2.5 - Principal,2018-08-16 02:00 PM,2018,8,16,14,13.0,53,Moderate,10.0,UG/M3,1 Hr,Valid
Embassy Kathmandu,PM2.5 - Principal,2018-08-16 03:00 PM,2018,8,16,15,10.5,44,Good,8.0,UG/M3,1 Hr,Valid
Embassy Kathmandu,PM2.5 - Principal,2018-08-16 04:00 PM,2018,8,16,16,9.2,38,Good,8.0,UG/M3,1 Hr,Valid
Embassy Kathmandu,PM2.5 - Principal,2018-08-16 05:00 PM,2018,8,16,17,10.1,42,Good,11.0,UG/M3,1 Hr,Valid
Embassy Kathmandu,PM2.5 - Principal,2018-08-16 06:00 PM,2018,8,16,18,12.0,50,Good,14.0,UG/M3,1 Hr,Valid
Embassy Kathmandu,PM2.5 - Principal,2018-08-16 07:00 PM,2018,8,16,19,10.0,42,Good,8.0,UG/M3,1 Hr,Valid
Embassy Kathmandu,PM2.5 - Principal,2018-08-16 08:00 PM,2018,8,16,20,9.0,38,Good,8.0,UG/M3,1 Hr,Valid
Embassy Kathmandu,PM2.5 - Principal,2018-08-16 09:00 PM,2018,8,16,21,11.0,46,Good,13.0,UG/M3,1 Hr,Valid
Embassy Kathmandu,PM2.5 - Principal,2018-08-16 10:00 PM,2018,8,16,22,12.0,50,Good,13.0,UG/M3,1 Hr,Valid
Embassy Kathmandu,PM2.5 - Principal,2018-08-16 11:00 PM,2018,8,16,23,11.0,46,Good,10.0,UG/M3,1 Hr,Valid
Embassy Kathmandu,PM2.5 - Principal,2018-08-17 12:00 AM,2018,8,17,0,8.9,37,Good,7.0,UG/M3,1 Hr,Valid
Embassy Kathmandu,PM2.5 - Principal,2018-08-17 01:00 AM,2018,8,17,1,6.9,29,Good,5.0,UG/M3,1 Hr,Valid
Embassy Kathmandu,PM2.5 - Principal,2018-08-17 02:00 AM,2018,8,17,2,5.4,23,Good,4.0,UG/M3,1 Hr,Valid
Embassy Kathmandu,PM2.5 - Principal,2018-08-17 03:00 AM,2018,8,17,3,5.7,24,Good,6.0,UG/M3,1 Hr,Valid
Embassy Kathmandu,PM2.5 - Principal,2018-08-17 04:00 AM,2018,8,17,4,6.3,26,Good,7.0,UG/M3,1 Hr,Valid
Embassy Kathmandu,PM2.5 - Principal,2018-08-17 05:00 AM,2018,8,17,5,8.1,34,Good,10.0,UG/M3,1 Hr,Valid
Embassy Kathmandu,PM2.5 - Principal,2018-08-17 06:00 AM,2018,8,17,6,8.5,35,Good,9.0,UG/M3,1 Hr,Valid
Embassy Kathmandu,PM2.5 - Principal,2018-08-17 07:00 AM,2018,8,17,7,11.2,47,Good,14.0,UG/M3,1 Hr,Valid
Embassy Kathmandu,PM2.5 - Principal,2018-08-17 08:00 AM,2018,8,17,8,10.1,42,Good,9.0,UG/M3,1 Hr,Valid
Embassy Kathmandu,PM2.5 - Principal,2018-08-17 09:00 AM,2018,8,17,9,9.5,40,Good,9.0,UG/M3,1 Hr,Valid
Embassy Kathmandu,PM2.5 - Principal,2018-08-17 10:00 AM,2018,8,17,10,8.2,34,Good,7.0,UG/M3,1 Hr,Valid
Embassy Kathmandu,PM2.5 - Principal,2018-08-17 11:00 AM,2018,8,17,11,10.6,44,Good,13.0,UG/M3,1 Hr,Valid
Embassy Kathmandu,PM2.5 - Principal,2018-08-17 12:00 PM,2018,8,17,12,10.8,45,Good,11.0,UG/M3,1 Hr,Valid
Embassy Kathmandu,PM2.5 - Principal,2018-08-17 01:00 PM,2018,8,17,13,9.9,41,Good,9.0,UG/M3,1 Hr,Valid
Embassy Kathmandu,PM2.5 - Principal,2018-08-17 02:00 PM,2018,8,17,14,9.9,41,Good,10.0,UG/M3,1 Hr,Valid
Embassy Kathmandu,PM2.5 - Principal,2018-08-17 03:00 PM,2018,8,17,15,9.4,39,Good,9.0,UG/M3,1 Hr,Valid
Embassy Kathmandu,PM2.5 - Principal,2018-08-17 04:00 PM,2018,8,17,16,11.7,49,Good,14.0,UG/M3,1 Hr,Valid
Embassy Kathmandu,PM2.5 - Principal,2018-08-17 05:00 PM,2018,8,17,17,12.3,51,Moderate,13.0,UG/M3,1 Hr,Valid
Embassy Kathmandu,PM2.5 - Principal,2018-08-17 06:00 PM,2018,8,17,18,10.1,42,Good,8.0,UG/M3,1 Hr,Valid
Embassy Kathmandu,PM2.5 - Principal,2018-08-17 07:00 PM,2018,8,17,19,13.0,53,Moderate,16.0,UG/M3,1 Hr,Valid
Embassy Kathmandu,PM2.5 - Principal,2018-08-17 08:00 PM,2018,8,17,20,19.0,66,Moderate,25.0,UG/M3,1 Hr,Valid
Embassy Kathmandu,PM2.5 - Principal,2018-08-17 09:00 PM,2018,8,17,21,16.5,60,Moderate,14.0,UG/M3,1 Hr,Valid
Embassy Kathmandu,PM2.5 - Principal,2018-08-17 10:00 PM,2018,8,17,22,13.7,54,Moderate,11.0,UG/M3,1 Hr,Valid
Embassy Kathmandu,PM2.5 - Principal,2018-08-17 11:00 PM,2018,8,17,23,11.3,47,Good,9.0,UG/M3,1 Hr,Valid
Embassy Kathmandu,PM2.5 - Principal,2018-08-18 12:00 AM,2018,8,18,0,8.6,36,Good,6.0,UG/M3,1 Hr,Valid
Embassy Kathmandu,PM2.5 - Principal,2018-08-18 01:00 AM,2018,8,18,1,6.8,28,Good,5.0,UG/M3,1 Hr,Valid
Embassy Kathmandu,PM2.5 - Principal,2018-08-18 02:00 AM,2018,8,18,2,4.4,18,Good,2.0,UG/M3,1 Hr,Valid
Embassy Kathmandu,PM2.5 - Principal,2018-08-18 03:00 AM,2018,8,18,3,1.7,7,Good,-1.0,UG/M3,1 Hr,Valid
Embassy Kathmandu,PM2.5 - Principal,2018-08-18 04:00 AM,2018,8,18,4,0.8,3,Good,0.0,UG/M3,1 Hr,Valid
Embassy Kathmandu,PM2.5 - Principal,2018-08-18 05:00 AM,2018,8,18,5,1.4,6,Good,2.0,UG/M3,1 Hr,Valid
Embassy Kathmandu,PM2.5 - Principal,2018-08-18 06:00 AM,2018,8,18,6,5.2,22,Good,9.0,UG/M3,1 Hr,Valid
Embassy Kathmandu,PM2.5 - Principal,2018-08-18 07:00 AM,2018,8,18,7,6.6,28,Good,8.0,UG/M3,1 Hr,Valid
Embassy Kathmandu,PM2.5 - Principal,2018-08-18 08:00 AM,2018,8,18,8,7.8,33,Good,9.0,UG/M3,1 Hr,Valid
Embassy Kathmandu,PM2.5 - Principal,2018-08-18 09:00 AM,2018,8,18,9,6.8,28,Good,6.0,UG/M3,1 Hr,Valid
Embassy Kathmandu,PM2.5 - Principal,2018-08-18 10:00 AM,2018,8,18,10,5.4,23,Good,4.0,UG/M3,1 Hr,Valid
Embassy Kathmandu,PM2.5 - Principal,2018-08-18 11:00 AM,2018,8,18,11,9.2,38,Good,13.0,UG/M3,1 Hr,Valid
Embassy Kathmandu,PM2.5 - Principal,2018-08-18 12:00 PM,2018,8,18,12,13.1,53,Moderate,17.0,UG/M3,1 Hr,Valid
Embassy Kathmandu,PM2.5 - Principal,2018-08-18 01:00 PM,2018,8,18,13,12.0,50,Good,11.0,UG/M3,1 Hr,Valid
Embassy Kathmandu,PM2.5 - Principal,2018-08-18 02:00 PM,2018,8,18,14,12.0,50,Good,12.0,UG/M3,1 Hr,Valid
Embassy Kathmandu,PM2.5 - Principal,2018-08-18 03:00 PM,2018,8,18,15,10.5,44,Good,9.0,UG/M3,1 Hr,Valid
Embassy Kathmandu,PM2.5 - Principal,2018-08-18 04:00 PM,2018,8,18,16,12.7,52,Moderate,15.0,UG/M3,1 Hr,Valid
Embassy Kathmandu,PM2.5 - Principal,2018-08-18 05:00 PM,2018,8,18,17,11.3,47,Good,10.0,UG/M3,1 Hr,Valid
Embassy Kathmandu,PM2.5 - Principal,2018-08-18 06:00 PM,2018,8,18,18,10.1,42,Good,9.0,UG/M3,1 Hr,Valid
Embassy Kathmandu,PM2.5 - Principal,2018-08-18 07:00 PM,2018,8,18,19,9.5,40,Good,9.0,UG/M3,1 Hr,Valid
Embassy Kathmandu,PM2.5 - Principal,2018-08-18 08:00 PM,2018,8,18,20,10.7,45,Good,12.0,UG/M3,1 Hr,Valid
Embassy Kathmandu,PM2.5 - Principal,2018-08-18 09:00 PM,2018,8,18,21,11.3,47,Good,12.0,UG/M3,1 Hr,Valid
Embassy Kathmandu,PM2.5 - Principal,2018-08-18 10:00 PM,2018,8,18,22,9.7,40,Good,8.0,UG/M3,1 Hr,Valid
Embassy Kathmandu,PM2.5 - Principal,2018-08-18 11:00 PM,2018,8,18,23,9.8,41,Good,10.0,UG/M3,1 Hr,Valid
Embassy Kathmandu,PM2.5 - Principal,2018-08-19 12:00 AM,2018,8,19,0,7.9,33,Good,6.0,UG/M3,1 Hr,Valid
Embassy Kathmandu,PM2.5 - Principal,2018-08-19 01:00 AM,2018,8,19,1,6.4,27,Good,5.0,UG/M3,1 Hr,Valid
Embassy Kathmandu,PM2.5 - Principal,2018-08-19 02:00 AM,2018,8,19,2,6.7,28,Good,7.0,UG/M3,1 Hr,Valid
Embassy Kathmandu,PM2.5 - Principal,2018-08-19 03:00 AM,2018,8,19,3,5.3,22,Good,4.0,UG/M3,1 Hr,Valid
Embassy Kathmandu,PM2.5 - Principal,2018-08-19 04:00 AM,2018,8,19,4,4.6,19,Good,4.0,UG/M3,1 Hr,Valid
Embassy Kathmandu,PM2.5 - Principal,2018-08-19 05:00 AM,2018,8,19,5,4.8,20,Good,5.0,UG/M3,1 Hr,Valid
Embassy Kathmandu,PM2.5 - Principal,2018-08-19 06:00 AM,2018,8,19,6,4.9,20,Good,5.0,UG/M3,1 Hr,Valid
Embassy Kathmandu,PM2.5 - Principal,2018-08-19 07:00 AM,2018,8,19,7,8.9,37,Good,13.0,UG/M3,1 Hr,Valid
Embassy Kathmandu,PM2.5 - Principal,2018-08-19 08:00 AM,2018,8,19,8,12.4,52,Moderate,16.0,UG/M3,1 Hr,Valid
Embassy Kathmandu,PM2.5 - Principal,2018-08-19 09:00 AM,2018,8,19,9,13.7,54,Moderate,15.0,UG/M3,1 Hr,Valid
Embassy Kathmandu,PM2.5 - Principal,2018-08-19 10:00 AM,2018,8,19,10,14.3,56,Moderate,15.0,UG/M3,1 Hr,Valid
Embassy Kathmandu,PM2.5 - Principal,2018-08-19 11:00 AM,2018,8,19,11,14.6,56,Moderate,15.0,UG/M3,1 Hr,Valid
Embassy Kathmandu,PM2.5 - Principal,2018-08-19 12:00 PM,2018,8,19,12,13.8,55,Moderate,13.0,UG/M3,1 Hr,Valid
Embassy Kathmandu,PM2.5 - Principal,2018-08-19 01:00 PM,2018,8,19,13,13.4,54,Moderate,13.0,UG/M3,1 Hr,Valid
Embassy Kathmandu,PM2.5 - Principal,2018-08-19 02:00 PM,2018,8,19,14,11.2,47,Good,9.0,UG/M3,1 Hr,Valid
Embassy Kathmandu,PM2.5 - Principal,2018-08-19 03:00 PM,2018,8,19,15,10.1,42,Good,9.0,UG/M3,1 Hr,Valid
Embassy Kathmandu,PM2.5 - Principal,2018-08-19 04:00 PM,2018,8,19,16,9.5,40,Good,9.0,UG/M3,1 Hr,Valid
Embassy Kathmandu,PM2.5 - Principal,2018-08-19 05:00 PM,2018,8,19,17,10.2,43,Good,11.0,UG/M3,1 Hr,Valid
Embassy Kathmandu,PM2.5 - Principal,2018-08-19 06:00 PM,2018,8,19,18,12.8,52,Moderate,16.0,UG/M3,1 Hr,Valid
Embassy Kathmandu,PM2.5 - Principal,2018-08-19 07:00 PM,2018,8,19,19,13.3,54,Moderate,14.0,UG/M3,1 Hr,Valid
Embassy Kathmandu,PM2.5 - Principal,2018-08-19 08:00 PM,2018,8,19,20,17.7,63,Moderate,22.0,UG/M3,1 Hr,Valid
Embassy Kathmandu,PM2.5 - Principal,2018-08-19 09:00 PM,2018,8,19,21,17.3,62,Moderate,17.0,UG/M3,1 Hr,Valid
Embassy Kathmandu,PM2.5 - Principal,2018-08-19 10:00 PM,2018,8,19,22,16.1,59,Moderate,15.0,UG/M3,1 Hr,Valid
Embassy Kathmandu,PM2.5 - Principal,2018-08-19 11:00 PM,2018,8,19,23,13.5,54,Moderate,11.0,UG/M3,1 Hr,Valid
Embassy Kathmandu,PM2.5 - Principal,2018-08-20 12:00 AM,2018,8,20,0,10.7,45,Good,8.0,UG/M3,1 Hr,Valid
Embassy Kathmandu,PM2.5 - Principal,2018-08-20 01:00 AM,2018,8,20,1,7.8,33,Good,5.0,UG/M3,1 Hr,Valid
Embassy Kathmandu,PM2.5 - Principal,2018-08-20 02:00 AM,2018,8,20,2,6.9,29,Good,6.0,UG/M3,1 Hr,Valid
Embassy Kathmandu,PM2.5 - Principal,2018-08-20 03:00 AM,2018,8,20,3,7.9,33,Good,9.0,UG/M3,1 Hr,Valid
Embassy Kathmandu,PM2.5 - Principal,2018-08-20 04:00 AM,2018,8,20,4,6.9,29,Good,6.0,UG/M3,1 Hr,Valid
Embassy Kathmandu,PM2.5 - Principal,2018-08-20 05:00 AM,2018,8,20,5,6.9,29,Good,7.0,UG/M3,1 Hr,Valid
Embassy Kathmandu,PM2.5 - Principal,2018-08-20 06:00 AM,2018,8,20,6,6.9,29,Good,7.0,UG/M3,1 Hr,Valid
Embassy Kathmandu,PM2.5 - Principal,2018-08-20 07:00 AM,2018,8,20,7,12.9,53,Moderate,19.0,UG/M3,1 Hr,Valid
Embassy Kathmandu,PM2.5 - Principal,2018-08-20 08:00 AM,2018,8,20,8,12.9,53,Moderate,13.0,UG/M3,1 Hr,Valid
Embassy Kathmandu,PM2.5 - Principal,2018-08-20 09:00 AM,2018,8,20,9,18.4,64,Moderate,24.0,UG/M3,1 Hr,Valid
Embassy Kathmandu,PM2.5 - Principal,2018-08-20 10:00 AM,2018,8,20,10,18.7,65,Moderate,19.0,UG/M3,1 Hr,Valid
Embassy Kathmandu,PM2.5 - Principal,2018-08-20 11:00 AM,2018,8,20,11,17.8,63,Moderate,17.0,UG/M3,1 Hr,Valid
Embassy Kathmandu,PM2.5 - Principal,2018-08-20 12:00 PM,2018,8,20,12,13.4,54,Moderate,9.0,UG/M3,1 Hr,Valid
Embassy Kathmandu,PM2.5 - Principal,2018-08-20 01:00 PM,2018,8,20,13,11.7,49,Good,10.0,UG/M3,1 Hr,Valid
Embassy Kathmandu,PM2.5 - Principal,2018-08-20 02:00 PM,2018,8,20,14,11.8,49,Good,12.0,UG/M3,1 Hr,Valid
Embassy Kathmandu,PM2.5 - Principal,2018-08-20 03:00 PM,2018,8,20,15,10.4,43,Good,9.0,UG/M3,1 Hr,Valid
Embassy Kathmandu,PM2.5 - Principal,2018-08-20 04:00 PM,2018,8,20,16,8.2,34,Good,6.0,UG/M3,1 Hr,Valid
Embassy Kathmandu,PM2.5 - Principal,2018-08-20 05:00 PM,2018,8,20,17,11.6,48,Good,15.0,UG/M3,1 Hr,Valid
Embassy Kathmandu,PM2.5 - Principal,2018-08-20 06:00 PM,2018,8,20,18,14.3,56,Moderate,17.0,UG/M3,1 Hr,Valid
Embassy Kathmandu,PM2.5 - Principal,2018-08-20 07:00 PM,2018,8,20,19,13.1,53,Moderate,12.0,UG/M3,1 Hr,Valid
Embassy Kathmandu,PM2.5 - Principal,2018-08-20 08:00 PM,2018,8,20,20,19.5,67,Moderate,26.0,UG/M3,1 Hr,Valid
Embassy Kathmandu,PM2.5 - Principal,2018-08-20 09:00 PM,2018,8,20,21,18.7,65,Moderate,18.0,UG/M3,1 Hr,Valid
Embassy Kathmandu,PM2.5 - Principal,2018-08-20 10:00 PM,2018,8,20,22,17.8,63,Moderate,17.0,UG/M3,1 Hr,Valid
Embassy Kathmandu,PM2.5 - Principal,2018-08-20 11:00 PM,2018,8,20,23,16.9,61,Moderate,16.0,UG/M3,1 Hr,Valid
Embassy Kathmandu,PM2.5 - Principal,2018-08-21 12:00 AM,2018,8,21,0,13.9,55,Moderate,11.0,UG/M3,1 Hr,Valid
Embassy Kathmandu,PM2.5 - Principal,2018-08-21 01:00 AM,2018,8,21,1,14.9,57,Moderate,16.0,UG/M3,1 Hr,Valid
Embassy Kathmandu,PM2.5 - Principal,2018-08-21 02:00 AM,2018,8,21,2,11.4,48,Good,8.0,UG/M3,1 Hr,Valid
Embassy Kathmandu,PM2.5 - Principal,2018-08-21 03:00 AM,2018,8,21,3,12.2,51,Moderate,13.0,UG/M3,1 Hr,Valid
Embassy Kathmandu,PM2.5 - Principal,2018-08-21 04:00 AM,2018,8,21,4,10.1,42,Good,8.0,UG/M3,1 Hr,Valid
Embassy Kathmandu,PM2.5 - Principal,2018-08-21 05:00 AM,2018,8,21,5,10.0,42,Good,10.0,UG/M3,1 Hr,Valid
Embassy Kathmandu,PM2.5 - Principal,2018-08-21 06:00 AM,2018,8,21,6,10.5,44,Good,11.0,UG/M3,1 Hr,Valid
Embassy Kathmandu,PM2.5 - Principal,2018-08-21 07:00 AM,2018,8,21,7,12.7,52,Moderate,15.0,UG/M3,1 Hr,Valid
Embassy Kathmandu,PM2.5 - Principal,2018-08-21 08:00 AM,2018,8,21,8,11.3,47,Good,10.0,UG/M3,1 Hr,Valid
Embassy Kathmandu,PM2.5 - Principal,2018-08-21 09:00 AM,2018,8,21,9,13.1,53,Moderate,15.0,UG/M3,1 Hr,Valid
Embassy Kathmandu,PM2.5 - Principal,2018-08-21 10:00 AM,2018,8,21,10,18.5,64,Moderate,24.0,UG/M3,1 Hr,Valid
Embassy Kathmandu,PM2.5 - Principal,2018-08-21 11:00 AM,2018,8,21,11,17.7,63,Moderate,17.0,UG/M3,1 Hr,Valid
Embassy Kathmandu,PM2.5 - Principal,2018-08-21 12:00 PM,2018,8,21,12,14.3,56,Moderate,11.0,UG/M3,1 Hr,Valid
Embassy Kathmandu,PM2.5 - Principal,2018-08-21 01:00 PM,2018,8,21,13,12.1,51,Moderate,10.0,UG/M3,1 Hr,Valid
Embassy Kathmandu,PM2.5 - Principal,2018-08-21 02:00 PM,2018,8,21,14,9.5,40,Good,7.0,UG/M3,1 Hr,Valid
Embassy Kathmandu,PM2.5 - Principal,2018-08-21 03:00 PM,2018,8,21,15,10.7,45,Good,12.0,UG/M3,1 Hr,Valid
Embassy Kathmandu,PM2.5 - Principal,2018-08-21 04:00 PM,2018,8,21,16,11.4,48,Good,12.0,UG/M3,1 Hr,Valid
Embassy Kathmandu,PM2.5 - Principal,2018-08-21 05:00 PM,2018,8,21,17,12.7,52,Moderate,14.0,UG/M3,1 Hr,Valid
Embassy Kathmandu,PM2.5 - Principal,2018-08-21 06:00 PM,2018,8,21,18,12.8,52,Moderate,13.0,UG/M3,1 Hr,Valid
Embassy Kathmandu,PM2.5 - Principal,2018-08-21 07:00 PM,2018,8,21,19,13.4,54,Moderate,14.0,UG/M3,1 Hr,Valid
Embassy Kathmandu,PM2.5 - Principal,2018-08-21 08:00 PM,2018,8,21,20,12.7,52,Moderate,12.0,UG/M3,1 Hr,Valid
Embassy Kathmandu,PM2.5 - Principal,2018-08-21 09:00 PM,2018,8,21,21,10.8,45,Good,9.0,UG/M3,1 Hr,Valid
Embassy Kathmandu,PM2.5 - Principal,2018-08-21 10:00 PM,2018,8,21,22,8.9,37,Good,7.0,UG/M3,1 Hr,Valid
Embassy Kathmandu,PM2.5 - Principal,2018-08-21 11:00 PM,2018,8,21,23,6.9,29,Good,5.0,UG/M3,1 Hr,Valid
Embassy Kathmandu,PM2.5 - Principal,2018-08-22 12:00 AM,2018,8,22,0,5.4,23,Good,4.0,UG/M3,1 Hr,Valid
Embassy Kathmandu,PM2.5 - Principal,2018-08-22 01:00 AM,2018,8,22,1,6.2,26,Good,7.0,UG/M3,1 Hr,Valid
Embassy Kathmandu,PM2.5 - Principal,2018-08-22 02:00 AM,2018,8,22,2,5.6,23,Good,5.0,UG/M3,1 Hr,Valid
Embassy Kathmandu,PM2.5 - Principal,2018-08-22 03:00 AM,2018,8,22,3,2.8,12,Good,0.0,UG/M3,1 Hr,Valid
Embassy Kathmandu,PM2.5 - Principal,2018-08-22 04:00 AM,2018,8,22,4,0.9,4,Good,-1.0,UG/M3,1 Hr,Valid
Embassy Kathmandu,PM2.5 - Principal,2018-08-22 05:00 AM,2018,8,22,5,0.0,0,Good,-1.0,UG/M3,1 Hr,Valid
Embassy Kathmandu,PM2.5 - Principal,2018-08-22 06:00 AM,2018,8,22,6,-0.5,-999,,-1.0,UG/M3,1 Hr,Valid
Embassy Kathmandu,PM2.5 - Principal,2018-08-22 07:00 AM,2018,8,22,7,5.7,24,Good,12.0,UG/M3,1 Hr,Valid
Embassy Kathmandu,PM2.5 - Principal,2018-08-22 08:00 AM,2018,8,22,8,8.8,37,Good,12.0,UG/M3,1 Hr,Valid
Embassy Kathmandu,PM2.5 - Principal,2018-08-22 09:00 AM,2018,8,22,9,9.4,39,Good,10.0,UG/M3,1 Hr,Valid
Embassy Kathmandu,PM2.5 - Principal,2018-08-22 10:00 AM,2018,8,22,10,10.2,43,Good,11.0,UG/M3,1 Hr,Valid
Embassy Kathmandu,PM2.5 - Principal,2018-08-22 11:00 AM,2018,8,22,11,11.1,46,Good,12.0,UG/M3,1 Hr,Valid
Embassy Kathmandu,PM2.5 - Principal,2018-08-22 12:00 PM,2018,8,22,12,11.5,48,Good,12.0,UG/M3,1 Hr,Valid
Embassy Kathmandu,PM2.5 - Principal,2018-08-22 01:00 PM,2018,8,22,13,11.2,47,Good,11.0,UG/M3,1 Hr,Valid
Embassy Kathmandu,PM2.5 - Principal,2018-08-22 02:00 PM,2018,8,22,14,11.1,46,Good,11.0,UG/M3,1 Hr,Valid
Embassy Kathmandu,PM2.5 - Principal,2018-08-22 03:00 PM,2018,8,22,15,10.5,44,Good,10.0,UG/M3,1 Hr,Valid
Embassy Kathmandu,PM2.5 - Principal,2018-08-22 04:00 PM,2018,8,22,16,9.2,38,Good,8.0,UG/M3,1 Hr,Valid
Embassy Kathmandu,PM2.5 - Principal,2018-08-22 05:00 PM,2018,8,22,17,15.1,57,Moderate,21.0,UG/M3,1 Hr,Valid
Embassy Kathmandu,PM2.5 - Principal,2018-08-22 06:00 PM,2018,8,22,18,12.5,52,Moderate,10.0,UG/M3,1 Hr,Valid
Embassy Kathmandu,PM2.5 - Principal,2018-08-22 07:00 PM,2018,8,22,19,15.2,58,Moderate,18.0,UG/M3,1 Hr,Valid
Embassy Kathmandu,PM2.5 - Principal,2018-08-22 08:00 PM,2018,8,22,20,12.1,51,Moderate,9.0,UG/M3,1 Hr,Valid
Embassy Kathmandu,PM2.5 - Principal,2018-08-22 09:00 PM,2018,8,22,21,11.5,48,Good,11.0,UG/M3,1 Hr,Valid
Embassy Kathmandu,PM2.5 - Principal,2018-08-22 10:00 PM,2018,8,22,22,10.2,43,Good,9.0,UG/M3,1 Hr,Valid
Embassy Kathmandu,PM2.5 - Principal,2018-08-22 11:00 PM,2018,8,22,23,8.6,36,Good,7.0,UG/M3,1 Hr,Valid
Embassy Kathmandu,PM2.5 - Principal,2018-08-23 12:00 AM,2018,8,23,0,7.3,30,Good,6.0,UG/M3,1 Hr,Valid
Embassy Kathmandu,PM2.5 - Principal,2018-08-23 01:00 AM,2018,8,23,1,5.1,21,Good,3.0,UG/M3,1 Hr,Valid
Embassy Kathmandu,PM2.5 - Principal,2018-08-23 02:00 AM,2018,8,23,2,3.5,15,Good,2.0,UG/M3,1 Hr,Valid
Embassy Kathmandu,PM2.5 - Principal,2018-08-23 03:00 AM,2018,8,23,3,2.2,9,Good,1.0,UG/M3,1 Hr,Valid
Embassy Kathmandu,PM2.5 - Principal,2018-08-23 04:00 AM,2018,8,23,4,1.6,7,Good,1.0,UG/M3,1 Hr,Valid
Embassy Kathmandu,PM2.5 - Principal,2018-08-23 05:00 AM,2018,8,23,5,1.8,8,Good,2.0,UG/M3,1 Hr,Valid
Embassy Kathmandu,PM2.5 - Principal,2018-08-23 06:00 AM,2018,8,23,6,3.4,14,Good,5.0,UG/M3,1 Hr,Valid
Embassy Kathmandu,PM2.5 - Principal,2018-08-23 07:00 AM,2018,8,23,7,7.2,30,Good,11.0,UG/M3,1 Hr,Valid
Embassy Kathmandu,PM2.5 - Principal,2018-08-23 08:00 AM,2018,8,23,8,7.6,32,Good,8.0,UG/M3,1 Hr,Valid
Embassy Kathmandu,PM2.5 - Principal,2018-08-23 09:00 AM,2018,8,23,9,7.6,32,Good,-15.0,UG/M3,1 Hr,Invalid
Embassy Kathmandu,PM2.5 - Principal,2018-08-23 10:00 AM,2018,8,23,10,-999.0,-999,,-15.0,UG/M3,1 Hr,Invalid
Embassy Kathmandu,PM2.5 - Principal,2018-08-23 11:00 AM,2018,8,23,11,-999.0,-999,,8.0,UG/M3,1 Hr,Valid
Embassy Kathmandu,PM2.5 - Principal,2018-08-23 12:00 PM,2018,8,23,12,6.7,28,Good,6.0,UG/M3,1 Hr,Valid
Embassy Kathmandu,PM2.5 - Principal,2018-08-23 01:00 PM,2018,8,23,13,6.8,28,Good,7.0,UG/M3,1 Hr,Valid
Embassy Kathmandu,PM2.5 - Principal,2018-08-23 02:00 PM,2018,8,23,14,11.1,46,Good,15.0,UG/M3,1 Hr,Valid
Embassy Kathmandu,PM2.5 - Principal,2018-08-23 03:00 PM,2018,8,23,15,10.5,44,Good,10.0,UG/M3,1 Hr,Valid
Embassy Kathmandu,PM2.5 - Principal,2018-08-23 04:00 PM,2018,8,23,16,9.2,38,Good,8.0,UG/M3,1 Hr,Valid
Embassy Kathmandu,PM2.5 - Principal,2018-08-23 05:00 PM,2018,8,23,17,7.6,32,Good,6.0,UG/M3,1 Hr,Valid
Embassy Kathmandu,PM2.5 - Principal,2018-08-23 06:00 PM,2018,8,23,18,11.8,49,Good,16.0,UG/M3,1 Hr,Valid
Embassy Kathmandu,PM2.5 - Principal,2018-08-23 07:00 PM,2018,8,23,19,14.9,57,Moderate,18.0,UG/M3,1 Hr,Valid
Embassy Kathmandu,PM2.5 - Principal,2018-08-23 08:00 PM,2018,8,23,20,14.4,56,Moderate,14.0,UG/M3,1 Hr,Valid
Embassy Kathmandu,PM2.5 - Principal,2018-08-23 09:00 PM,2018,8,23,21,11.2,47,Good,8.0,UG/M3,1 Hr,Valid
Embassy Kathmandu,PM2.5 - Principal,2018-08-23 10:00 PM,2018,8,23,22,7.6,32,Good,4.0,UG/M3,1 Hr,Valid
Embassy Kathmandu,PM2.5 - Principal,2018-08-23 11:00 PM,2018,8,23,23,3.8,16,Good,0.0,UG/M3,1 Hr,Valid
Embassy Kathmandu,PM2.5 - Principal,2018-08-24 12:00 AM,2018,8,24,0,1.4,6,Good,-1.0,UG/M3,1 Hr,Valid
Embassy Kathmandu,PM2.5 - Principal,2018-08-24 01:00 AM,2018,8,24,1,0.7,3,Good,0.0,UG/M3,1 Hr,Valid
Embassy Kathmandu,PM2.5 - Principal,2018-08-24 02:00 AM,2018,8,24,2,0.3,1,Good,0.0,UG/M3,1 Hr,Valid
Embassy Kathmandu,PM2.5 - Principal,2018-08-24 03:00 AM,2018,8,24,3,0.6,3,Good,1.0,UG/M3,1 Hr,Valid
Embassy Kathmandu,PM2.5 - Principal,2018-08-24 04:00 AM,2018,8,24,4,0.8,3,Good,1.0,UG/M3,1 Hr,Valid
Embassy Kathmandu,PM2.5 - Principal,2018-08-24 05:00 AM,2018,8,24,5,1.9,8,Good,3.0,UG/M3,1 Hr,Valid
Embassy Kathmandu,PM2.5 - Principal,2018-08-24 06:00 AM,2018,8,24,6,4.4,18,Good,7.0,UG/M3,1 Hr,Valid
Embassy Kathmandu,PM2.5 - Principal,2018-08-24 07:00 AM,2018,8,24,7,6.2,26,Good,8.0,UG/M3,1 Hr,Valid
Embassy Kathmandu,PM2.5 - Principal,2018-08-24 08:00 AM,2018,8,24,8,9.6,40,Good,13.0,UG/M3,1 Hr,Valid
Embassy Kathmandu,PM2.5 - Principal,2018-08-24 09:00 AM,2018,8,24,9,9.8,41,Good,10.0,UG/M3,1 Hr,Valid
Embassy Kathmandu,PM2.5 - Principal,2018-08-24 10:00 AM,2018,8,24,10,9.4,39,Good,9.0,UG/M3,1 Hr,Valid
Embassy Kathmandu,PM2.5 - Principal,2018-08-24 11:00 AM,2018,8,24,11,9.2,38,Good,9.0,UG/M3,1 Hr,Valid
Embassy Kathmandu,PM2.5 - Principal,2018-08-24 12:00 PM,2018,8,24,12,7.1,30,Good,5.0,UG/M3,1 Hr,Valid
Embassy Kathmandu,PM2.5 - Principal,2018-08-24 01:00 PM,2018,8,24,13,4.5,19,Good,2.0,UG/M3,1 Hr,Valid
Embassy Kathmandu,PM2.5 - Principal,2018-08-24 02:00 PM,2018,8,24,14,8.2,34,Good,12.0,UG/M3,1 Hr,Valid
Embassy Kathmandu,PM2.5 - Principal,2018-08-24 03:00 PM,2018,8,24,15,8.1,34,Good,8.0,UG/M3,1 Hr,Valid
Embassy Kathmandu,PM2.5 - Principal,2018-08-24 04:00 PM,2018,8,24,16,8.5,35,Good,9.0,UG/M3,1 Hr,Valid
Embassy Kathmandu,PM2.5 - Principal,2018-08-24 05:00 PM,2018,8,24,17,11.2,47,Good,14.0,UG/M3,1 Hr,Valid
Embassy Kathmandu,PM2.5 - Principal,2018-08-24 06:00 PM,2018,8,24,18,9.6,40,Good,8.0,UG/M3,1 Hr,Valid
Embassy Kathmandu,PM2.5 - Principal,2018-08-24 07:00 PM,2018,8,24,19,9.3,39,Good,9.0,UG/M3,1 Hr,Valid
Embassy Kathmandu,PM2.5 - Principal,2018-08-24 08:00 PM,2018,8,24,20,12.1,51,Moderate,15.0,UG/M3,1 Hr,Valid
Embassy Kathmandu,PM2.5 - Principal,2018-08-24 09:00 PM,2018,8,24,21,13.0,53,Moderate,14.0,UG/M3,1 Hr,Valid
Embassy Kathmandu,PM2.5 - Principal,2018-08-24 10:00 PM,2018,8,24,22,12.0,50,Good,11.0,UG/M3,1 Hr,Valid
Embassy Kathmandu,PM2.5 - Principal,2018-08-24 11:00 PM,2018,8,24,23,9.0,38,Good,6.0,UG/M3,1 Hr,Valid
Embassy Kathmandu,PM2.5 - Principal,2018-08-25 12:00 AM,2018,8,25,0,6.5,27,Good,4.0,UG/M3,1 Hr,Valid
Embassy Kathmandu,PM2.5 - Principal,2018-08-25 01:00 AM,2018,8,25,1,5.2,22,Good,4.0,UG/M3,1 Hr,Valid
Embassy Kathmandu,PM2.5 - Principal,2018-08-25 02:00 AM,2018,8,25,2,3.6,15,Good,2.0,UG/M3,1 Hr,Valid
Embassy Kathmandu,PM2.5 - Principal,2018-08-25 03:00 AM,2018,8,25,3,3.3,14,Good,3.0,UG/M3,1 Hr,Valid
Embassy Kathmandu,PM2.5 - Principal,2018-08-25 04:00 AM,2018,8,25,4,2.1,9,Good,1.0,UG/M3,1 Hr,Valid
Embassy Kathmandu,PM2.5 - Principal,2018-08-25 05:00 AM,2018,8,25,5,2.0,8,Good,2.0,UG/M3,1 Hr,Valid
Embassy Kathmandu,PM2.5 - Principal,2018-08-25 06:00 AM,2018,8,25,6,3.5,15,Good,5.0,UG/M3,1 Hr,Valid
Embassy Kathmandu,PM2.5 - Principal,2018-08-25 07:00 AM,2018,8,25,7,8.7,36,Good,14.0,UG/M3,1 Hr,Valid
Embassy Kathmandu,PM2.5 - Principal,2018-08-25 08:00 AM,2018,8,25,8,10.3,43,Good,12.0,UG/M3,1 Hr,Valid
Embassy Kathmandu,PM2.5 - Principal,2018-08-25 09:00 AM,2018,8,25,9,8.6,36,Good,7.0,UG/M3,1 Hr,Valid
Embassy Kathmandu,PM2.5 - Principal,2018-08-25 10:00 AM,2018,8,25,10,9.8,41,Good,11.0,UG/M3,1 Hr,Valid
Embassy Kathmandu,PM2.5 - Principal,2018-08-25 11:00 AM,2018,8,25,11,11.4,48,Good,13.0,UG/M3,1 Hr,Valid
Embassy Kathmandu,PM2.5 - Principal,2018-08-25 12:00 PM,2018,8,25,12,12.7,52,Moderate,14.0,UG/M3,1 Hr,Valid
Embassy Kathmandu,PM2.5 - Principal,2018-08-25 01:00 PM,2018,8,25,13,13.3,54,Moderate,14.0,UG/M3,1 Hr,Valid
Embassy Kathmandu,PM2.5 - Principal,2018-08-25 02:00 PM,2018,8,25,14,12.6,52,Moderate,12.0,UG/M3,1 Hr,Valid
Embassy Kathmandu,PM2.5 - Principal,2018-08-25 03:00 PM,2018,8,25,15,14.8,57,Moderate,17.0,UG/M3,1 Hr,Valid
Embassy Kathmandu,PM2.5 - Principal,2018-08-25 04:00 PM,2018,8,25,16,11.4,48,Good,8.0,UG/M3,1 Hr,Valid
Embassy Kathmandu,PM2.5 - Principal,2018-08-25 05:00 PM,2018,8,25,17,10.7,45,Good,10.0,UG/M3,1 Hr,Valid
Embassy Kathmandu,PM2.5 - Principal,2018-08-25 06:00 PM,2018,8,25,18,14.3,56,Moderate,18.0,UG/M3,1 Hr,Valid
Embassy Kathmandu,PM2.5 - Principal,2018-08-25 07:00 PM,2018,8,25,19,15.1,57,Moderate,16.0,UG/M3,1 Hr,Valid
Embassy Kathmandu,PM2.5 - Principal,2018-08-25 08:00 PM,2018,8,25,20,16.0,59,Moderate,17.0,UG/M3,1 Hr,Valid
Embassy Kathmandu,PM2.5 - Principal,2018-08-25 09:00 PM,2018,8,25,21,16.0,59,Moderate,16.0,UG/M3,1 Hr,Valid
Embassy Kathmandu,PM2.5 - Principal,2018-08-25 10:00 PM,2018,8,25,22,11.5,48,Good,7.0,UG/M3,1 Hr,Valid
Embassy Kathmandu,PM2.5 - Principal,2018-08-25 11:00 PM,2018,8,25,23,9.7,40,Good,8.0,UG/M3,1 Hr,Valid
Embassy Kathmandu,PM2.5 - Principal,2018-08-26 12:00 AM,2018,8,26,0,7.8,33,Good,6.0,UG/M3,1 Hr,Valid
Embassy Kathmandu,PM2.5 - Principal,2018-08-26 01:00 AM,2018,8,26,1,6.4,27,Good,5.0,UG/M3,1 Hr,Valid
Embassy Kathmandu,PM2.5 - Principal,2018-08-26 02:00 AM,2018,8,26,2,5.7,24,Good,5.0,UG/M3,1 Hr,Valid
Embassy Kathmandu,PM2.5 - Principal,2018-08-26 03:00 AM,2018,8,26,3,4.8,20,Good,4.0,UG/M3,1 Hr,Valid
Embassy Kathmandu,PM2.5 - Principal,2018-08-26 04:00 AM,2018,8,26,4,3.4,14,Good,2.0,UG/M3,1 Hr,Valid
Embassy Kathmandu,PM2.5 - Principal,2018-08-26 05:00 AM,2018,8,26,5,4.2,18,Good,5.0,UG/M3,1 Hr,Valid
Embassy Kathmandu,PM2.5 - Principal,2018-08-26 06:00 AM,2018,8,26,6,8.1,34,Good,12.0,UG/M3,1 Hr,Valid
Embassy Kathmandu,PM2.5 - Principal,2018-08-26 07:00 AM,2018,8,26,7,10.5,44,Good,13.0,UG/M3,1 Hr,Valid
Embassy Kathmandu,PM2.5 - Principal,2018-08-26 08:00 AM,2018,8,26,8,13.2,53,Moderate,16.0,UG/M3,1 Hr,Valid
Embassy Kathmandu,PM2.5 - Principal,2018-08-26 09:00 AM,2018,8,26,9,15.6,58,Moderate,18.0,UG/M3,1 Hr,Valid
Embassy Kathmandu,PM2.5 - Principal,2018-08-26 10:00 AM,2018,8,26,10,16.8,61,Moderate,18.0,UG/M3,1 Hr,Valid
Embassy Kathmandu,PM2.5 - Principal,2018-08-26 11:00 AM,2018,8,26,11,17.9,63,Moderate,19.0,UG/M3,1 Hr,Valid
Embassy Kathmandu,PM2.5 - Principal,2018-08-26 12:00 PM,2018,8,26,12,16.9,61,Moderate,16.0,UG/M3,1 Hr,Valid
Embassy Kathmandu,PM2.5 - Principal,2018-08-26 01:00 PM,2018,8,26,13,15.4,58,Moderate,14.0,UG/M3,1 Hr,Valid
Embassy Kathmandu,PM2.5 - Principal,2018-08-26 02:00 PM,2018,8,26,14,14.2,55,Moderate,13.0,UG/M3,1 Hr,Valid
Embassy Kathmandu,PM2.5 - Principal,2018-08-26 03:00 PM,2018,8,26,15,14.6,56,Moderate,15.0,UG/M3,1 Hr,Valid
Embassy Kathmandu,PM2.5 - Principal,2018-08-26 04:00 PM,2018,8,26,16,14.3,56,Moderate,14.0,UG/M3,1 Hr,Valid
Embassy Kathmandu,PM2.5 - Principal,2018-08-26 05:00 PM,2018,8,26,17,15.0,57,Moderate,16.0,UG/M3,1 Hr,Valid
Embassy Kathmandu,PM2.5 - Principal,2018-08-26 06:00 PM,2018,8,26,18,16.0,59,Moderate,18.0,UG/M3,1 Hr,Valid
Embassy Kathmandu,PM2.5 - Principal,2018-08-26 07:00 PM,2018,8,26,19,14.6,56,Moderate,12.0,UG/M3,1 Hr,Valid
Embassy Kathmandu,PM2.5 - Principal,2018-08-26 08:00 PM,2018,8,26,20,15.1,57,Moderate,16.0,UG/M3,1 Hr,Valid
Embassy Kathmandu,PM2.5 - Principal,2018-08-26 09:00 PM,2018,8,26,21,15.0,57,Moderate,15.0,UG/M3,1 Hr,Valid
Embassy Kathmandu,PM2.5 - Principal,2018-08-26 10:00 PM,2018,8,26,22,10.5,44,Good,6.0,UG/M3,1 Hr,Valid
Embassy Kathmandu,PM2.5 - Principal,2018-08-26 11:00 PM,2018,8,26,23,9.7,40,Good,9.0,UG/M3,1 Hr,Valid
Embassy Kathmandu,PM2.5 - Principal,2018-08-27 12:00 AM,2018,8,27,0,8.8,37,Good,8.0,UG/M3,1 Hr,Valid
Embassy Kathmandu,PM2.5 - Principal,2018-08-27 01:00 AM,2018,8,27,1,5.4,23,Good,2.0,UG/M3,1 Hr,Valid
Embassy Kathmandu,PM2.5 - Principal,2018-08-27 02:00 AM,2018,8,27,2,4.7,20,Good,4.0,UG/M3,1 Hr,Valid
Embassy Kathmandu,PM2.5 - Principal,2018-08-27 03:00 AM,2018,8,27,3,4.8,20,Good,5.0,UG/M3,1 Hr,Valid
Embassy Kathmandu,PM2.5 - Principal,2018-08-27 04:00 AM,2018,8,27,4,3.9,16,Good,3.0,UG/M3,1 Hr,Valid
Embassy Kathmandu,PM2.5 - Principal,2018-08-27 05:00 AM,2018,8,27,5,4.4,18,Good,5.0,UG/M3,1 Hr,Valid
Embassy Kathmandu,PM2.5 - Principal,2018-08-27 06:00 AM,2018,8,27,6,6.7,28,Good,9.0,UG/M3,1 Hr,Valid
Embassy Kathmandu,PM2.5 - Principal,2018-08-27 07:00 AM,2018,8,27,7,6.3,26,Good,6.0,UG/M3,1 Hr,Valid
Embassy Kathmandu,PM2.5 - Principal,2018-08-27 08:00 AM,2018,8,27,8,6.6,28,Good,7.0,UG/M3,1 Hr,Valid
Embassy Kathmandu,PM2.5 - Principal,2018-08-27 09:00 AM,2018,8,27,9,7.8,33,Good,9.0,UG/M3,1 Hr,Valid
Embassy Kathmandu,PM2.5 - Principal,2018-08-27 10:00 AM,2018,8,27,10,10.4,43,Good,13.0,UG/M3,1 Hr,Valid
Embassy Kathmandu,PM2.5 - Principal,2018-08-27 11:00 AM,2018,8,27,11,11.2,47,Good,12.0,UG/M3,1 Hr,Valid
Embassy Kathmandu,PM2.5 - Principal,2018-08-27 12:00 PM,2018,8,27,12,14.1,55,Moderate,17.0,UG/M3,1 Hr,Valid
Embassy Kathmandu,PM2.5 - Principal,2018-08-27 01:00 PM,2018,8,27,13,12.5,52,Moderate,11.0,UG/M3,1 Hr,Valid
Embassy Kathmandu,PM2.5 - Principal,2018-08-27 02:00 PM,2018,8,27,14,13.2,53,Moderate,14.0,UG/M3,1 Hr,Valid
Embassy Kathmandu,PM2.5 - Principal,2018-08-27 03:00 PM,2018,8,27,15,11.6,48,Good,10.0,UG/M3,1 Hr,Valid
Embassy Kathmandu,PM2.5 - Principal,2018-08-27 04:00 PM,2018,8,27,16,10.3,43,Good,9.0,UG/M3,1 Hr,Valid
Embassy Kathmandu,PM2.5 - Principal,2018-08-27 05:00 PM,2018,8,27,17,9.6,40,Good,9.0,UG/M3,1 Hr,Valid
Embassy Kathmandu,PM2.5 - Principal,2018-08-27 06:00 PM,2018,8,27,18,7.8,33,Good,6.0,UG/M3,1 Hr,Valid
Embassy Kathmandu,PM2.5 - Principal,2018-08-27 07:00 PM,2018,8,27,19,7.4,31,Good,7.0,UG/M3,1 Hr,Valid
Embassy Kathmandu,PM2.5 - Principal,2018-08-27 08:00 PM,2018,8,27,20,7.2,30,Good,7.0,UG/M3,1 Hr,Valid
Embassy Kathmandu,PM2.5 - Principal,2018-08-27 09:00 PM,2018,8,27,21,6.6,28,Good,6.0,UG/M3,1 Hr,Valid
Embassy Kathmandu,PM2.5 - Principal,2018-08-27 10:00 PM,2018,8,27,22,6.3,26,Good,6.0,UG/M3,1 Hr,Valid
Embassy Kathmandu,PM2.5 - Principal,2018-08-27 11:00 PM,2018,8,27,23,6.6,28,Good,7.0,UG/M3,1 Hr,Valid
Embassy Kathmandu,PM2.5 - Principal,2018-08-28 12:00 AM,2018,8,28,0,5.3,22,Good,4.0,UG/M3,1 Hr,Valid
Embassy Kathmandu,PM2.5 - Principal,2018-08-28 01:00 AM,2018,8,28,1,6.6,28,Good,8.0,UG/M3,1 Hr,Valid
Embassy Kathmandu,PM2.5 - Principal,2018-08-28 02:00 AM,2018,8,28,2,5.3,22,Good,4.0,UG/M3,1 Hr,Valid
Embassy Kathmandu,PM2.5 - Principal,2018-08-28 03:00 AM,2018,8,28,3,3.1,13,Good,1.0,UG/M3,1 Hr,Valid
Embassy Kathmandu,PM2.5 - Principal,2018-08-28 04:00 AM,2018,8,28,4,2.0,8,Good,1.0,UG/M3,1 Hr,Valid
Embassy Kathmandu,PM2.5 - Principal,2018-08-28 05:00 AM,2018,8,28,5,0.5,2,Good,-1.0,UG/M3,1 Hr,Valid
Embassy Kathmandu,PM2.5 - Principal,2018-08-28 06:00 AM,2018,8,28,6,1.2,5,Good,2.0,UG/M3,1 Hr,Valid
Embassy Kathmandu,PM2.5 - Principal,2018-08-28 07:00 AM,2018,8,28,7,4.6,19,Good,8.0,UG/M3,1 Hr,Valid
Embassy Kathmandu,PM2.5 - Principal,2018-08-28 08:00 AM,2018,8,28,8,7.3,30,Good,10.0,UG/M3,1 Hr,Valid
Embassy Kathmandu,PM2.5 - Principal,2018-08-28 09:00 AM,2018,8,28,9,9.6,40,Good,12.0,UG/M3,1 Hr,Valid
Embassy Kathmandu,PM2.5 - Principal,2018-08-28 10:00 AM,2018,8,28,10,11.3,47,Good,13.0,UG/M3,1 Hr,Valid
Embassy Kathmandu,PM2.5 - Principal,2018-08-28 11:00 AM,2018,8,28,11,13.6,54,Moderate,16.0,UG/M3,1 Hr,Valid
Embassy Kathmandu,PM2.5 - Principal,2018-08-28 12:00 PM,2018,8,28,12,15.8,59,Moderate,18.0,UG/M3,1 Hr,Valid
Embassy Kathmandu,PM2.5 - Principal,2018-08-28 01:00 PM,2018,8,28,13,17.9,63,Moderate,20.0,UG/M3,1 Hr,Valid
Embassy Kathmandu,PM2.5 - Principal,2018-08-28 02:00 PM,2018,8,28,14,16.4,60,Moderate,15.0,UG/M3,1 Hr,Valid
Embassy Kathmandu,PM2.5 - Principal,2018-08-28 03:00 PM,2018,8,28,15,15.2,58,Moderate,14.0,UG/M3,1 Hr,Valid
Embassy Kathmandu,PM2.5 - Principal,2018-08-28 04:00 PM,2018,8,28,16,15.1,57,Moderate,15.0,UG/M3,1 Hr,Valid
Embassy Kathmandu,PM2.5 - Principal,2018-08-28 05:00 PM,2018,8,28,17,13.5,54,Moderate,12.0,UG/M3,1 Hr,Valid
Embassy Kathmandu,PM2.5 - Principal,2018-08-28 06:00 PM,2018,8,28,18,14.7,56,Moderate,16.0,UG/M3,1 Hr,Valid
Embassy Kathmandu,PM2.5 - Principal,2018-08-28 07:00 PM,2018,8,28,19,14.3,56,Moderate,14.0,UG/M3,1 Hr,Valid
Embassy Kathmandu,PM2.5 - Principal,2018-08-28 08:00 PM,2018,8,28,20,15.0,57,Moderate,16.0,UG/M3,1 Hr,Valid
Embassy Kathmandu,PM2.5 - Principal,2018-08-28 09:00 PM,2018,8,28,21,12.5,52,Moderate,10.0,UG/M3,1 Hr,Valid
Embassy Kathmandu,PM2.5 - Principal,2018-08-28 10:00 PM,2018,8,28,22,9.2,38,Good,6.0,UG/M3,1 Hr,Valid
Embassy Kathmandu,PM2.5 - Principal,2018-08-28 11:00 PM,2018,8,28,23,5.6,23,Good,2.0,UG/M3,1 Hr,Valid
Embassy Kathmandu,PM2.5 - Principal,2018-08-29 12:00 AM,2018,8,29,0,4.8,20,Good,4.0,UG/M3,1 Hr,Valid
Embassy Kathmandu,PM2.5 - Principal,2018-08-29 01:00 AM,2018,8,29,1,4.4,18,Good,4.0,UG/M3,1 Hr,Valid
Embassy Kathmandu,PM2.5 - Principal,2018-08-29 02:00 AM,2018,8,29,2,2.7,11,Good,1.0,UG/M3,1 Hr,Valid
Embassy Kathmandu,PM2.5 - Principal,2018-08-29 03:00 AM,2018,8,29,3,2.3,10,Good,2.0,UG/M3,1 Hr,Valid
Embassy Kathmandu,PM2.5 - Principal,2018-08-29 04:00 AM,2018,8,29,4,2.1,9,Good,2.0,UG/M3,1 Hr,Valid
Embassy Kathmandu,PM2.5 - Principal,2018-08-29 05:00 AM,2018,8,29,5,1.5,6,Good,1.0,UG/M3,1 Hr,Valid
Embassy Kathmandu,PM2.5 - Principal,2018-08-29 06:00 AM,2018,8,29,6,3.7,15,Good,6.0,UG/M3,1 Hr,Valid
Embassy Kathmandu,PM2.5 - Principal,2018-08-29 07:00 AM,2018,8,29,7,6.3,26,Good,9.0,UG/M3,1 Hr,Valid
Embassy Kathmandu,PM2.5 - Principal,2018-08-29 08:00 AM,2018,8,29,8,7.1,30,Good,8.0,UG/M3,1 Hr,Valid
Embassy Kathmandu,PM2.5 - Principal,2018-08-29 09:00 AM,2018,8,29,9,12.0,50,Good,17.0,UG/M3,1 Hr,Valid
Embassy Kathmandu,PM2.5 - Principal,2018-08-29 10:00 AM,2018,8,29,10,15.0,57,Moderate,18.0,UG/M3,1 Hr,Valid
Embassy Kathmandu,PM2.5 - Principal,2018-08-29 11:00 AM,2018,8,29,11,17.0,61,Moderate,19.0,UG/M3,1 Hr,Valid
Embassy Kathmandu,PM2.5 - Principal,2018-08-29 12:00 PM,2018,8,29,12,13.0,53,Moderate,9.0,UG/M3,1 Hr,Valid
Embassy Kathmandu,PM2.5 - Principal,2018-08-29 01:00 PM,2018,8,29,13,11.0,46,Good,9.0,UG/M3,1 Hr,Valid
Embassy Kathmandu,PM2.5 - Principal,2018-08-29 02:00 PM,2018,8,29,14,9.0,38,Good,7.0,UG/M3,1 Hr,Valid
Embassy Kathmandu,PM2.5 - Principal,2018-08-29 03:00 PM,2018,8,29,15,7.5,31,Good,6.0,UG/M3,1 Hr,Valid
Embassy Kathmandu,PM2.5 - Principal,2018-08-29 04:00 PM,2018,8,29,16,7.7,32,Good,8.0,UG/M3,1 Hr,Valid
Embassy Kathmandu,PM2.5 - Principal,2018-08-29 05:00 PM,2018,8,29,17,7.8,33,Good,8.0,UG/M3,1 Hr,Valid
Embassy Kathmandu,PM2.5 - Principal,2018-08-29 06:00 PM,2018,8,29,18,7.9,33,Good,8.0,UG/M3,1 Hr,Valid
Embassy Kathmandu,PM2.5 - Principal,2018-08-29 07:00 PM,2018,8,29,19,9.9,41,Good,12.0,UG/M3,1 Hr,Valid
Embassy Kathmandu,PM2.5 - Principal,2018-08-29 08:00 PM,2018,8,29,20,12.9,53,Moderate,16.0,UG/M3,1 Hr,Valid
Embassy Kathmandu,PM2.5 - Principal,2018-08-29 09:00 PM,2018,8,29,21,8.4,35,Good,4.0,UG/M3,1 Hr,Valid
Embassy Kathmandu,PM2.5 - Principal,2018-08-29 10:00 PM,2018,8,29,22,8.2,34,Good,8.0,UG/M3,1 Hr,Valid
Embassy Kathmandu,PM2.5 - Principal,2018-08-29 11:00 PM,2018,8,29,23,7.6,32,Good,7.0,UG/M3,1 Hr,Valid
Embassy Kathmandu,PM2.5 - Principal,2018-08-30 12:00 AM,2018,8,30,0,7.3,30,Good,7.0,UG/M3,1 Hr,Valid
Embassy Kathmandu,PM2.5 - Principal,2018-08-30 01:00 AM,2018,8,30,1,7.1,30,Good,7.0,UG/M3,1 Hr,Valid
Embassy Kathmandu,PM2.5 - Principal,2018-08-30 02:00 AM,2018,8,30,2,7.5,31,Good,8.0,UG/M3,1 Hr,Valid
Embassy Kathmandu,PM2.5 - Principal,2018-08-30 03:00 AM,2018,8,30,3,6.7,28,Good,6.0,UG/M3,1 Hr,Valid
Embassy Kathmandu,PM2.5 - Principal,2018-08-30 04:00 AM,2018,8,30,4,4.3,18,Good,2.0,UG/M3,1 Hr,Valid
Embassy Kathmandu,PM2.5 - Principal,2018-08-30 05:00 AM,2018,8,30,5,3.6,15,Good,3.0,UG/M3,1 Hr,Valid
Embassy Kathmandu,PM2.5 - Principal,2018-08-30 06:00 AM,2018,8,30,6,2.8,12,Good,2.0,UG/M3,1 Hr,Valid
Embassy Kathmandu,PM2.5 - Principal,2018-08-30 07:00 AM,2018,8,30,7,3.4,14,Good,4.0,UG/M3,1 Hr,Valid
Embassy Kathmandu,PM2.5 - Principal,2018-08-30 08:00 AM,2018,8,30,8,10.7,45,Good,18.0,UG/M3,1 Hr,Valid
Embassy Kathmandu,PM2.5 - Principal,2018-08-30 09:00 AM,2018,8,30,9,8.8,37,Good,7.0,UG/M3,1 Hr,Valid
Embassy Kathmandu,PM2.5 - Principal,2018-08-30 10:00 AM,2018,8,30,10,10.9,45,Good,13.0,UG/M3,1 Hr,Valid
Embassy Kathmandu,PM2.5 - Principal,2018-08-30 11:00 AM,2018,8,30,11,13.9,55,Moderate,17.0,UG/M3,1 Hr,Valid
Embassy Kathmandu,PM2.5 - Principal,2018-08-30 12:00 PM,2018,8,30,12,12.9,53,Moderate,12.0,UG/M3,1 Hr,Valid
Embassy Kathmandu,PM2.5 - Principal,2018-08-30 01:00 PM,2018,8,30,13,11.4,48,Good,10.0,UG/M3,1 Hr,Valid
Embassy Kathmandu,PM2.5 - Principal,2018-08-30 02:00 PM,2018,8,30,14,15.2,58,Moderate,19.0,UG/M3,1 Hr,Valid
Embassy Kathmandu,PM2.5 - Principal,2018-08-30 03:00 PM,2018,8,30,15,15.6,58,Moderate,16.0,UG/M3,1 Hr,Valid
Embassy Kathmandu,PM2.5 - Principal,2018-08-30 04:00 PM,2018,8,30,16,16.8,61,Moderate,18.0,UG/M3,1 Hr,Valid
Embassy Kathmandu,PM2.5 - Principal,2018-08-30 05:00 PM,2018,8,30,17,13.9,55,Moderate,11.0,UG/M3,1 Hr,Valid
Embassy Kathmandu,PM2.5 - Principal,2018-08-30 06:00 PM,2018,8,30,18,13.9,55,Moderate,14.0,UG/M3,1 Hr,Valid
Embassy Kathmandu,PM2.5 - Principal,2018-08-30 07:00 PM,2018,8,30,19,13.4,54,Moderate,13.0,UG/M3,1 Hr,Valid
Embassy Kathmandu,PM2.5 - Principal,2018-08-30 08:00 PM,2018,8,30,20,13.7,54,Moderate,14.0,UG/M3,1 Hr,Valid
Embassy Kathmandu,PM2.5 - Principal,2018-08-30 09:00 PM,2018,8,30,21,11.3,47,Good,9.0,UG/M3,1 Hr,Valid
Embassy Kathmandu,PM2.5 - Principal,2018-08-30 10:00 PM,2018,8,30,22,8.1,34,Good,5.0,UG/M3,1 Hr,Valid
Embassy Kathmandu,PM2.5 - Principal,2018-08-30 11:00 PM,2018,8,30,23,7.0,29,Good,6.0,UG/M3,1 Hr,Valid
Embassy Kathmandu,PM2.5 - Principal,2018-08-31 12:00 AM,2018,8,31,0,6.0,25,Good,5.0,UG/M3,1 Hr,Valid
Embassy Kathmandu,PM2.5 - Principal,2018-08-31 01:00 AM,2018,8,31,1,5.0,21,Good,4.0,UG/M3,1 Hr,Valid
Embassy Kathmandu,PM2.5 - Principal,2018-08-31 02:00 AM,2018,8,31,2,4.5,19,Good,4.0,UG/M3,1 Hr,Valid
Embassy Kathmandu,PM2.5 - Principal,2018-08-31 03:00 AM,2018,8,31,3,4.7,20,Good,5.0,UG/M3,1 Hr,Valid
Embassy Kathmandu,PM2.5 - Principal,2018-08-31 04:00 AM,2018,8,31,4,4.3,18,Good,4.0,UG/M3,1 Hr,Valid
Embassy Kathmandu,PM2.5 - Principal,2018-08-31 05:00 AM,2018,8,31,5,3.6,15,Good,3.0,UG/M3,1 Hr,Valid
Embassy Kathmandu,PM2.5 - Principal,2018-08-31 06:00 AM,2018,8,31,6,3.3,14,Good,3.0,UG/M3,1 Hr,Valid
Embassy Kathmandu,PM2.5 - Principal,2018-08-31 07:00 AM,2018,8,31,7,4.6,19,Good,6.0,UG/M3,1 Hr,Valid
Embassy Kathmandu,PM2.5 - Principal,2018-08-31 08:00 AM,2018,8,31,8,6.8,28,Good,9.0,UG/M3,1 Hr,Valid
Embassy Kathmandu,PM2.5 - Principal,2018-08-31 09:00 AM,2018,8,31,9,7.4,31,Good,8.0,UG/M3,1 Hr,Valid
Embassy Kathmandu,PM2.5 - Principal,2018-08-31 10:00 AM,2018,8,31,10,9.2,38,Good,11.0,UG/M3,1 Hr,Valid
Embassy Kathmandu,PM2.5 - Principal,2018-08-31 11:00 AM,2018,8,31,11,14.6,56,Moderate,20.0,UG/M3,1 Hr,Valid
Embassy Kathmandu,PM2.5 - Principal,2018-08-31 12:00 PM,2018,8,31,12,17.3,62,Moderate,20.0,UG/M3,1 Hr,Valid
Embassy Kathmandu,PM2.5 - Principal,2018-08-31 01:00 PM,2018,8,31,13,15.1,57,Moderate,13.0,UG/M3,1 Hr,Valid
Embassy Kathmandu,PM2.5 - Principal,2018-08-31 02:00 PM,2018,8,31,14,12.5,52,Moderate,10.0,UG/M3,1 Hr,Valid
Embassy Kathmandu,PM2.5 - Principal,2018-08-31 03:00 PM,2018,8,31,15,9.7,40,Good,7.0,UG/M3,1 Hr,Valid
Embassy Kathmandu,PM2.5 - Principal,2018-08-31 04:00 PM,2018,8,31,16,11.3,47,Good,13.0,UG/M3,1 Hr,Valid
Embassy Kathmandu,PM2.5 - Principal,2018-08-31 05:00 PM,2018,8,31,17,10.1,42,Good,9.0,UG/M3,1 Hr,Valid
Embassy Kathmandu,PM2.5 - Principal,2018-08-31 06:00 PM,2018,8,31,18,11.1,46,Good,12.0,UG/M3,1 Hr,Valid
Embassy Kathmandu,PM2.5 - Principal,2018-08-31 07:00 PM,2018,8,31,19,12.0,50,Good,13.0,UG/M3,1 Hr,Valid
Embassy Kathmandu,PM2.5 - Principal,2018-08-31 08:00 PM,2018,8,31,20,13.0,53,Moderate,14.0,UG/M3,1 Hr,Valid
Embassy Kathmandu,PM2.5 - Principal,2018-08-31 09:00 PM,2018,8,31,21,13.5,54,Moderate,14.0,UG/M3,1 Hr,Valid
Embassy Kathmandu,PM2.5 - Principal,2018-08-31 10:00 PM,2018,8,31,22,11.7,49,Good,10.0,UG/M3,1 Hr,Valid
Embassy Kathmandu,PM2.5 - Principal,2018-08-31 11:00 PM,2018,8,31,23,15.3,58,Moderate,19.0,UG/M3,1 Hr,Valid
Embassy Kathmandu,PM2.5 - Principal,2018-09-01 12:00 AM,2018,9,1,0,17.1,62,Moderate,19.0,UG/M3,1 Hr,Valid
Embassy Kathmandu,PM2.5 - Principal,2018-09-01 01:00 AM,2018,9,1,1,14.5,56,Moderate,12.0,UG/M3,1 Hr,Valid
Embassy Kathmandu,PM2.5 - Principal,2018-09-01 02:00 AM,2018,9,1,2,14.2,55,Moderate,14.0,UG/M3,1 Hr,Valid
Embassy Kathmandu,PM2.5 - Principal,2018-09-01 03:00 AM,2018,9,1,3,12.1,51,Moderate,10.0,UG/M3,1 Hr,Valid
Embassy Kathmandu,PM2.5 - Principal,2018-09-01 04:00 AM,2018,9,1,4,8.5,35,Good,5.0,UG/M3,1 Hr,Valid
Embassy Kathmandu,PM2.5 - Principal,2018-09-01 05:00 AM,2018,9,1,5,4.7,20,Good,1.0,UG/M3,1 Hr,Valid
Embassy Kathmandu,PM2.5 - Principal,2018-09-01 06:00 AM,2018,9,1,6,8.3,35,Good,12.0,UG/M3,1 Hr,Valid
Embassy Kathmandu,PM2.5 - Principal,2018-09-01 07:00 AM,2018,9,1,7,9.6,40,Good,11.0,UG/M3,1 Hr,Valid
Embassy Kathmandu,PM2.5 - Principal,2018-09-01 08:00 AM,2018,9,1,8,14.8,57,Moderate,20.0,UG/M3,1 Hr,Valid
Embassy Kathmandu,PM2.5 - Principal,2018-09-01 09:00 AM,2018,9,1,9,13.9,55,Moderate,13.0,UG/M3,1 Hr,Valid
Embassy Kathmandu,PM2.5 - Principal,2018-09-01 10:00 AM,2018,9,1,10,15.4,58,Moderate,17.0,UG/M3,1 Hr,Valid
Embassy Kathmandu,PM2.5 - Principal,2018-09-01 11:00 AM,2018,9,1,11,13.2,53,Moderate,11.0,UG/M3,1 Hr,Valid
Embassy Kathmandu,PM2.5 - Principal,2018-09-01 12:00 PM,2018,9,1,12,11.1,46,Good,9.0,UG/M3,1 Hr,Valid
Embassy Kathmandu,PM2.5 - Principal,2018-09-01 01:00 PM,2018,9,1,13,9.0,38,Good,7.0,UG/M3,1 Hr,Valid
Embassy Kathmandu,PM2.5 - Principal,2018-09-01 02:00 PM,2018,9,1,14,8.0,33,Good,7.0,UG/M3,1 Hr,Valid
Embassy Kathmandu,PM2.5 - Principal,2018-09-01 03:00 PM,2018,9,1,15,10.0,42,Good,12.0,UG/M3,1 Hr,Valid
Embassy Kathmandu,PM2.5 - Principal,2018-09-01 04:00 PM,2018,9,1,16,9.5,40,Good,9.0,UG/M3,1 Hr,Valid
Embassy Kathmandu,PM2.5 - Principal,2018-09-01 05:00 PM,2018,9,1,17,10.2,43,Good,11.0,UG/M3,1 Hr,Valid
Embassy Kathmandu,PM2.5 - Principal,2018-09-01 06:00 PM,2018,9,1,18,10.1,42,Good,10.0,UG/M3,1 Hr,Valid
Embassy Kathmandu,PM2.5 - Principal,2018-09-01 07:00 PM,2018,9,1,19,11.5,48,Good,13.0,UG/M3,1 Hr,Valid
Embassy Kathmandu,PM2.5 - Principal,2018-09-01 08:00 PM,2018,9,1,20,12.2,51,Moderate,13.0,UG/M3,1 Hr,Valid
Embassy Kathmandu,PM2.5 - Principal,2018-09-01 09:00 PM,2018,9,1,21,11.1,46,Good,10.0,UG/M3,1 Hr,Valid
Embassy Kathmandu,PM2.5 - Principal,2018-09-01 10:00 PM,2018,9,1,22,9.7,40,Good,8.0,UG/M3,1 Hr,Valid
Embassy Kathmandu,PM2.5 - Principal,2018-09-01 11:00 PM,2018,9,1,23,7.2,30,Good,5.0,UG/M3,1 Hr,Valid
Embassy Kathmandu,PM2.5 - Principal,2018-09-02 12:00 AM,2018,9,2,0,5.1,21,Good,3.0,UG/M3,1 Hr,Valid
Embassy Kathmandu,PM2.5 - Principal,2018-09-02 01:00 AM,2018,9,2,1,4.5,19,Good,4.0,UG/M3,1 Hr,Valid
Embassy Kathmandu,PM2.5 - Principal,2018-09-02 02:00 AM,2018,9,2,2,5.7,24,Good,7.0,UG/M3,1 Hr,Valid
Embassy Kathmandu,PM2.5 - Principal,2018-09-02 03:00 AM,2018,9,2,3,5.3,22,Good,5.0,UG/M3,1 Hr,Valid
Embassy Kathmandu,PM2.5 - Principal,2018-09-02 04:00 AM,2018,9,2,4,4.6,19,Good,4.0,UG/M3,1 Hr,Valid
Embassy Kathmandu,PM2.5 - Principal,2018-09-02 05:00 AM,2018,9,2,5,4.8,20,Good,5.0,UG/M3,1 Hr,Valid
Embassy Kathmandu,PM2.5 - Principal,2018-09-02 06:00 AM,2018,9,2,6,4.4,18,Good,4.0,UG/M3,1 Hr,Valid
Embassy Kathmandu,PM2.5 - Principal,2018-09-02 07:00 AM,2018,9,2,7,8.7,36,Good,13.0,UG/M3,1 Hr,Valid
Embassy Kathmandu,PM2.5 - Principal,2018-09-02 08:00 AM,2018,9,2,8,9.3,39,Good,10.0,UG/M3,1 Hr,Valid
Embassy Kathmandu,PM2.5 - Principal,2018-09-02 09:00 AM,2018,9,2,9,12.6,52,Moderate,16.0,UG/M3,1 Hr,Valid
Embassy Kathmandu,PM2.5 - Principal,2018-09-02 10:00 AM,2018,9,2,10,15.8,59,Moderate,19.0,UG/M3,1 Hr,Valid
Embassy Kathmandu,PM2.5 - Principal,2018-09-02 11:00 AM,2018,9,2,11,16.4,60,Moderate,17.0,UG/M3,1 Hr,Valid
Embassy Kathmandu,PM2.5 - Principal,2018-09-02 12:00 PM,2018,9,2,12,17.2,62,Moderate,18.0,UG/M3,1 Hr,Valid
Embassy Kathmandu,PM2.5 - Principal,2018-09-02 01:00 PM,2018,9,2,13,15.1,57,Moderate,13.0,UG/M3,1 Hr,Valid
Embassy Kathmandu,PM2.5 - Principal,2018-09-02 02:00 PM,2018,9,2,14,14.0,55,Moderate,13.0,UG/M3,1 Hr,Valid
Embassy Kathmandu,PM2.5 - Principal,2018-09-02 03:00 PM,2018,9,2,15,12.0,50,Good,10.0,UG/M3,1 Hr,Valid
Embassy Kathmandu,PM2.5 - Principal,2018-09-02 04:00 PM,2018,9,2,16,13.0,53,Moderate,14.0,UG/M3,1 Hr,Valid
Embassy Kathmandu,PM2.5 - Principal,2018-09-02 05:00 PM,2018,9,2,17,13.0,53,Moderate,13.0,UG/M3,1 Hr,Valid
Embassy Kathmandu,PM2.5 - Principal,2018-09-02 06:00 PM,2018,9,2,18,14.9,57,Moderate,17.0,UG/M3,1 Hr,Valid
Embassy Kathmandu,PM2.5 - Principal,2018-09-02 07:00 PM,2018,9,2,19,20.5,69,Moderate,26.0,UG/M3,1 Hr,Valid
Embassy Kathmandu,PM2.5 - Principal,2018-09-02 08:00 PM,2018,9,2,20,18.2,64,Moderate,16.0,UG/M3,1 Hr,Valid
Embassy Kathmandu,PM2.5 - Principal,2018-09-02 09:00 PM,2018,9,2,21,13.1,53,Moderate,8.0,UG/M3,1 Hr,Valid
Embassy Kathmandu,PM2.5 - Principal,2018-09-02 10:00 PM,2018,9,2,22,11.0,46,Good,9.0,UG/M3,1 Hr,Valid
Embassy Kathmandu,PM2.5 - Principal,2018-09-02 11:00 PM,2018,9,2,23,10.5,44,Good,10.0,UG/M3,1 Hr,Valid
Embassy Kathmandu,PM2.5 - Principal,2018-09-03 12:00 AM,2018,9,3,0,8.7,36,Good,7.0,UG/M3,1 Hr,Valid
Embassy Kathmandu,PM2.5 - Principal,2018-09-03 01:00 AM,2018,9,3,1,5.8,24,Good,3.0,UG/M3,1 Hr,Valid
Embassy Kathmandu,PM2.5 - Principal,2018-09-03 02:00 AM,2018,9,3,2,3.4,14,Good,1.0,UG/M3,1 Hr,Valid
Embassy Kathmandu,PM2.5 - Principal,2018-09-03 03:00 AM,2018,9,3,3,3.7,15,Good,4.0,UG/M3,1 Hr,Valid
Embassy Kathmandu,PM2.5 - Principal,2018-09-03 04:00 AM,2018,9,3,4,3.3,14,Good,3.0,UG/M3,1 Hr,Valid
Embassy Kathmandu,PM2.5 - Principal,2018-09-03 05:00 AM,2018,9,3,5,2.6,11,Good,2.0,UG/M3,1 Hr,Valid
Embassy Kathmandu,PM2.5 - Principal,2018-09-03 06:00 AM,2018,9,3,6,5.3,22,Good,8.0,UG/M3,1 Hr,Valid
Embassy Kathmandu,PM2.5 - Principal,2018-09-03 07:00 AM,2018,9,3,7,7.1,30,Good,9.0,UG/M3,1 Hr,Valid
Embassy Kathmandu,PM2.5 - Principal,2018-09-03 08:00 AM,2018,9,3,8,11.0,46,Good,15.0,UG/M3,1 Hr,Valid
Embassy Kathmandu,PM2.5 - Principal,2018-09-03 09:00 AM,2018,9,3,9,14.5,56,Moderate,18.0,UG/M3,1 Hr,Valid
Embassy Kathmandu,PM2.5 - Principal,2018-09-03 10:00 AM,2018,9,3,10,19.7,67,Moderate,25.0,UG/M3,1 Hr,Valid
Embassy Kathmandu,PM2.5 - Principal,2018-09-03 11:00 AM,2018,9,3,11,18.8,65,Moderate,18.0,UG/M3,1 Hr,Valid
Embassy Kathmandu,PM2.5 - Principal,2018-09-03 12:00 PM,2018,9,3,12,17.9,63,Moderate,17.0,UG/M3,1 Hr,Valid
Embassy Kathmandu,PM2.5 - Principal,2018-09-03 01:00 PM,2018,9,3,13,12.9,53,Moderate,8.0,UG/M3,1 Hr,Valid
Embassy Kathmandu,PM2.5 - Principal,2018-09-03 02:00 PM,2018,9,3,14,13.9,55,Moderate,15.0,UG/M3,1 Hr,Valid
Embassy Kathmandu,PM2.5 - Principal,2018-09-03 03:00 PM,2018,9,3,15,11.9,50,Good,10.0,UG/M3,1 Hr,Valid
Embassy Kathmandu,PM2.5 - Principal,2018-09-03 04:00 PM,2018,9,3,16,10.9,45,Good,10.0,UG/M3,1 Hr,Valid
Embassy Kathmandu,PM2.5 - Principal,2018-09-03 05:00 PM,2018,9,3,17,11.5,48,Good,12.0,UG/M3,1 Hr,Valid
Embassy Kathmandu,PM2.5 - Principal,2018-09-03 06:00 PM,2018,9,3,18,11.7,49,Good,12.0,UG/M3,1 Hr,Valid
Embassy Kathmandu,PM2.5 - Principal,2018-09-03 07:00 PM,2018,9,3,19,14.8,57,Moderate,18.0,UG/M3,1 Hr,Valid
Embassy Kathmandu,PM2.5 - Principal,2018-09-03 08:00 PM,2018,9,3,20,13.9,55,Moderate,13.0,UG/M3,1 Hr,Valid
Embassy Kathmandu,PM2.5 - Principal,2018-09-03 09:00 PM,2018,9,3,21,18.9,65,Moderate,24.0,UG/M3,1 Hr,Valid
Embassy Kathmandu,PM2.5 - Principal,2018-09-03 10:00 PM,2018,9,3,22,15.9,59,Moderate,13.0,UG/M3,1 Hr,Valid
Embassy Kathmandu,PM2.5 - Principal,2018-09-03 11:00 PM,2018,9,3,23,14.9,57,Moderate,14.0,UG/M3,1 Hr,Valid
Embassy Kathmandu,PM2.5 - Principal,2018-09-04 12:00 AM,2018,9,4,0,12.4,52,Moderate,10.0,UG/M3,1 Hr,Valid
Embassy Kathmandu,PM2.5 - Principal,2018-09-04 01:00 AM,2018,9,4,1,10.7,45,Good,9.0,UG/M3,1 Hr,Valid
Embassy Kathmandu,PM2.5 - Principal,2018-09-04 02:00 AM,2018,9,4,2,11.3,47,Good,12.0,UG/M3,1 Hr,Valid
Embassy Kathmandu,PM2.5 - Principal,2018-09-04 03:00 AM,2018,9,4,3,11.1,46,Good,11.0,UG/M3,1 Hr,Valid
Embassy Kathmandu,PM2.5 - Principal,2018-09-04 04:00 AM,2018,9,4,4,12.0,50,Good,13.0,UG/M3,1 Hr,Valid
Embassy Kathmandu,PM2.5 - Principal,2018-09-04 05:00 AM,2018,9,4,5,12.0,50,Good,12.0,UG/M3,1 Hr,Valid
Embassy Kathmandu,PM2.5 - Principal,2018-09-04 06:00 AM,2018,9,4,6,14.0,55,Moderate,16.0,UG/M3,1 Hr,Valid
Embassy Kathmandu,PM2.5 - Principal,2018-09-04 07:00 AM,2018,9,4,7,20.5,69,Moderate,27.0,UG/M3,1 Hr,Valid
Embassy Kathmandu,PM2.5 - Principal,2018-09-04 08:00 AM,2018,9,4,8,20.7,69,Moderate,21.0,UG/M3,1 Hr,Valid
Embassy Kathmandu,PM2.5 - Principal,2018-09-04 09:00 AM,2018,9,4,9,20.7,69,Moderate,-15.0,UG/M3,1 Hr,Invalid
Embassy Kathmandu,PM2.5 - Principal,2018-09-04 10:00 AM,2018,9,4,10,18.2,64,Moderate,17.0,UG/M3,1 Hr,Valid
Embassy Kathmandu,PM2.5 - Principal,2018-09-04 11:00 AM,2018,9,4,11,18.6,65,Moderate,19.0,UG/M3,1 Hr,Valid
Embassy Kathmandu,PM2.5 - Principal,2018-09-04 12:00 PM,2018,9,4,12,15.6,58,Moderate,13.0,UG/M3,1 Hr,Valid
Embassy Kathmandu,PM2.5 - Principal,2018-09-04 01:00 PM,2018,9,4,13,12.7,52,Moderate,10.0,UG/M3,1 Hr,Valid
Embassy Kathmandu,PM2.5 - Principal,2018-09-04 02:00 PM,2018,9,4,14,12.3,51,Moderate,12.0,UG/M3,1 Hr,Valid
Embassy Kathmandu,PM2.5 - Principal,2018-09-04 03:00 PM,2018,9,4,15,14.6,56,Moderate,17.0,UG/M3,1 Hr,Valid
Embassy Kathmandu,PM2.5 - Principal,2018-09-04 04:00 PM,2018,9,4,16,18.3,64,Moderate,22.0,UG/M3,1 Hr,Valid
Embassy Kathmandu,PM2.5 - Principal,2018-09-04 05:00 PM,2018,9,4,17,17.1,62,Moderate,16.0,UG/M3,1 Hr,Valid
Embassy Kathmandu,PM2.5 - Principal,2018-09-04 06:00 PM,2018,9,4,18,18.0,63,Moderate,19.0,UG/M3,1 Hr,Valid
Embassy Kathmandu,PM2.5 - Principal,2018-09-04 07:00 PM,2018,9,4,19,15.5,58,Moderate,13.0,UG/M3,1 Hr,Valid
Embassy Kathmandu,PM2.5 - Principal,2018-09-04 08:00 PM,2018,9,4,20,19.7,67,Moderate,24.0,UG/M3,1 Hr,Valid
Embassy Kathmandu,PM2.5 - Principal,2018-09-04 09:00 PM,2018,9,4,21,22.3,72,Moderate,25.0,UG/M3,1 Hr,Valid
Embassy Kathmandu,PM2.5 - Principal,2018-09-04 10:00 PM,2018,9,4,22,23.1,74,Moderate,24.0,UG/M3,1 Hr,Valid
Embassy Kathmandu,PM2.5 - Principal,2018-09-04 11:00 PM,2018,9,4,23,19.5,67,Moderate,16.0,UG/M3,1 Hr,Valid
Embassy Kathmandu,PM2.5 - Principal,2018-09-05 12:00 AM,2018,9,5,0,18.7,65,Moderate,18.0,UG/M3,1 Hr,Valid
Embassy Kathmandu,PM2.5 - Principal,2018-09-05 01:00 AM,2018,9,5,1,13.8,55,Moderate,9.0,UG/M3,1 Hr,Valid
Embassy Kathmandu,PM2.5 - Principal,2018-09-05 02:00 AM,2018,9,5,2,11.9,50,Good,10.0,UG/M3,1 Hr,Valid
Embassy Kathmandu,PM2.5 - Principal,2018-09-05 03:00 AM,2018,9,5,3,9.4,39,Good,7.0,UG/M3,1 Hr,Valid
Embassy Kathmandu,PM2.5 - Principal,2018-09-05 04:00 AM,2018,9,5,4,7.7,32,Good,6.0,UG/M3,1 Hr,Valid
Embassy Kathmandu,PM2.5 - Principal,2018-09-05 05:00 AM,2018,9,5,5,12.3,51,Moderate,17.0,UG/M3,1 Hr,Valid
Embassy Kathmandu,PM2.5 - Principal,2018-09-05 06:00 AM,2018,9,5,6,12.6,52,Moderate,13.0,UG/M3,1 Hr,Valid
Embassy Kathmandu,PM2.5 - Principal,2018-09-05 07:00 AM,2018,9,5,7,18.3,64,Moderate,24.0,UG/M3,1 Hr,Valid
Embassy Kathmandu,PM2.5 - Principal,2018-09-05 08:00 AM,2018,9,5,8,19.6,67,Moderate,21.0,UG/M3,1 Hr,Valid
Embassy Kathmandu,PM2.5 - Principal,2018-09-05 09:00 AM,2018,9,5,9,18.3,64,Moderate,17.0,UG/M3,1 Hr,Valid
Embassy Kathmandu,PM2.5 - Principal,2018-09-05 10:00 AM,2018,9,5,10,19.1,66,Moderate,20.0,UG/M3,1 Hr,Valid
Embassy Kathmandu,PM2.5 - Principal,2018-09-05 11:00 AM,2018,9,5,11,19.0,66,Moderate,19.0,UG/M3,1 Hr,Valid
Embassy Kathmandu,PM2.5 - Principal,2018-09-05 12:00 PM,2018,9,5,12,18.0,63,Moderate,17.0,UG/M3,1 Hr,Valid
Embassy Kathmandu,PM2.5 - Principal,2018-09-05 01:00 PM,2018,9,5,13,17.5,62,Moderate,17.0,UG/M3,1 Hr,Valid
Embassy Kathmandu,PM2.5 - Principal,2018-09-05 02:00 PM,2018,9,5,14,14.2,55,Moderate,11.0,UG/M3,1 Hr,Valid
Embassy Kathmandu,PM2.5 - Principal,2018-09-05 03:00 PM,2018,9,5,15,11.6,48,Good,9.0,UG/M3,1 Hr,Valid
Embassy Kathmandu,PM2.5 - Principal,2018-09-05 04:00 PM,2018,9,5,16,14.3,56,Moderate,17.0,UG/M3,1 Hr,Valid
Embassy Kathmandu,PM2.5 - Principal,2018-09-05 05:00 PM,2018,9,5,17,14.1,55,Moderate,14.0,UG/M3,1 Hr,Valid
Embassy Kathmandu,PM2.5 - Principal,2018-09-05 06:00 PM,2018,9,5,18,14.5,56,Moderate,15.0,UG/M3,1 Hr,Valid
Embassy Kathmandu,PM2.5 - Principal,2018-09-05 07:00 PM,2018,9,5,19,15.7,59,Moderate,17.0,UG/M3,1 Hr,Valid
Embassy Kathmandu,PM2.5 - Principal,2018-09-05 08:00 PM,2018,9,5,20,13.8,55,Moderate,12.0,UG/M3,1 Hr,Valid
Embassy Kathmandu,PM2.5 - Principal,2018-09-05 09:00 PM,2018,9,5,21,17.4,62,Moderate,21.0,UG/M3,1 Hr,Valid
Embassy Kathmandu,PM2.5 - Principal,2018-09-05 10:00 PM,2018,9,5,22,19.2,66,Moderate,21.0,UG/M3,1 Hr,Valid
Embassy Kathmandu,PM2.5 - Principal,2018-09-05 11:00 PM,2018,9,5,23,19.6,67,Moderate,20.0,UG/M3,1 Hr,Valid
Embassy Kathmandu,PM2.5 - Principal,2018-09-06 12:00 AM,2018,9,6,0,15.3,58,Moderate,11.0,UG/M3,1 Hr,Valid
Embassy Kathmandu,PM2.5 - Principal,2018-09-06 01:00 AM,2018,9,6,1,13.6,54,Moderate,12.0,UG/M3,1 Hr,Valid
Embassy Kathmandu,PM2.5 - Principal,2018-09-06 02:00 AM,2018,9,6,2,11.3,47,Good,9.0,UG/M3,1 Hr,Valid
Embassy Kathmandu,PM2.5 - Principal,2018-09-06 03:00 AM,2018,9,6,3,9.1,38,Good,7.0,UG/M3,1 Hr,Valid
Embassy Kathmandu,PM2.5 - Principal,2018-09-06 04:00 AM,2018,9,6,4,8.5,35,Good,8.0,UG/M3,1 Hr,Valid
Embassy Kathmandu,PM2.5 - Principal,2018-09-06 05:00 AM,2018,9,6,5,7.7,32,Good,7.0,UG/M3,1 Hr,Valid
Embassy Kathmandu,PM2.5 - Principal,2018-09-06 06:00 AM,2018,9,6,6,8.8,37,Good,10.0,UG/M3,1 Hr,Valid
Embassy Kathmandu,PM2.5 - Principal,2018-09-06 07:00 AM,2018,9,6,7,16.9,61,Moderate,25.0,UG/M3,1 Hr,Valid
Embassy Kathmandu,PM2.5 - Principal,2018-09-06 08:00 AM,2018,9,6,8,17.9,63,Moderate,19.0,UG/M3,1 Hr,Valid
Embassy Kathmandu,PM2.5 - Principal,2018-09-06 09:00 AM,2018,9,6,9,18.9,65,Moderate,20.0,UG/M3,1 Hr,Valid
Embassy Kathmandu,PM2.5 - Principal,2018-09-06 10:00 AM,2018,9,6,10,21.9,72,Moderate,25.0,UG/M3,1 Hr,Valid
Embassy Kathmandu,PM2.5 - Principal,2018-09-06 11:00 AM,2018,9,6,11,19.9,67,Moderate,18.0,UG/M3,1 Hr,Valid
Embassy Kathmandu,PM2.5 - Principal,2018-09-06 12:00 PM,2018,9,6,12,19.4,66,Moderate,19.0,UG/M3,1 Hr,Valid
Embassy Kathmandu,PM2.5 - Principal,2018-09-06 01:00 PM,2018,9,6,13,14.2,55,Moderate,9.0,UG/M3,1 Hr,Valid
Embassy Kathmandu,PM2.5 - Principal,2018-09-06 02:00 PM,2018,9,6,14,12.6,52,Moderate,11.0,UG/M3,1 Hr,Valid
Embassy Kathmandu,PM2.5 - Principal,2018-09-06 03:00 PM,2018,9,6,15,11.8,49,Good,11.0,UG/M3,1 Hr,Valid
Embassy Kathmandu,PM2.5 - Principal,2018-09-06 04:00 PM,2018,9,6,16,11.9,50,Good,12.0,UG/M3,1 Hr,Valid
Embassy Kathmandu,PM2.5 - Principal,2018-09-06 05:00 PM,2018,9,6,17,12.9,53,Moderate,14.0,UG/M3,1 Hr,Valid
Embassy Kathmandu,PM2.5 - Principal,2018-09-06 06:00 PM,2018,9,6,18,10.9,45,Good,9.0,UG/M3,1 Hr,Valid
Embassy Kathmandu,PM2.5 - Principal,2018-09-06 07:00 PM,2018,9,6,19,13.4,54,Moderate,16.0,UG/M3,1 Hr,Valid
Embassy Kathmandu,PM2.5 - Principal,2018-09-06 08:00 PM,2018,9,6,20,15.2,58,Moderate,17.0,UG/M3,1 Hr,Valid
Embassy Kathmandu,PM2.5 - Principal,2018-09-06 09:00 PM,2018,9,6,21,12.1,51,Moderate,9.0,UG/M3,1 Hr,Valid
Embassy Kathmandu,PM2.5 - Principal,2018-09-06 10:00 PM,2018,9,6,22,12.0,50,Good,12.0,UG/M3,1 Hr,Valid
Embassy Kathmandu,PM2.5 - Principal,2018-09-06 11:00 PM,2018,9,6,23,12.5,52,Moderate,13.0,UG/M3,1 Hr,Valid
Embassy Kathmandu,PM2.5 - Principal,2018-09-07 12:00 AM,2018,9,7,0,12.2,51,Moderate,12.0,UG/M3,1 Hr,Valid
Embassy Kathmandu,PM2.5 - Principal,2018-09-07 01:00 AM,2018,9,7,1,10.7,45,Good,9.0,UG/M3,1 Hr,Valid
Embassy Kathmandu,PM2.5 - Principal,2018-09-07 02:00 AM,2018,9,7,2,10.3,43,Good,10.0,UG/M3,1 Hr,Valid
Embassy Kathmandu,PM2.5 - Principal,2018-09-07 03:00 AM,2018,9,7,3,10.6,44,Good,11.0,UG/M3,1 Hr,Valid
Embassy Kathmandu,PM2.5 - Principal,2018-09-07 04:00 AM,2018,9,7,4,9.8,41,Good,9.0,UG/M3,1 Hr,Valid
Embassy Kathmandu,PM2.5 - Principal,2018-09-07 05:00 AM,2018,9,7,5,9.9,41,Good,10.0,UG/M3,1 Hr,Valid
Embassy Kathmandu,PM2.5 - Principal,2018-09-07 06:00 AM,2018,9,7,6,9.9,41,Good,10.0,UG/M3,1 Hr,Valid
Embassy Kathmandu,PM2.5 - Principal,2018-09-07 07:00 AM,2018,9,7,7,13.9,55,Moderate,18.0,UG/M3,1 Hr,Valid
Embassy Kathmandu,PM2.5 - Principal,2018-09-07 08:00 AM,2018,9,7,8,13.4,54,Moderate,13.0,UG/M3,1 Hr,Valid
Embassy Kathmandu,PM2.5 - Principal,2018-09-07 09:00 AM,2018,9,7,9,15.2,58,Moderate,17.0,UG/M3,1 Hr,Valid
Embassy Kathmandu,PM2.5 - Principal,2018-09-07 10:00 AM,2018,9,7,10,14.6,56,Moderate,14.0,UG/M3,1 Hr,Valid
Embassy Kathmandu,PM2.5 - Principal,2018-09-07 11:00 AM,2018,9,7,11,11.8,49,Good,9.0,UG/M3,1 Hr,Valid
Embassy Kathmandu,PM2.5 - Principal,2018-09-07 12:00 PM,2018,9,7,12,8.4,35,Good,5.0,UG/M3,1 Hr,Valid
Embassy Kathmandu,PM2.5 - Principal,2018-09-07 01:00 PM,2018,9,7,13,6.2,26,Good,4.0,UG/M3,1 Hr,Valid
Embassy Kathmandu,PM2.5 - Principal,2018-09-07 02:00 PM,2018,9,7,14,5.1,21,Good,4.0,UG/M3,1 Hr,Valid
Embassy Kathmandu,PM2.5 - Principal,2018-09-07 03:00 PM,2018,9,7,15,3.5,15,Good,2.0,UG/M3,1 Hr,Valid
Embassy Kathmandu,PM2.5 - Principal,2018-09-07 04:00 PM,2018,9,7,16,4.7,20,Good,6.0,UG/M3,1 Hr,Valid
Embassy Kathmandu,PM2.5 - Principal,2018-09-07 05:00 PM,2018,9,7,17,7.3,30,Good,10.0,UG/M3,1 Hr,Valid
Embassy Kathmandu,PM2.5 - Principal,2018-09-07 06:00 PM,2018,9,7,18,8.6,36,Good,10.0,UG/M3,1 Hr,Valid
Embassy Kathmandu,PM2.5 - Principal,2018-09-07 07:00 PM,2018,9,7,19,9.8,41,Good,11.0,UG/M3,1 Hr,Valid
Embassy Kathmandu,PM2.5 - Principal,2018-09-07 08:00 PM,2018,9,7,20,9.4,39,Good,9.0,UG/M3,1 Hr,Valid
Embassy Kathmandu,PM2.5 - Principal,2018-09-07 09:00 PM,2018,9,7,21,11.7,49,Good,14.0,UG/M3,1 Hr,Valid
Embassy Kathmandu,PM2.5 - Principal,2018-09-07 10:00 PM,2018,9,7,22,11.8,49,Good,12.0,UG/M3,1 Hr,Valid
Embassy Kathmandu,PM2.5 - Principal,2018-09-07 11:00 PM,2018,9,7,23,14.9,57,Moderate,18.0,UG/M3,1 Hr,Valid
Embassy Kathmandu,PM2.5 - Principal,2018-09-08 12:00 AM,2018,9,8,0,15.4,58,Moderate,16.0,UG/M3,1 Hr,Valid
Embassy Kathmandu,PM2.5 - Principal,2018-09-08 01:00 AM,2018,9,8,1,11.7,49,Good,8.0,UG/M3,1 Hr,Valid
Embassy Kathmandu,PM2.5 - Principal,2018-09-08 02:00 AM,2018,9,8,2,11.3,47,Good,11.0,UG/M3,1 Hr,Valid
Embassy Kathmandu,PM2.5 - Principal,2018-09-08 03:00 AM,2018,9,8,3,10.1,42,Good,9.0,UG/M3,1 Hr,Valid
Embassy Kathmandu,PM2.5 - Principal,2018-09-08 04:00 AM,2018,9,8,4,10.5,44,Good,11.0,UG/M3,1 Hr,Valid
Embassy Kathmandu,PM2.5 - Principal,2018-09-08 05:00 AM,2018,9,8,5,9.2,38,Good,8.0,UG/M3,1 Hr,Valid
Embassy Kathmandu,PM2.5 - Principal,2018-09-08 06:00 AM,2018,9,8,6,8.6,36,Good,8.0,UG/M3,1 Hr,Valid
Embassy Kathmandu,PM2.5 - Principal,2018-09-08 07:00 AM,2018,9,8,7,12.3,51,Moderate,16.0,UG/M3,1 Hr,Valid
Embassy Kathmandu,PM2.5 - Principal,2018-09-08 08:00 AM,2018,9,8,8,13.1,53,Moderate,14.0,UG/M3,1 Hr,Valid
Embassy Kathmandu,PM2.5 - Principal,2018-09-08 09:00 AM,2018,9,8,9,14.5,56,Moderate,16.0,UG/M3,1 Hr,Valid
Embassy Kathmandu,PM2.5 - Principal,2018-09-08 10:00 AM,2018,9,8,10,13.2,53,Moderate,12.0,UG/M3,1 Hr,Valid
Embassy Kathmandu,PM2.5 - Principal,2018-09-08 11:00 AM,2018,9,8,11,12.1,51,Moderate,11.0,UG/M3,1 Hr,Valid
Embassy Kathmandu,PM2.5 - Principal,2018-09-08 12:00 PM,2018,9,8,12,10.5,44,Good,9.0,UG/M3,1 Hr,Valid
Embassy Kathmandu,PM2.5 - Principal,2018-09-08 01:00 PM,2018,9,8,13,13.7,54,Moderate,17.0,UG/M3,1 Hr,Valid
Embassy Kathmandu,PM2.5 - Principal,2018-09-08 02:00 PM,2018,9,8,14,15.3,58,Moderate,17.0,UG/M3,1 Hr,Valid
Embassy Kathmandu,PM2.5 - Principal,2018-09-08 03:00 PM,2018,9,8,15,12.1,51,Moderate,9.0,UG/M3,1 Hr,Valid
Embassy Kathmandu,PM2.5 - Principal,2018-09-08 04:00 PM,2018,9,8,16,10.5,44,Good,9.0,UG/M3,1 Hr,Valid
Embassy Kathmandu,PM2.5 - Principal,2018-09-08 05:00 PM,2018,9,8,17,8.7,36,Good,7.0,UG/M3,1 Hr,Valid
Embassy Kathmandu,PM2.5 - Principal,2018-09-08 06:00 PM,2018,9,8,18,9.8,41,Good,11.0,UG/M3,1 Hr,Valid
Embassy Kathmandu,PM2.5 - Principal,2018-09-08 07:00 PM,2018,9,8,19,11.4,48,Good,13.0,UG/M3,1 Hr,Valid
Embassy Kathmandu,PM2.5 - Principal,2018-09-08 08:00 PM,2018,9,8,20,10.7,45,Good,10.0,UG/M3,1 Hr,Valid
Embassy Kathmandu,PM2.5 - Principal,2018-09-08 09:00 PM,2018,9,8,21,10.3,43,Good,10.0,UG/M3,1 Hr,Valid
Embassy Kathmandu,PM2.5 - Principal,2018-09-08 10:00 PM,2018,9,8,22,9.1,38,Good,8.0,UG/M3,1 Hr,Valid
Embassy Kathmandu,PM2.5 - Principal,2018-09-08 11:00 PM,2018,9,8,23,8.5,35,Good,8.0,UG/M3,1 Hr,Valid
Embassy Kathmandu,PM2.5 - Principal,2018-09-09 12:00 AM,2018,9,9,0,8.2,34,Good,8.0,UG/M3,1 Hr,Valid
Embassy Kathmandu,PM2.5 - Principal,2018-09-09 01:00 AM,2018,9,9,1,7.6,32,Good,7.0,UG/M3,1 Hr,Valid
Embassy Kathmandu,PM2.5 - Principal,2018-09-09 02:00 AM,2018,9,9,2,8.7,36,Good,10.0,UG/M3,1 Hr,Valid
Embassy Kathmandu,PM2.5 - Principal,2018-09-09 03:00 AM,2018,9,9,3,9.8,41,Good,11.0,UG/M3,1 Hr,Valid
Embassy Kathmandu,PM2.5 - Principal,2018-09-09 04:00 AM,2018,9,9,4,9.4,39,Good,9.0,UG/M3,1 Hr,Valid
Embassy Kathmandu,PM2.5 - Principal,2018-09-09 05:00 AM,2018,9,9,5,10.6,44,Good,12.0,UG/M3,1 Hr,Valid
Embassy Kathmandu,PM2.5 - Principal,2018-09-09 06:00 AM,2018,9,9,6,10.3,43,Good,10.0,UG/M3,1 Hr,Valid
Embassy Kathmandu,PM2.5 - Principal,2018-09-09 07:00 AM,2018,9,9,7,12.6,52,Moderate,15.0,UG/M3,1 Hr,Valid
Embassy Kathmandu,PM2.5 - Principal,2018-09-09 08:00 AM,2018,9,9,8,17.3,62,Moderate,22.0,UG/M3,1 Hr,Valid
Embassy Kathmandu,PM2.5 - Principal,2018-09-09 09:00 AM,2018,9,9,9,19.6,67,Moderate,22.0,UG/M3,1 Hr,Valid
Embassy Kathmandu,PM2.5 - Principal,2018-09-09 10:00 AM,2018,9,9,10,15.3,58,Moderate,11.0,UG/M3,1 Hr,Valid
Embassy Kathmandu,PM2.5 - Principal,2018-09-09 11:00 AM,2018,9,9,11,15.6,58,Moderate,16.0,UG/M3,1 Hr,Valid
Embassy Kathmandu,PM2.5 - Principal,2018-09-09 12:00 PM,2018,9,9,12,12.8,52,Moderate,10.0,UG/M3,1 Hr,Valid
Embassy Kathmandu,PM2.5 - Principal,2018-09-09 01:00 PM,2018,9,9,13,14.9,57,Moderate,17.0,UG/M3,1 Hr,Valid
Embassy Kathmandu,PM2.5 - Principal,2018-09-09 02:00 PM,2018,9,9,14,14.4,56,Moderate,14.0,UG/M3,1 Hr,Valid
Embassy Kathmandu,PM2.5 - Principal,2018-09-09 03:00 PM,2018,9,9,15,12.7,52,Moderate,11.0,UG/M3,1 Hr,Valid
Embassy Kathmandu,PM2.5 - Principal,2018-09-09 04:00 PM,2018,9,9,16,14.8,57,Moderate,17.0,UG/M3,1 Hr,Valid
Embassy Kathmandu,PM2.5 - Principal,2018-09-09 05:00 PM,2018,9,9,17,14.9,57,Moderate,15.0,UG/M3,1 Hr,Valid
Embassy Kathmandu,PM2.5 - Principal,2018-09-09 06:00 PM,2018,9,9,18,16.4,60,Moderate,18.0,UG/M3,1 Hr,Valid
Embassy Kathmandu,PM2.5 - Principal,2018-09-09 07:00 PM,2018,9,9,19,14.7,56,Moderate,13.0,UG/M3,1 Hr,Valid
Embassy Kathmandu,PM2.5 - Principal,2018-09-09 08:00 PM,2018,9,9,20,15.8,59,Moderate,17.0,UG/M3,1 Hr,Valid
Embassy Kathmandu,PM2.5 - Principal,2018-09-09 09:00 PM,2018,9,9,21,14.0,55,Moderate,12.0,UG/M3,1 Hr,Valid
Embassy Kathmandu,PM2.5 - Principal,2018-09-09 10:00 PM,2018,9,9,22,13.6,54,Moderate,13.0,UG/M3,1 Hr,Valid
Embassy Kathmandu,PM2.5 - Principal,2018-09-09 11:00 PM,2018,9,9,23,13.7,54,Moderate,14.0,UG/M3,1 Hr,Valid
Embassy Kathmandu,PM2.5 - Principal,2018-09-10 12:00 AM,2018,9,10,0,13.9,55,Moderate,14.0,UG/M3,1 Hr,Valid
Embassy Kathmandu,PM2.5 - Principal,2018-09-10 01:00 AM,2018,9,10,1,12.7,52,Moderate,11.0,UG/M3,1 Hr,Valid
Embassy Kathmandu,PM2.5 - Principal,2018-09-10 02:00 AM,2018,9,10,2,12.4,52,Moderate,12.0,UG/M3,1 Hr,Valid
Embassy Kathmandu,PM2.5 - Principal,2018-09-10 03:00 AM,2018,9,10,3,12.2,51,Moderate,12.0,UG/M3,1 Hr,Valid
Embassy Kathmandu,PM2.5 - Principal,2018-09-10 04:00 AM,2018,9,10,4,10.5,44,Good,9.0,UG/M3,1 Hr,Valid
Embassy Kathmandu,PM2.5 - Principal,2018-09-10 05:00 AM,2018,9,10,5,9.2,38,Good,8.0,UG/M3,1 Hr,Valid
Embassy Kathmandu,PM2.5 - Principal,2018-09-10 06:00 AM,2018,9,10,6,9.1,38,Good,9.0,UG/M3,1 Hr,Valid
Embassy Kathmandu,PM2.5 - Principal,2018-09-10 07:00 AM,2018,9,10,7,11.0,46,Good,13.0,UG/M3,1 Hr,Valid
Embassy Kathmandu,PM2.5 - Principal,2018-09-10 08:00 AM,2018,9,10,8,12.2,51,Moderate,14.0,UG/M3,1 Hr,Valid
Embassy Kathmandu,PM2.5 - Principal,2018-09-10 09:00 AM,2018,9,10,9,12.9,53,Moderate,14.0,UG/M3,1 Hr,Valid
Embassy Kathmandu,PM2.5 - Principal,2018-09-10 10:00 AM,2018,9,10,10,12.9,53,Moderate,-999.0,UG/M3,1 Hr,Missing
Embassy Kathmandu,PM2.5 - Principal,2018-09-10 11:00 AM,2018,9,10,11,16.4,60,Moderate,18.0,UG/M3,1 Hr,Valid
Embassy Kathmandu,PM2.5 - Principal,2018-09-10 12:00 PM,2018,9,10,12,16.1,59,Moderate,16.0,UG/M3,1 Hr,Valid
Embassy Kathmandu,PM2.5 - Principal,2018-09-10 01:00 PM,2018,9,10,13,16.0,59,Moderate,16.0,UG/M3,1 Hr,Valid
Embassy Kathmandu,PM2.5 - Principal,2018-09-10 02:00 PM,2018,9,10,14,16.0,59,Moderate,16.0,UG/M3,1 Hr,Valid
Embassy Kathmandu,PM2.5 - Principal,2018-09-10 03:00 PM,2018,9,10,15,12.4,52,Moderate,9.0,UG/M3,1 Hr,Valid
Embassy Kathmandu,PM2.5 - Principal,2018-09-10 04:00 PM,2018,9,10,16,13.2,53,Moderate,14.0,UG/M3,1 Hr,Valid
Embassy Kathmandu,PM2.5 - Principal,2018-09-10 05:00 PM,2018,9,10,17,16.1,59,Moderate,19.0,UG/M3,1 Hr,Valid
Embassy Kathmandu,PM2.5 - Principal,2018-09-10 06:00 PM,2018,9,10,18,15.0,57,Moderate,14.0,UG/M3,1 Hr,Valid
Embassy Kathmandu,PM2.5 - Principal,2018-09-10 07:00 PM,2018,9,10,19,14.5,56,Moderate,14.0,UG/M3,1 Hr,Valid
Embassy Kathmandu,PM2.5 - Principal,2018-09-10 08:00 PM,2018,9,10,20,16.2,60,Moderate,18.0,UG/M3,1 Hr,Valid
Embassy Kathmandu,PM2.5 - Principal,2018-09-10 09:00 PM,2018,9,10,21,11.6,48,Good,7.0,UG/M3,1 Hr,Valid
Embassy Kathmandu,PM2.5 - Principal,2018-09-10 10:00 PM,2018,9,10,22,8.3,35,Good,5.0,UG/M3,1 Hr,Valid
Embassy Kathmandu,PM2.5 - Principal,2018-09-10 11:00 PM,2018,9,10,23,7.6,32,Good,7.0,UG/M3,1 Hr,Valid
Embassy Kathmandu,PM2.5 - Principal,2018-09-11 12:00 AM,2018,9,11,0,6.3,26,Good,5.0,UG/M3,1 Hr,Valid
Embassy Kathmandu,PM2.5 - Principal,2018-09-11 01:00 AM,2018,9,11,1,6.6,28,Good,7.0,UG/M3,1 Hr,Valid
Embassy Kathmandu,PM2.5 - Principal,2018-09-11 02:00 AM,2018,9,11,2,5.8,24,Good,5.0,UG/M3,1 Hr,Valid
Embassy Kathmandu,PM2.5 - Principal,2018-09-11 03:00 AM,2018,9,11,3,5.4,23,Good,5.0,UG/M3,1 Hr,Valid
Embassy Kathmandu,PM2.5 - Principal,2018-09-11 04:00 AM,2018,9,11,4,4.7,20,Good,4.0,UG/M3,1 Hr,Valid
Embassy Kathmandu,PM2.5 - Principal,2018-09-11 05:00 AM,2018,9,11,5,4.3,18,Good,4.0,UG/M3,1 Hr,Valid
Embassy Kathmandu,PM2.5 - Principal,2018-09-11 06:00 AM,2018,9,11,6,5.1,21,Good,6.0,UG/M3,1 Hr,Valid
Embassy Kathmandu,PM2.5 - Principal,2018-09-11 07:00 AM,2018,9,11,7,5.5,23,Good,6.0,UG/M3,1 Hr,Valid
Embassy Kathmandu,PM2.5 - Principal,2018-09-11 08:00 AM,2018,9,11,8,7.2,30,Good,9.0,UG/M3,1 Hr,Valid
Embassy Kathmandu,PM2.5 - Principal,2018-09-11 09:00 AM,2018,9,11,9,13.1,53,Moderate,19.0,UG/M3,1 Hr,Valid
Embassy Kathmandu,PM2.5 - Principal,2018-09-11 10:00 AM,2018,9,11,10,14.5,56,Moderate,16.0,UG/M3,1 Hr,Valid
Embassy Kathmandu,PM2.5 - Principal,2018-09-11 11:00 AM,2018,9,11,11,12.2,51,Moderate,10.0,UG/M3,1 Hr,Valid
Embassy Kathmandu,PM2.5 - Principal,2018-09-11 12:00 PM,2018,9,11,12,13.1,53,Moderate,14.0,UG/M3,1 Hr,Valid
Embassy Kathmandu,PM2.5 - Principal,2018-09-11 01:00 PM,2018,9,11,13,12.5,52,Moderate,12.0,UG/M3,1 Hr,Valid
Embassy Kathmandu,PM2.5 - Principal,2018-09-11 02:00 PM,2018,9,11,14,11.7,49,Good,11.0,UG/M3,1 Hr,Valid
Embassy Kathmandu,PM2.5 - Principal,2018-09-11 03:00 PM,2018,9,11,15,10.8,45,Good,10.0,UG/M3,1 Hr,Valid
Embassy Kathmandu,PM2.5 - Principal,2018-09-11 04:00 PM,2018,9,11,16,10.9,45,Good,11.0,UG/M3,1 Hr,Valid
Embassy Kathmandu,PM2.5 - Principal,2018-09-11 05:00 PM,2018,9,11,17,11.4,48,Good,12.0,UG/M3,1 Hr,Valid
Embassy Kathmandu,PM2.5 - Principal,2018-09-11 06:00 PM,2018,9,11,18,10.2,43,Good,9.0,UG/M3,1 Hr,Valid
Embassy Kathmandu,PM2.5 - Principal,2018-09-11 07:00 PM,2018,9,11,19,10.1,42,Good,10.0,UG/M3,1 Hr,Valid
Embassy Kathmandu,PM2.5 - Principal,2018-09-11 08:00 PM,2018,9,11,20,11.5,48,Good,13.0,UG/M3,1 Hr,Valid
Embassy Kathmandu,PM2.5 - Principal,2018-09-11 09:00 PM,2018,9,11,21,12.9,53,Moderate,15.0,UG/M3,1 Hr,Valid
Embassy Kathmandu,PM2.5 - Principal,2018-09-11 10:00 PM,2018,9,11,22,10.7,45,Good,8.0,UG/M3,1 Hr,Valid
Embassy Kathmandu,PM2.5 - Principal,2018-09-11 11:00 PM,2018,9,11,23,12.7,52,Moderate,15.0,UG/M3,1 Hr,Valid
Embassy Kathmandu,PM2.5 - Principal,2018-09-12 12:00 AM,2018,9,12,0,13.7,54,Moderate,15.0,UG/M3,1 Hr,Valid
Embassy Kathmandu,PM2.5 - Principal,2018-09-12 01:00 AM,2018,9,12,1,14.9,57,Moderate,16.0,UG/M3,1 Hr,Valid
Embassy Kathmandu,PM2.5 - Principal,2018-09-12 02:00 AM,2018,9,12,2,13.4,54,Moderate,12.0,UG/M3,1 Hr,Valid
Embassy Kathmandu,PM2.5 - Principal,2018-09-12 03:00 AM,2018,9,12,3,12.7,52,Moderate,12.0,UG/M3,1 Hr,Valid
Embassy Kathmandu,PM2.5 - Principal,2018-09-12 04:00 AM,2018,9,12,4,13.8,55,Moderate,15.0,UG/M3,1 Hr,Valid
Embassy Kathmandu,PM2.5 - Principal,2018-09-12 05:00 AM,2018,9,12,5,12.4,52,Moderate,11.0,UG/M3,1 Hr,Valid
Embassy Kathmandu,PM2.5 - Principal,2018-09-12 06:00 AM,2018,9,12,6,15.7,59,Moderate,19.0,UG/M3,1 Hr,Valid
Embassy Kathmandu,PM2.5 - Principal,2018-09-12 07:00 AM,2018,9,12,7,17.3,62,Moderate,19.0,UG/M3,1 Hr,Valid
Embassy Kathmandu,PM2.5 - Principal,2018-09-12 08:00 AM,2018,9,12,8,17.1,62,Moderate,17.0,UG/M3,1 Hr,Valid
Embassy Kathmandu,PM2.5 - Principal,2018-09-12 09:00 AM,2018,9,12,9,22.5,73,Moderate,28.0,UG/M3,1 Hr,Valid
Embassy Kathmandu,PM2.5 - Principal,2018-09-12 10:00 AM,2018,9,12,10,22.5,73,Moderate,594.0,UG/M3,1 Hr,Invalid
Embassy Kathmandu,PM2.5 - Principal,2018-09-12 11:00 AM,2018,9,12,11,22.8,74,Moderate,23.0,UG/M3,1 Hr,Valid
Embassy Kathmandu,PM2.5 - Principal,2018-09-12 12:00 PM,2018,9,12,12,21.2,70,Moderate,20.0,UG/M3,1 Hr,Valid
Embassy Kathmandu,PM2.5 - Principal,2018-09-12 01:00 PM,2018,9,12,13,16.8,61,Moderate,13.0,UG/M3,1 Hr,Valid
Embassy Kathmandu,PM2.5 - Principal,2018-09-12 02:00 PM,2018,9,12,14,12.7,52,Moderate,9.0,UG/M3,1 Hr,Valid
Embassy Kathmandu,PM2.5 - Principal,2018-09-12 03:00 PM,2018,9,12,15,10.8,45,Good,9.0,UG/M3,1 Hr,Valid
Embassy Kathmandu,PM2.5 - Principal,2018-09-12 04:00 PM,2018,9,12,16,10.9,45,Good,11.0,UG/M3,1 Hr,Valid
Embassy Kathmandu,PM2.5 - Principal,2018-09-12 05:00 PM,2018,9,12,17,9.9,41,Good,9.0,UG/M3,1 Hr,Valid
Embassy Kathmandu,PM2.5 - Principal,2018-09-12 06:00 PM,2018,9,12,18,9.9,41,Good,10.0,UG/M3,1 Hr,Valid
Embassy Kathmandu,PM2.5 - Principal,2018-09-12 07:00 PM,2018,9,12,19,11.9,50,Good,14.0,UG/M3,1 Hr,Valid
Embassy Kathmandu,PM2.5 - Principal,2018-09-12 08:00 PM,2018,9,12,20,14.4,56,Moderate,17.0,UG/M3,1 Hr,Valid
Embassy Kathmandu,PM2.5 - Principal,2018-09-12 09:00 PM,2018,9,12,21,13.7,54,Moderate,13.0,UG/M3,1 Hr,Valid
Embassy Kathmandu,PM2.5 - Principal,2018-09-12 10:00 PM,2018,9,12,22,16.8,61,Moderate,20.0,UG/M3,1 Hr,Valid
Embassy Kathmandu,PM2.5 - Principal,2018-09-12 11:00 PM,2018,9,12,23,14.9,57,Moderate,13.0,UG/M3,1 Hr,Valid
Embassy Kathmandu,PM2.5 - Principal,2018-09-13 12:00 AM,2018,9,13,0,12.4,52,Moderate,10.0,UG/M3,1 Hr,Valid
Embassy Kathmandu,PM2.5 - Principal,2018-09-13 01:00 AM,2018,9,13,1,10.7,45,Good,9.0,UG/M3,1 Hr,Valid
Embassy Kathmandu,PM2.5 - Principal,2018-09-13 02:00 AM,2018,9,13,2,9.8,41,Good,9.0,UG/M3,1 Hr,Valid
Embassy Kathmandu,PM2.5 - Principal,2018-09-13 03:00 AM,2018,9,13,3,9.9,41,Good,10.0,UG/M3,1 Hr,Valid
Embassy Kathmandu,PM2.5 - Principal,2018-09-13 04:00 AM,2018,9,13,4,9.9,41,Good,10.0,UG/M3,1 Hr,Valid
Embassy Kathmandu,PM2.5 - Principal,2018-09-13 05:00 AM,2018,9,13,5,10.4,43,Good,11.0,UG/M3,1 Hr,Valid
Embassy Kathmandu,PM2.5 - Principal,2018-09-13 06:00 AM,2018,9,13,6,12.7,52,Moderate,15.0,UG/M3,1 Hr,Valid
Embassy Kathmandu,PM2.5 - Principal,2018-09-13 07:00 AM,2018,9,13,7,13.8,55,Moderate,15.0,UG/M3,1 Hr,Valid
Embassy Kathmandu,PM2.5 - Principal,2018-09-13 08:00 AM,2018,9,13,8,17.4,62,Moderate,21.0,UG/M3,1 Hr,Valid
Embassy Kathmandu,PM2.5 - Principal,2018-09-13 09:00 AM,2018,9,13,9,17.4,62,Moderate,-15.0,UG/M3,1 Hr,Invalid
Embassy Kathmandu,PM2.5 - Principal,2018-09-13 10:00 AM,2018,9,13,10,-999.0,-999,,-5.0,UG/M3,1 Hr,Invalid
Embassy Kathmandu,PM2.5 - Principal,2018-09-13 11:00 AM,2018,9,13,11,-999.0,-999,,18.0,UG/M3,1 Hr,Valid
Embassy Kathmandu,PM2.5 - Principal,2018-09-13 12:00 PM,2018,9,13,12,17.3,62,Moderate,17.0,UG/M3,1 Hr,Valid
Embassy Kathmandu,PM2.5 - Principal,2018-09-13 01:00 PM,2018,9,13,13,18.8,65,Moderate,20.0,UG/M3,1 Hr,Valid
Embassy Kathmandu,PM2.5 - Principal,2018-09-13 02:00 PM,2018,9,13,14,18.3,64,Moderate,18.0,UG/M3,1 Hr,Valid
Embassy Kathmandu,PM2.5 - Principal,2018-09-13 03:00 PM,2018,9,13,15,17.6,63,Moderate,17.0,UG/M3,1 Hr,Valid
Embassy Kathmandu,PM2.5 - Principal,2018-09-13 04:00 PM,2018,9,13,16,15.9,59,Moderate,14.0,UG/M3,1 Hr,Valid
Embassy Kathmandu,PM2.5 - Principal,2018-09-13 05:00 PM,2018,9,13,17,15.9,59,Moderate,15.0,UG/M3,1 Hr,Valid
Embassy Kathmandu,PM2.5 - Principal,2018-09-13 06:00 PM,2018,9,13,18,16.3,60,Moderate,17.0,UG/M3,1 Hr,Valid
Embassy Kathmandu,PM2.5 - Principal,2018-09-13 07:00 PM,2018,9,13,19,21.4,71,Moderate,27.0,UG/M3,1 Hr,Valid
Embassy Kathmandu,PM2.5 - Principal,2018-09-13 08:00 PM,2018,9,13,20,23.1,74,Moderate,25.0,UG/M3,1 Hr,Valid
Embassy Kathmandu,PM2.5 - Principal,2018-09-13 09:00 PM,2018,9,13,21,21.1,70,Moderate,19.0,UG/M3,1 Hr,Valid
Embassy Kathmandu,PM2.5 - Principal,2018-09-13 10:00 PM,2018,9,13,22,23.9,76,Moderate,27.0,UG/M3,1 Hr,Valid
Embassy Kathmandu,PM2.5 - Principal,2018-09-13 11:00 PM,2018,9,13,23,21.0,70,Moderate,18.0,UG/M3,1 Hr,Valid
Embassy Kathmandu,PM2.5 - Principal,2018-09-14 12:00 AM,2018,9,14,0,19.6,67,Moderate,18.0,UG/M3,1 Hr,Valid
Embassy Kathmandu,PM2.5 - Principal,2018-09-14 01:00 AM,2018,9,14,1,20.2,68,Moderate,21.0,UG/M3,1 Hr,Valid
Embassy Kathmandu,PM2.5 - Principal,2018-09-14 02:00 AM,2018,9,14,2,20.1,68,Moderate,20.0,UG/M3,1 Hr,Valid
Embassy Kathmandu,PM2.5 - Principal,2018-09-14 03:00 AM,2018,9,14,3,19.1,66,Moderate,18.0,UG/M3,1 Hr,Valid
Embassy Kathmandu,PM2.5 - Principal,2018-09-14 04:00 AM,2018,9,14,4,17.7,63,Moderate,16.0,UG/M3,1 Hr,Valid
Embassy Kathmandu,PM2.5 - Principal,2018-09-14 05:00 AM,2018,9,14,5,16.5,60,Moderate,15.0,UG/M3,1 Hr,Valid
Embassy Kathmandu,PM2.5 - Principal,2018-09-14 06:00 AM,2018,9,14,6,17.1,62,Moderate,18.0,UG/M3,1 Hr,Valid
Embassy Kathmandu,PM2.5 - Principal,2018-09-14 07:00 AM,2018,9,14,7,21.5,71,Moderate,27.0,UG/M3,1 Hr,Valid
Embassy Kathmandu,PM2.5 - Principal,2018-09-14 08:00 AM,2018,9,14,8,23.5,75,Moderate,26.0,UG/M3,1 Hr,Valid
Embassy Kathmandu,PM2.5 - Principal,2018-09-14 09:00 AM,2018,9,14,9,24.6,77,Moderate,26.0,UG/M3,1 Hr,Valid
Embassy Kathmandu,PM2.5 - Principal,2018-09-14 10:00 AM,2018,9,14,10,21.2,70,Moderate,17.0,UG/M3,1 Hr,Valid
Embassy Kathmandu,PM2.5 - Principal,2018-09-14 11:00 AM,2018,9,14,11,23.8,76,Moderate,27.0,UG/M3,1 Hr,Valid
Embassy Kathmandu,PM2.5 - Principal,2018-09-14 12:00 PM,2018,9,14,12,27.5,83,Moderate,31.0,UG/M3,1 Hr,Valid
Embassy Kathmandu,PM2.5 - Principal,2018-09-14 01:00 PM,2018,9,14,13,26.7,82,Moderate,26.0,UG/M3,1 Hr,Valid
Embassy Kathmandu,PM2.5 - Principal,2018-09-14 02:00 PM,2018,9,14,14,21.8,71,Moderate,17.0,UG/M3,1 Hr,Valid
Embassy Kathmandu,PM2.5 - Principal,2018-09-14 03:00 PM,2018,9,14,15,16.9,61,Moderate,12.0,UG/M3,1 Hr,Valid
Embassy Kathmandu,PM2.5 - Principal,2018-09-14 04:00 PM,2018,9,14,16,15.4,58,Moderate,14.0,UG/M3,1 Hr,Valid
Embassy Kathmandu,PM2.5 - Principal,2018-09-14 05:00 PM,2018,9,14,17,16.7,61,Moderate,18.0,UG/M3,1 Hr,Valid
Embassy Kathmandu,PM2.5 - Principal,2018-09-14 06:00 PM,2018,9,14,18,15.3,58,Moderate,14.0,UG/M3,1 Hr,Valid
Embassy Kathmandu,PM2.5 - Principal,2018-09-14 07:00 PM,2018,9,14,19,16.6,60,Moderate,18.0,UG/M3,1 Hr,Valid
Embassy Kathmandu,PM2.5 - Principal,2018-09-14 08:00 PM,2018,9,14,20,18.8,65,Moderate,21.0,UG/M3,1 Hr,Valid
Embassy Kathmandu,PM2.5 - Principal,2018-09-14 09:00 PM,2018,9,14,21,18.4,64,Moderate,18.0,UG/M3,1 Hr,Valid
Embassy Kathmandu,PM2.5 - Principal,2018-09-14 10:00 PM,2018,9,14,22,15.2,58,Moderate,12.0,UG/M3,1 Hr,Valid
Embassy Kathmandu,PM2.5 - Principal,2018-09-14 11:00 PM,2018,9,14,23,14.1,55,Moderate,13.0,UG/M3,1 Hr,Valid
Embassy Kathmandu,PM2.5 - Principal,2018-09-15 12:00 AM,2018,9,15,0,14.5,56,Moderate,15.0,UG/M3,1 Hr,Valid
Embassy Kathmandu,PM2.5 - Principal,2018-09-15 01:00 AM,2018,9,15,1,17.9,63,Moderate,22.0,UG/M3,1 Hr,Valid
Embassy Kathmandu,PM2.5 - Principal,2018-09-15 02:00 AM,2018,9,15,2,16.1,59,Moderate,14.0,UG/M3,1 Hr,Valid
Embassy Kathmandu,PM2.5 - Principal,2018-09-15 03:00 AM,2018,9,15,3,14.7,56,Moderate,13.0,UG/M3,1 Hr,Valid
Embassy Kathmandu,PM2.5 - Principal,2018-09-15 04:00 AM,2018,9,15,4,15.3,58,Moderate,16.0,UG/M3,1 Hr,Valid
Embassy Kathmandu,PM2.5 - Principal,2018-09-15 05:00 AM,2018,9,15,5,13.1,53,Moderate,11.0,UG/M3,1 Hr,Valid
Embassy Kathmandu,PM2.5 - Principal,2018-09-15 06:00 AM,2018,9,15,6,14.0,55,Moderate,15.0,UG/M3,1 Hr,Valid
Embassy Kathmandu,PM2.5 - Principal,2018-09-15 07:00 AM,2018,9,15,7,17.5,62,Moderate,21.0,UG/M3,1 Hr,Valid
Embassy Kathmandu,PM2.5 - Principal,2018-09-15 08:00 AM,2018,9,15,8,19.2,66,Moderate,21.0,UG/M3,1 Hr,Valid
Embassy Kathmandu,PM2.5 - Principal,2018-09-15 09:00 AM,2018,9,15,9,20.1,68,Moderate,21.0,UG/M3,1 Hr,Valid
Embassy Kathmandu,PM2.5 - Principal,2018-09-15 10:00 AM,2018,9,15,10,19.0,66,Moderate,18.0,UG/M3,1 Hr,Valid
Embassy Kathmandu,PM2.5 - Principal,2018-09-15 11:00 AM,2018,9,15,11,20.0,68,Moderate,21.0,UG/M3,1 Hr,Valid
Embassy Kathmandu,PM2.5 - Principal,2018-09-15 12:00 PM,2018,9,15,12,18.0,63,Moderate,16.0,UG/M3,1 Hr,Valid
Embassy Kathmandu,PM2.5 - Principal,2018-09-15 01:00 PM,2018,9,15,13,20.0,68,Moderate,22.0,UG/M3,1 Hr,Valid
Embassy Kathmandu,PM2.5 - Principal,2018-09-15 02:00 PM,2018,9,15,14,22.0,72,Moderate,24.0,UG/M3,1 Hr,Valid
Embassy Kathmandu,PM2.5 - Principal,2018-09-15 03:00 PM,2018,9,15,15,20.0,68,Moderate,18.0,UG/M3,1 Hr,Valid
Embassy Kathmandu,PM2.5 - Principal,2018-09-15 04:00 PM,2018,9,15,16,19.0,66,Moderate,18.0,UG/M3,1 Hr,Valid
Embassy Kathmandu,PM2.5 - Principal,2018-09-15 05:00 PM,2018,9,15,17,22.0,72,Moderate,26.0,UG/M3,1 Hr,Valid
Embassy Kathmandu,PM2.5 - Principal,2018-09-15 06:00 PM,2018,9,15,18,20.3,68,Moderate,18.0,UG/M3,1 Hr,Valid
Embassy Kathmandu,PM2.5 - Principal,2018-09-15 07:00 PM,2018,9,15,19,21.7,71,Moderate,24.0,UG/M3,1 Hr,Valid
Embassy Kathmandu,PM2.5 - Principal,2018-09-15 08:00 PM,2018,9,15,20,18.9,65,Moderate,15.0,UG/M3,1 Hr,Valid
Embassy Kathmandu,PM2.5 - Principal,2018-09-15 09:00 PM,2018,9,15,21,19.4,66,Moderate,20.0,UG/M3,1 Hr,Valid
Embassy Kathmandu,PM2.5 - Principal,2018-09-15 10:00 PM,2018,9,15,22,18.3,64,Moderate,17.0,UG/M3,1 Hr,Valid
Embassy Kathmandu,PM2.5 - Principal,2018-09-15 11:00 PM,2018,9,15,23,20.3,68,Moderate,23.0,UG/M3,1 Hr,Valid
Embassy Kathmandu,PM2.5 - Principal,2018-09-16 12:00 AM,2018,9,16,0,22.3,72,Moderate,25.0,UG/M3,1 Hr,Valid
Embassy Kathmandu,PM2.5 - Principal,2018-09-16 01:00 AM,2018,9,16,1,21.7,71,Moderate,21.0,UG/M3,1 Hr,Valid
Embassy Kathmandu,PM2.5 - Principal,2018-09-16 02:00 AM,2018,9,16,2,20.5,69,Moderate,19.0,UG/M3,1 Hr,Valid
Embassy Kathmandu,PM2.5 - Principal,2018-09-16 03:00 AM,2018,9,16,3,20.7,69,Moderate,21.0,UG/M3,1 Hr,Valid
Embassy Kathmandu,PM2.5 - Principal,2018-09-16 04:00 AM,2018,9,16,4,19.1,66,Moderate,17.0,UG/M3,1 Hr,Valid
Embassy Kathmandu,PM2.5 - Principal,2018-09-16 05:00 AM,2018,9,16,5,18.7,65,Moderate,18.0,UG/M3,1 Hr,Valid
Embassy Kathmandu,PM2.5 - Principal,2018-09-16 06:00 AM,2018,9,16,6,20.0,68,Moderate,22.0,UG/M3,1 Hr,Valid
Embassy Kathmandu,PM2.5 - Principal,2018-09-16 07:00 AM,2018,9,16,7,21.6,71,Moderate,24.0,UG/M3,1 Hr,Valid
Embassy Kathmandu,PM2.5 - Principal,2018-09-16 08:00 AM,2018,9,16,8,26.0,80,Moderate,31.0,UG/M3,1 Hr,Valid
Embassy Kathmandu,PM2.5 - Principal,2018-09-16 09:00 AM,2018,9,16,9,26.0,80,Moderate,26.0,UG/M3,1 Hr,Valid
Embassy Kathmandu,PM2.5 - Principal,2018-09-16 10:00 AM,2018,9,16,10,24.6,77,Moderate,23.0,UG/M3,1 Hr,Valid
Embassy Kathmandu,PM2.5 - Principal,2018-09-16 11:00 AM,2018,9,16,11,25.7,80,Moderate,27.0,UG/M3,1 Hr,Valid
Embassy Kathmandu,PM2.5 - Principal,2018-09-16 12:00 PM,2018,9,16,12,26.2,81,Moderate,27.0,UG/M3,1 Hr,Valid
Embassy Kathmandu,PM2.5 - Principal,2018-09-16 01:00 PM,2018,9,16,13,23.4,75,Moderate,20.0,UG/M3,1 Hr,Valid
Embassy Kathmandu,PM2.5 - Principal,2018-09-16 02:00 PM,2018,9,16,14,20.9,70,Moderate,18.0,UG/M3,1 Hr,Valid
Embassy Kathmandu,PM2.5 - Principal,2018-09-16 03:00 PM,2018,9,16,15,21.8,71,Moderate,23.0,UG/M3,1 Hr,Valid
Embassy Kathmandu,PM2.5 - Principal,2018-09-16 04:00 PM,2018,9,16,16,25.3,79,Moderate,30.0,UG/M3,1 Hr,Valid
Embassy Kathmandu,PM2.5 - Principal,2018-09-16 05:00 PM,2018,9,16,17,21.6,71,Moderate,17.0,UG/M3,1 Hr,Valid
Embassy Kathmandu,PM2.5 - Principal,2018-09-16 06:00 PM,2018,9,16,18,20.4,68,Moderate,19.0,UG/M3,1 Hr,Valid
Embassy Kathmandu,PM2.5 - Principal,2018-09-16 07:00 PM,2018,9,16,19,22.9,74,Moderate,26.0,UG/M3,1 Hr,Valid
Embassy Kathmandu,PM2.5 - Principal,2018-09-16 08:00 PM,2018,9,16,20,22.5,73,Moderate,22.0,UG/M3,1 Hr,Valid
Embassy Kathmandu,PM2.5 - Principal,2018-09-16 09:00 PM,2018,9,16,21,21.4,71,Moderate,20.0,UG/M3,1 Hr,Valid
Embassy Kathmandu,PM2.5 - Principal,2018-09-16 10:00 PM,2018,9,16,22,21.2,70,Moderate,21.0,UG/M3,1 Hr,Valid
Embassy Kathmandu,PM2.5 - Principal,2018-09-16 11:00 PM,2018,9,16,23,21.5,71,Moderate,22.0,UG/M3,1 Hr,Valid
Embassy Kathmandu,PM2.5 - Principal,2018-09-17 12:00 AM,2018,9,17,0,19.5,67,Moderate,17.0,UG/M3,1 Hr,Valid
Embassy Kathmandu,PM2.5 - Principal,2018-09-17 01:00 AM,2018,9,17,1,20.1,68,Moderate,21.0,UG/M3,1 Hr,Valid
Embassy Kathmandu,PM2.5 - Principal,2018-09-17 02:00 AM,2018,9,17,2,20.5,69,Moderate,21.0,UG/M3,1 Hr,Valid
Embassy Kathmandu,PM2.5 - Principal,2018-09-17 03:00 AM,2018,9,17,3,19.8,67,Moderate,19.0,UG/M3,1 Hr,Valid
Embassy Kathmandu,PM2.5 - Principal,2018-09-17 04:00 AM,2018,9,17,4,19.6,67,Moderate,19.0,UG/M3,1 Hr,Valid
Embassy Kathmandu,PM2.5 - Principal,2018-09-17 05:00 AM,2018,9,17,5,18.1,64,Moderate,16.0,UG/M3,1 Hr,Valid
Embassy Kathmandu,PM2.5 - Principal,2018-09-17 06:00 AM,2018,9,17,6,16.7,61,Moderate,15.0,UG/M3,1 Hr,Valid
Embassy Kathmandu,PM2.5 - Principal,2018-09-17 07:00 AM,2018,9,17,7,24.1,76,Moderate,32.0,UG/M3,1 Hr,Valid
Embassy Kathmandu,PM2.5 - Principal,2018-09-17 08:00 AM,2018,9,17,8,26.0,80,Moderate,28.0,UG/M3,1 Hr,Valid
Embassy Kathmandu,PM2.5 - Principal,2018-09-17 09:00 AM,2018,9,17,9,26.0,80,Moderate,-15.0,UG/M3,1 Hr,Invalid
Embassy Kathmandu,PM2.5 - Principal,2018-09-17 10:00 AM,2018,9,17,10,26.6,81,Moderate,27.0,UG/M3,1 Hr,Valid
Embassy Kathmandu,PM2.5 - Principal,2018-09-17 11:00 AM,2018,9,17,11,29.1,87,Moderate,31.0,UG/M3,1 Hr,Valid
Embassy Kathmandu,PM2.5 - Principal,2018-09-17 12:00 PM,2018,9,17,12,26.9,82,Moderate,25.0,UG/M3,1 Hr,Valid
Embassy Kathmandu,PM2.5 - Principal,2018-09-17 01:00 PM,2018,9,17,13,28.5,85,Moderate,30.0,UG/M3,1 Hr,Valid
Embassy Kathmandu,PM2.5 - Principal,2018-09-17 02:00 PM,2018,9,17,14,25.2,79,Moderate,22.0,UG/M3,1 Hr,Valid
Embassy Kathmandu,PM2.5 - Principal,2018-09-17 03:00 PM,2018,9,17,15,20.5,69,Moderate,16.0,UG/M3,1 Hr,Valid
Embassy Kathmandu,PM2.5 - Principal,2018-09-17 04:00 PM,2018,9,17,16,20.2,68,Moderate,20.0,UG/M3,1 Hr,Valid
Embassy Kathmandu,PM2.5 - Principal,2018-09-17 05:00 PM,2018,9,17,17,19.1,66,Moderate,18.0,UG/M3,1 Hr,Valid
Embassy Kathmandu,PM2.5 - Principal,2018-09-17 06:00 PM,2018,9,17,18,20.5,69,Moderate,22.0,UG/M3,1 Hr,Valid
Embassy Kathmandu,PM2.5 - Principal,2018-09-17 07:00 PM,2018,9,17,19,21.2,70,Moderate,22.0,UG/M3,1 Hr,Valid
Embassy Kathmandu,PM2.5 - Principal,2018-09-17 08:00 PM,2018,9,17,20,21.1,70,Moderate,21.0,UG/M3,1 Hr,Valid
Embassy Kathmandu,PM2.5 - Principal,2018-09-17 09:00 PM,2018,9,17,21,18.0,63,Moderate,15.0,UG/M3,1 Hr,Valid
Embassy Kathmandu,PM2.5 - Principal,2018-09-17 10:00 PM,2018,9,17,22,17.0,61,Moderate,16.0,UG/M3,1 Hr,Valid
Embassy Kathmandu,PM2.5 - Principal,2018-09-17 11:00 PM,2018,9,17,23,21.5,71,Moderate,26.0,UG/M3,1 Hr,Valid
Embassy Kathmandu,PM2.5 - Principal,2018-09-18 12:00 AM,2018,9,18,0,18.7,65,Moderate,16.0,UG/M3,1 Hr,Valid
Embassy Kathmandu,PM2.5 - Principal,2018-09-18 01:00 AM,2018,9,18,1,17.2,62,Moderate,15.0,UG/M3,1 Hr,Valid
Embassy Kathmandu,PM2.5 - Principal,2018-09-18 02:00 AM,2018,9,18,2,13.4,54,Moderate,10.0,UG/M3,1 Hr,Valid
Embassy Kathmandu,PM2.5 - Principal,2018-09-18 03:00 AM,2018,9,18,3,12.7,52,Moderate,12.0,UG/M3,1 Hr,Valid
Embassy Kathmandu,PM2.5 - Principal,2018-09-18 04:00 AM,2018,9,18,4,9.8,41,Good,7.0,UG/M3,1 Hr,Valid
Embassy Kathmandu,PM2.5 - Principal,2018-09-18 05:00 AM,2018,9,18,5,13.4,54,Moderate,17.0,UG/M3,1 Hr,Valid
Embassy Kathmandu,PM2.5 - Principal,2018-09-18 06:00 AM,2018,9,18,6,15.7,59,Moderate,18.0,UG/M3,1 Hr,Valid
Embassy Kathmandu,PM2.5 - Principal,2018-09-18 07:00 AM,2018,9,18,7,16.8,61,Moderate,18.0,UG/M3,1 Hr,Valid
Embassy Kathmandu,PM2.5 - Principal,2018-09-18 08:00 AM,2018,9,18,8,18.4,64,Moderate,20.0,UG/M3,1 Hr,Valid
Embassy Kathmandu,PM2.5 - Principal,2018-09-18 09:00 AM,2018,9,18,9,21.7,71,Moderate,25.0,UG/M3,1 Hr,Valid
Embassy Kathmandu,PM2.5 - Principal,2018-09-18 10:00 AM,2018,9,18,10,23.3,75,Moderate,25.0,UG/M3,1 Hr,Valid
Embassy Kathmandu,PM2.5 - Principal,2018-09-18 11:00 AM,2018,9,18,11,26.1,80,Moderate,29.0,UG/M3,1 Hr,Valid
Embassy Kathmandu,PM2.5 - Principal,2018-09-18 12:00 PM,2018,9,18,12,27.0,82,Moderate,28.0,UG/M3,1 Hr,Valid
Embassy Kathmandu,PM2.5 - Principal,2018-09-18 01:00 PM,2018,9,18,13,25.0,78,Moderate,23.0,UG/M3,1 Hr,Valid
Embassy Kathmandu,PM2.5 - Principal,2018-09-18 02:00 PM,2018,9,18,14,18.0,63,Moderate,11.0,UG/M3,1 Hr,Valid
Embassy Kathmandu,PM2.5 - Principal,2018-09-18 03:00 PM,2018,9,18,15,13.5,54,Moderate,9.0,UG/M3,1 Hr,Valid
Embassy Kathmandu,PM2.5 - Principal,2018-09-18 04:00 PM,2018,9,18,16,14.2,55,Moderate,15.0,UG/M3,1 Hr,Valid
Embassy Kathmandu,PM2.5 - Principal,2018-09-18 05:00 PM,2018,9,18,17,18.1,64,Moderate,22.0,UG/M3,1 Hr,Valid
Embassy Kathmandu,PM2.5 - Principal,2018-09-18 06:00 PM,2018,9,18,18,17.0,61,Moderate,16.0,UG/M3,1 Hr,Valid
Embassy Kathmandu,PM2.5 - Principal,2018-09-18 07:00 PM,2018,9,18,19,18.5,64,Moderate,20.0,UG/M3,1 Hr,Valid
Embassy Kathmandu,PM2.5 - Principal,2018-09-18 08:00 PM,2018,9,18,20,17.7,63,Moderate,17.0,UG/M3,1 Hr,Valid
Embassy Kathmandu,PM2.5 - Principal,2018-09-18 09:00 PM,2018,9,18,21,17.3,62,Moderate,17.0,UG/M3,1 Hr,Valid
Embassy Kathmandu,PM2.5 - Principal,2018-09-18 10:00 PM,2018,9,18,22,18.6,65,Moderate,20.0,UG/M3,1 Hr,Valid
Embassy Kathmandu,PM2.5 - Principal,2018-09-18 11:00 PM,2018,9,18,23,16.8,61,Moderate,15.0,UG/M3,1 Hr,Valid
Embassy Kathmandu,PM2.5 - Principal,2018-09-19 12:00 AM,2018,9,19,0,15.9,59,Moderate,15.0,UG/M3,1 Hr,Valid
Embassy Kathmandu,PM2.5 - Principal,2018-09-19 01:00 AM,2018,9,19,1,13.9,55,Moderate,12.0,UG/M3,1 Hr,Valid
Embassy Kathmandu,PM2.5 - Principal,2018-09-19 02:00 AM,2018,9,19,2,14.4,56,Moderate,15.0,UG/M3,1 Hr,Valid
Embassy Kathmandu,PM2.5 - Principal,2018-09-19 03:00 AM,2018,9,19,3,14.3,56,Moderate,14.0,UG/M3,1 Hr,Valid
Embassy Kathmandu,PM2.5 - Principal,2018-09-19 04:00 AM,2018,9,19,4,13.2,53,Moderate,12.0,UG/M3,1 Hr,Valid
Embassy Kathmandu,PM2.5 - Principal,2018-09-19 05:00 AM,2018,9,19,5,19.5,67,Moderate,26.0,UG/M3,1 Hr,Valid
Embassy Kathmandu,PM2.5 - Principal,2018-09-19 06:00 AM,2018,9,19,6,22.2,72,Moderate,25.0,UG/M3,1 Hr,Valid
Embassy Kathmandu,PM2.5 - Principal,2018-09-19 07:00 AM,2018,9,19,7,28.6,86,Moderate,35.0,UG/M3,1 Hr,Valid
Embassy Kathmandu,PM2.5 - Principal,2018-09-19 08:00 AM,2018,9,19,8,31.8,92,Moderate,35.0,UG/M3,1 Hr,Valid
Embassy Kathmandu,PM2.5 - Principal,2018-09-19 09:00 AM,2018,9,19,9,28.4,85,Moderate,25.0,UG/M3,1 Hr,Valid
Embassy Kathmandu,PM2.5 - Principal,2018-09-19 10:00 AM,2018,9,19,10,25.7,80,Moderate,23.0,UG/M3,1 Hr,Valid
Embassy Kathmandu,PM2.5 - Principal,2018-09-19 11:00 AM,2018,9,19,11,23.8,76,Moderate,22.0,UG/M3,1 Hr,Valid
Embassy Kathmandu,PM2.5 - Principal,2018-09-19 12:00 PM,2018,9,19,12,21.4,71,Moderate,19.0,UG/M3,1 Hr,Valid
Embassy Kathmandu,PM2.5 - Principal,2018-09-19 01:00 PM,2018,9,19,13,22.7,73,Moderate,24.0,UG/M3,1 Hr,Valid
Embassy Kathmandu,PM2.5 - Principal,2018-09-19 02:00 PM,2018,9,19,14,23.3,75,Moderate,24.0,UG/M3,1 Hr,Valid
Embassy Kathmandu,PM2.5 - Principal,2018-09-19 03:00 PM,2018,9,19,15,20.6,69,Moderate,18.0,UG/M3,1 Hr,Valid
Embassy Kathmandu,PM2.5 - Principal,2018-09-19 04:00 PM,2018,9,19,16,18.3,64,Moderate,16.0,UG/M3,1 Hr,Valid
Embassy Kathmandu,PM2.5 - Principal,2018-09-19 05:00 PM,2018,9,19,17,20.1,68,Moderate,22.0,UG/M3,1 Hr,Valid
Embassy Kathmandu,PM2.5 - Principal,2018-09-19 06:00 PM,2018,9,19,18,19.5,67,Moderate,19.0,UG/M3,1 Hr,Valid
Embassy Kathmandu,PM2.5 - Principal,2018-09-19 07:00 PM,2018,9,19,19,19.2,66,Moderate,19.0,UG/M3,1 Hr,Valid
Embassy Kathmandu,PM2.5 - Principal,2018-09-19 08:00 PM,2018,9,19,20,16.9,61,Moderate,14.0,UG/M3,1 Hr,Valid
Embassy Kathmandu,PM2.5 - Principal,2018-09-19 09:00 PM,2018,9,19,21,19.5,67,Moderate,23.0,UG/M3,1 Hr,Valid
Embassy Kathmandu,PM2.5 - Principal,2018-09-19 10:00 PM,2018,9,19,22,21.9,72,Moderate,25.0,UG/M3,1 Hr,Valid
Embassy Kathmandu,PM2.5 - Principal,2018-09-19 11:00 PM,2018,9,19,23,19.3,66,Moderate,16.0,UG/M3,1 Hr,Valid
Embassy Kathmandu,PM2.5 - Principal,2018-09-20 12:00 AM,2018,9,20,0,18.3,64,Moderate,17.0,UG/M3,1 Hr,Valid
Embassy Kathmandu,PM2.5 - Principal,2018-09-20 01:00 AM,2018,9,20,1,18.6,65,Moderate,19.0,UG/M3,1 Hr,Valid
Embassy Kathmandu,PM2.5 - Principal,2018-09-20 02:00 AM,2018,9,20,2,18.7,65,Moderate,19.0,UG/M3,1 Hr,Valid
Embassy Kathmandu,PM2.5 - Principal,2018-09-20 03:00 AM,2018,9,20,3,16.6,60,Moderate,14.0,UG/M3,1 Hr,Valid
Embassy Kathmandu,PM2.5 - Principal,2018-09-20 04:00 AM,2018,9,20,4,16.8,61,Moderate,17.0,UG/M3,1 Hr,Valid
Embassy Kathmandu,PM2.5 - Principal,2018-09-20 05:00 AM,2018,9,20,5,18.2,64,Moderate,20.0,UG/M3,1 Hr,Valid
Embassy Kathmandu,PM2.5 - Principal,2018-09-20 06:00 AM,2018,9,20,6,20.3,68,Moderate,23.0,UG/M3,1 Hr,Valid
Embassy Kathmandu,PM2.5 - Principal,2018-09-20 07:00 AM,2018,9,20,7,23.6,75,Moderate,27.0,UG/M3,1 Hr,Valid
Embassy Kathmandu,PM2.5 - Principal,2018-09-20 08:00 AM,2018,9,20,8,28.9,86,Moderate,34.0,UG/M3,1 Hr,Valid
Embassy Kathmandu,PM2.5 - Principal,2018-09-20 09:00 AM,2018,9,20,9,31.9,93,Moderate,35.0,UG/M3,1 Hr,Valid
Embassy Kathmandu,PM2.5 - Principal,2018-09-20 10:00 AM,2018,9,20,10,29.4,87,Moderate,27.0,UG/M3,1 Hr,Valid
Embassy Kathmandu,PM2.5 - Principal,2018-09-20 11:00 AM,2018,9,20,11,23.7,75,Moderate,18.0,UG/M3,1 Hr,Valid
Embassy Kathmandu,PM2.5 - Principal,2018-09-20 12:00 PM,2018,9,20,12,22.3,72,Moderate,21.0,UG/M3,1 Hr,Valid
Embassy Kathmandu,PM2.5 - Principal,2018-09-20 01:00 PM,2018,9,20,13,21.6,71,Moderate,21.0,UG/M3,1 Hr,Valid
Embassy Kathmandu,PM2.5 - Principal,2018-09-20 02:00 PM,2018,9,20,14,21.3,70,Moderate,21.0,UG/M3,1 Hr,Valid
Embassy Kathmandu,PM2.5 - Principal,2018-09-20 03:00 PM,2018,9,20,15,22.1,72,Moderate,23.0,UG/M3,1 Hr,Valid
Embassy Kathmandu,PM2.5 - Principal,2018-09-20 04:00 PM,2018,9,20,16,22.5,73,Moderate,23.0,UG/M3,1 Hr,Valid
Embassy Kathmandu,PM2.5 - Principal,2018-09-20 05:00 PM,2018,9,20,17,21.8,71,Moderate,21.0,UG/M3,1 Hr,Valid
Embassy Kathmandu,PM2.5 - Principal,2018-09-20 06:00 PM,2018,9,20,18,22.8,74,Moderate,24.0,UG/M3,1 Hr,Valid
Embassy Kathmandu,PM2.5 - Principal,2018-09-20 07:00 PM,2018,9,20,19,25.8,80,Moderate,29.0,UG/M3,1 Hr,Valid
Embassy Kathmandu,PM2.5 - Principal,2018-09-20 08:00 PM,2018,9,20,20,29.3,87,Moderate,33.0,UG/M3,1 Hr,Valid
Embassy Kathmandu,PM2.5 - Principal,2018-09-20 09:00 PM,2018,9,20,21,22.7,73,Moderate,16.0,UG/M3,1 Hr,Valid
Embassy Kathmandu,PM2.5 - Principal,2018-09-20 10:00 PM,2018,9,20,22,19.8,67,Moderate,17.0,UG/M3,1 Hr,Valid
Embassy Kathmandu,PM2.5 - Principal,2018-09-20 11:00 PM,2018,9,20,23,15.9,59,Moderate,12.0,UG/M3,1 Hr,Valid
Embassy Kathmandu,PM2.5 - Principal,2018-09-21 12:00 AM,2018,9,21,0,14.4,56,Moderate,13.0,UG/M3,1 Hr,Valid
Embassy Kathmandu,PM2.5 - Principal,2018-09-21 01:00 AM,2018,9,21,1,12.2,51,Moderate,10.0,UG/M3,1 Hr,Valid
Embassy Kathmandu,PM2.5 - Principal,2018-09-21 02:00 AM,2018,9,21,2,10.6,44,Good,9.0,UG/M3,1 Hr,Valid
Embassy Kathmandu,PM2.5 - Principal,2018-09-21 03:00 AM,2018,9,21,3,8.8,37,Good,7.0,UG/M3,1 Hr,Valid
Embassy Kathmandu,PM2.5 - Principal,2018-09-21 04:00 AM,2018,9,21,4,7.4,31,Good,6.0,UG/M3,1 Hr,Valid
Embassy Kathmandu,PM2.5 - Principal,2018-09-21 05:00 AM,2018,9,21,5,6.1,25,Good,5.0,UG/M3,1 Hr,Valid
Embassy Kathmandu,PM2.5 - Principal,2018-09-21 06:00 AM,2018,9,21,6,8.0,33,Good,10.0,UG/M3,1 Hr,Valid
Embassy Kathmandu,PM2.5 - Principal,2018-09-21 07:00 AM,2018,9,21,7,13.0,53,Moderate,18.0,UG/M3,1 Hr,Valid
Embassy Kathmandu,PM2.5 - Principal,2018-09-21 08:00 AM,2018,9,21,8,12.5,52,Moderate,12.0,UG/M3,1 Hr,Valid
Embassy Kathmandu,PM2.5 - Principal,2018-09-21 09:00 AM,2018,9,21,9,12.5,52,Moderate,-999.0,UG/M3,1 Hr,Missing
Embassy Kathmandu,PM2.5 - Principal,2018-09-21 10:00 AM,2018,9,21,10,13.5,54,Moderate,14.0,UG/M3,1 Hr,Valid
Embassy Kathmandu,PM2.5 - Principal,2018-09-21 11:00 AM,2018,9,21,11,14.9,57,Moderate,16.0,UG/M3,1 Hr,Valid
Embassy Kathmandu,PM2.5 - Principal,2018-09-21 12:00 PM,2018,9,21,12,16.5,60,Moderate,18.0,UG/M3,1 Hr,Valid
Embassy Kathmandu,PM2.5 - Principal,2018-09-21 01:00 PM,2018,9,21,13,15.7,59,Moderate,15.0,UG/M3,1 Hr,Valid
Embassy Kathmandu,PM2.5 - Principal,2018-09-21 02:00 PM,2018,9,21,14,9.2,38,Good,3.0,UG/M3,1 Hr,Valid
Embassy Kathmandu,PM2.5 - Principal,2018-09-21 03:00 PM,2018,9,21,15,7.1,30,Good,5.0,UG/M3,1 Hr,Valid
Embassy Kathmandu,PM2.5 - Principal,2018-09-21 04:00 PM,2018,9,21,16,6.0,25,Good,5.0,UG/M3,1 Hr,Valid
Embassy Kathmandu,PM2.5 - Principal,2018-09-21 05:00 PM,2018,9,21,17,9.5,40,Good,13.0,UG/M3,1 Hr,Valid
Embassy Kathmandu,PM2.5 - Principal,2018-09-21 06:00 PM,2018,9,21,18,13.7,54,Moderate,18.0,UG/M3,1 Hr,Valid
Embassy Kathmandu,PM2.5 - Principal,2018-09-21 07:00 PM,2018,9,21,19,19.3,66,Moderate,25.0,UG/M3,1 Hr,Valid
Embassy Kathmandu,PM2.5 - Principal,2018-09-21 08:00 PM,2018,9,21,20,23.1,74,Moderate,27.0,UG/M3,1 Hr,Valid
Embassy Kathmandu,PM2.5 - Principal,2018-09-21 09:00 PM,2018,9,21,21,25.0,78,Moderate,27.0,UG/M3,1 Hr,Valid
Embassy Kathmandu,PM2.5 - Principal,2018-09-21 10:00 PM,2018,9,21,22,21.0,70,Moderate,17.0,UG/M3,1 Hr,Valid
Embassy Kathmandu,PM2.5 - Principal,2018-09-21 11:00 PM,2018,9,21,23,13.0,53,Moderate,5.0,UG/M3,1 Hr,Valid
Embassy Kathmandu,PM2.5 - Principal,2018-09-22 12:00 AM,2018,9,22,0,11.0,46,Good,9.0,UG/M3,1 Hr,Valid
Embassy Kathmandu,PM2.5 - Principal,2018-09-22 01:00 AM,2018,9,22,1,12.0,50,Good,13.0,UG/M3,1 Hr,Valid
Embassy Kathmandu,PM2.5 - Principal,2018-09-22 02:00 AM,2018,9,22,2,11.5,48,Good,11.0,UG/M3,1 Hr,Valid
Embassy Kathmandu,PM2.5 - Principal,2018-09-22 03:00 AM,2018,9,22,3,9.2,38,Good,7.0,UG/M3,1 Hr,Valid
Embassy Kathmandu,PM2.5 - Principal,2018-09-22 04:00 AM,2018,9,22,4,7.1,30,Good,5.0,UG/M3,1 Hr,Valid
Embassy Kathmandu,PM2.5 - Principal,2018-09-22 05:00 AM,2018,9,22,5,6.0,25,Good,5.0,UG/M3,1 Hr,Valid
Embassy Kathmandu,PM2.5 - Principal,2018-09-22 06:00 AM,2018,9,22,6,7.5,31,Good,9.0,UG/M3,1 Hr,Valid
Embassy Kathmandu,PM2.5 - Principal,2018-09-22 07:00 AM,2018,9,22,7,11.7,49,Good,16.0,UG/M3,1 Hr,Valid
Embassy Kathmandu,PM2.5 - Principal,2018-09-22 08:00 AM,2018,9,22,8,16.8,61,Moderate,22.0,UG/M3,1 Hr,Valid
Embassy Kathmandu,PM2.5 - Principal,2018-09-22 09:00 AM,2018,9,22,9,14.9,57,Moderate,13.0,UG/M3,1 Hr,Valid
Embassy Kathmandu,PM2.5 - Principal,2018-09-22 10:00 AM,2018,9,22,10,15.4,58,Moderate,16.0,UG/M3,1 Hr,Valid
Embassy Kathmandu,PM2.5 - Principal,2018-09-22 11:00 AM,2018,9,22,11,11.7,49,Good,8.0,UG/M3,1 Hr,Valid
Embassy Kathmandu,PM2.5 - Principal,2018-09-22 12:00 PM,2018,9,22,12,10.3,43,Good,9.0,UG/M3,1 Hr,Valid
Embassy Kathmandu,PM2.5 - Principal,2018-09-22 01:00 PM,2018,9,22,13,10.1,42,Good,10.0,UG/M3,1 Hr,Valid
Embassy Kathmandu,PM2.5 - Principal,2018-09-22 02:00 PM,2018,9,22,14,10.5,44,Good,11.0,UG/M3,1 Hr,Valid
Embassy Kathmandu,PM2.5 - Principal,2018-09-22 03:00 PM,2018,9,22,15,8.2,34,Good,6.0,UG/M3,1 Hr,Valid
Embassy Kathmandu,PM2.5 - Principal,2018-09-22 04:00 PM,2018,9,22,16,10.1,42,Good,12.0,UG/M3,1 Hr,Valid
Embassy Kathmandu,PM2.5 - Principal,2018-09-22 05:00 PM,2018,9,22,17,10.0,42,Good,10.0,UG/M3,1 Hr,Valid
Embassy Kathmandu,PM2.5 - Principal,2018-09-22 06:00 PM,2018,9,22,18,14.5,56,Moderate,19.0,UG/M3,1 Hr,Valid
Embassy Kathmandu,PM2.5 - Principal,2018-09-22 07:00 PM,2018,9,22,19,17.2,62,Moderate,20.0,UG/M3,1 Hr,Valid
Embassy Kathmandu,PM2.5 - Principal,2018-09-22 08:00 PM,2018,9,22,20,16.1,59,Moderate,15.0,UG/M3,1 Hr,Valid
Embassy Kathmandu,PM2.5 - Principal,2018-09-22 09:00 PM,2018,9,22,21,14.0,55,Moderate,12.0,UG/M3,1 Hr,Valid
Embassy Kathmandu,PM2.5 - Principal,2018-09-22 10:00 PM,2018,9,22,22,14.0,55,Moderate,14.0,UG/M3,1 Hr,Valid
Embassy Kathmandu,PM2.5 - Principal,2018-09-22 11:00 PM,2018,9,22,23,12.5,52,Moderate,11.0,UG/M3,1 Hr,Valid
Embassy Kathmandu,PM2.5 - Principal,2018-09-23 12:00 AM,2018,9,23,0,13.7,54,Moderate,15.0,UG/M3,1 Hr,Valid
Embassy Kathmandu,PM2.5 - Principal,2018-09-23 01:00 AM,2018,9,23,1,12.8,52,Moderate,12.0,UG/M3,1 Hr,Valid
Embassy Kathmandu,PM2.5 - Principal,2018-09-23 02:00 AM,2018,9,23,2,11.9,50,Good,11.0,UG/M3,1 Hr,Valid
Embassy Kathmandu,PM2.5 - Principal,2018-09-23 03:00 AM,2018,9,23,3,10.9,45,Good,10.0,UG/M3,1 Hr,Valid
Embassy Kathmandu,PM2.5 - Principal,2018-09-23 04:00 AM,2018,9,23,4,10.9,45,Good,11.0,UG/M3,1 Hr,Valid
Embassy Kathmandu,PM2.5 - Principal,2018-09-23 05:00 AM,2018,9,23,5,12.4,52,Moderate,14.0,UG/M3,1 Hr,Valid
Embassy Kathmandu,PM2.5 - Principal,2018-09-23 06:00 AM,2018,9,23,6,14.2,55,Moderate,16.0,UG/M3,1 Hr,Valid
Embassy Kathmandu,PM2.5 - Principal,2018-09-23 07:00 AM,2018,9,23,7,17.6,63,Moderate,21.0,UG/M3,1 Hr,Valid
Embassy Kathmandu,PM2.5 - Principal,2018-09-23 08:00 AM,2018,9,23,8,20.8,69,Moderate,24.0,UG/M3,1 Hr,Valid
Embassy Kathmandu,PM2.5 - Principal,2018-09-23 09:00 AM,2018,9,23,9,22.9,74,Moderate,25.0,UG/M3,1 Hr,Valid
Embassy Kathmandu,PM2.5 - Principal,2018-09-23 10:00 AM,2018,9,23,10,21.4,71,Moderate,20.0,UG/M3,1 Hr,Valid
Embassy Kathmandu,PM2.5 - Principal,2018-09-23 11:00 AM,2018,9,23,11,23.2,74,Moderate,25.0,UG/M3,1 Hr,Valid
Embassy Kathmandu,PM2.5 - Principal,2018-09-23 12:00 PM,2018,9,23,12,17.6,63,Moderate,12.0,UG/M3,1 Hr,Valid
Embassy Kathmandu,PM2.5 - Principal,2018-09-23 01:00 PM,2018,9,23,13,12.8,52,Moderate,8.0,UG/M3,1 Hr,Valid
Embassy Kathmandu,PM2.5 - Principal,2018-09-23 02:00 PM,2018,9,23,14,12.9,53,Moderate,13.0,UG/M3,1 Hr,Valid
Embassy Kathmandu,PM2.5 - Principal,2018-09-23 03:00 PM,2018,9,23,15,10.9,45,Good,9.0,UG/M3,1 Hr,Valid
Embassy Kathmandu,PM2.5 - Principal,2018-09-23 04:00 PM,2018,9,23,16,9.4,39,Good,8.0,UG/M3,1 Hr,Valid
Embassy Kathmandu,PM2.5 - Principal,2018-09-23 05:00 PM,2018,9,23,17,10.2,43,Good,11.0,UG/M3,1 Hr,Valid
Embassy Kathmandu,PM2.5 - Principal,2018-09-23 06:00 PM,2018,9,23,18,10.6,44,Good,11.0,UG/M3,1 Hr,Valid
Embassy Kathmandu,PM2.5 - Principal,2018-09-23 07:00 PM,2018,9,23,19,15.3,58,Moderate,20.0,UG/M3,1 Hr,Valid
Embassy Kathmandu,PM2.5 - Principal,2018-09-23 08:00 PM,2018,9,23,20,15.1,57,Moderate,15.0,UG/M3,1 Hr,Valid
Embassy Kathmandu,PM2.5 - Principal,2018-09-23 09:00 PM,2018,9,23,21,15.5,58,Moderate,16.0,UG/M3,1 Hr,Valid
Embassy Kathmandu,PM2.5 - Principal,2018-09-23 10:00 PM,2018,9,23,22,13.7,54,Moderate,12.0,UG/M3,1 Hr,Valid
Embassy Kathmandu,PM2.5 - Principal,2018-09-23 11:00 PM,2018,9,23,23,11.8,49,Good,10.0,UG/M3,1 Hr,Valid
Embassy Kathmandu,PM2.5 - Principal,2018-09-24 12:00 AM,2018,9,24,0,9.9,41,Good,8.0,UG/M3,1 Hr,Valid
Embassy Kathmandu,PM2.5 - Principal,2018-09-24 01:00 AM,2018,9,24,1,13.4,54,Moderate,17.0,UG/M3,1 Hr,Valid
Embassy Kathmandu,PM2.5 - Principal,2018-09-24 02:00 AM,2018,9,24,2,15.7,59,Moderate,18.0,UG/M3,1 Hr,Valid
Embassy Kathmandu,PM2.5 - Principal,2018-09-24 03:00 AM,2018,9,24,3,15.8,59,Moderate,16.0,UG/M3,1 Hr,Valid
Embassy Kathmandu,PM2.5 - Principal,2018-09-24 04:00 AM,2018,9,24,4,14.4,56,Moderate,13.0,UG/M3,1 Hr,Valid
Embassy Kathmandu,PM2.5 - Principal,2018-09-24 05:00 AM,2018,9,24,5,15.2,58,Moderate,16.0,UG/M3,1 Hr,Valid
Embassy Kathmandu,PM2.5 - Principal,2018-09-24 06:00 AM,2018,9,24,6,16.6,60,Moderate,18.0,UG/M3,1 Hr,Valid
Embassy Kathmandu,PM2.5 - Principal,2018-09-24 07:00 AM,2018,9,24,7,20.3,68,Moderate,24.0,UG/M3,1 Hr,Valid
Embassy Kathmandu,PM2.5 - Principal,2018-09-24 08:00 AM,2018,9,24,8,26.6,81,Moderate,33.0,UG/M3,1 Hr,Valid
Embassy Kathmandu,PM2.5 - Principal,2018-09-24 09:00 AM,2018,9,24,9,32.8,95,Moderate,39.0,UG/M3,1 Hr,Valid
Embassy Kathmandu,PM2.5 - Principal,2018-09-24 10:00 AM,2018,9,24,10,34.4,98,Moderate,36.0,UG/M3,1 Hr,Valid
Embassy Kathmandu,PM2.5 - Principal,2018-09-24 11:00 AM,2018,9,24,11,22.7,73,Moderate,11.0,UG/M3,1 Hr,Valid
Embassy Kathmandu,PM2.5 - Principal,2018-09-24 12:00 PM,2018,9,24,12,20.3,68,Moderate,18.0,UG/M3,1 Hr,Valid
Embassy Kathmandu,PM2.5 - Principal,2018-09-24 01:00 PM,2018,9,24,13,16.1,59,Moderate,12.0,UG/M3,1 Hr,Valid
Embassy Kathmandu,PM2.5 - Principal,2018-09-24 02:00 PM,2018,9,24,14,16.0,59,Moderate,16.0,UG/M3,1 Hr,Valid
Embassy Kathmandu,PM2.5 - Principal,2018-09-24 03:00 PM,2018,9,24,15,14.5,56,Moderate,13.0,UG/M3,1 Hr,Valid
Embassy Kathmandu,PM2.5 - Principal,2018-09-24 04:00 PM,2018,9,24,16,13.7,54,Moderate,13.0,UG/M3,1 Hr,Valid
Embassy Kathmandu,PM2.5 - Principal,2018-09-24 05:00 PM,2018,9,24,17,14.8,57,Moderate,16.0,UG/M3,1 Hr,Valid
Embassy Kathmandu,PM2.5 - Principal,2018-09-24 06:00 PM,2018,9,24,18,16.9,61,Moderate,19.0,UG/M3,1 Hr,Valid
Embassy Kathmandu,PM2.5 - Principal,2018-09-24 07:00 PM,2018,9,24,19,21.4,71,Moderate,26.0,UG/M3,1 Hr,Valid
Embassy Kathmandu,PM2.5 - Principal,2018-09-24 08:00 PM,2018,9,24,20,23.2,74,Moderate,25.0,UG/M3,1 Hr,Valid
Embassy Kathmandu,PM2.5 - Principal,2018-09-24 09:00 PM,2018,9,24,21,22.6,73,Moderate,22.0,UG/M3,1 Hr,Valid
Embassy Kathmandu,PM2.5 - Principal,2018-09-24 10:00 PM,2018,9,24,22,23.3,75,Moderate,24.0,UG/M3,1 Hr,Valid
Embassy Kathmandu,PM2.5 - Principal,2018-09-24 11:00 PM,2018,9,24,23,24.1,76,Moderate,25.0,UG/M3,1 Hr,Valid
Embassy Kathmandu,PM2.5 - Principal,2018-09-25 12:00 AM,2018,9,25,0,26.0,80,Moderate,28.0,UG/M3,1 Hr,Valid
Embassy Kathmandu,PM2.5 - Principal,2018-09-25 01:00 AM,2018,9,25,1,25.5,79,Moderate,25.0,UG/M3,1 Hr,Valid
Embassy Kathmandu,PM2.5 - Principal,2018-09-25 02:00 AM,2018,9,25,2,24.2,76,Moderate,23.0,UG/M3,1 Hr,Valid
Embassy Kathmandu,PM2.5 - Principal,2018-09-25 03:00 AM,2018,9,25,3,23.1,74,Moderate,22.0,UG/M3,1 Hr,Valid
Embassy Kathmandu,PM2.5 - Principal,2018-09-25 04:00 AM,2018,9,25,4,23.2,74,Moderate,23.0,UG/M3,1 Hr,Valid
Embassy Kathmandu,PM2.5 - Principal,2018-09-25 05:00 AM,2018,9,25,5,23.6,75,Moderate,24.0,UG/M3,1 Hr,Valid
Embassy Kathmandu,PM2.5 - Principal,2018-09-25 06:00 AM,2018,9,25,6,23.6,75,Moderate,23.0,UG/M3,1 Hr,Valid
Embassy Kathmandu,PM2.5 - Principal,2018-09-25 07:00 AM,2018,9,25,7,34.6,98,Moderate,46.0,UG/M3,1 Hr,Valid
Embassy Kathmandu,PM2.5 - Principal,2018-09-25 08:00 AM,2018,9,25,8,35.8,102,Unhealthy for Sensitive Groups,37.0,UG/M3,1 Hr,Valid
Embassy Kathmandu,PM2.5 - Principal,2018-09-25 09:00 AM,2018,9,25,9,41.9,117,Unhealthy for Sensitive Groups,48.0,UG/M3,1 Hr,Valid
Embassy Kathmandu,PM2.5 - Principal,2018-09-25 10:00 AM,2018,9,25,10,46.4,128,Unhealthy for Sensitive Groups,51.0,UG/M3,1 Hr,Valid
Embassy Kathmandu,PM2.5 - Principal,2018-09-25 11:00 AM,2018,9,25,11,33.7,96,Moderate,21.0,UG/M3,1 Hr,Valid
Embassy Kathmandu,PM2.5 - Principal,2018-09-25 12:00 PM,2018,9,25,12,27.3,83,Moderate,21.0,UG/M3,1 Hr,Valid
Embassy Kathmandu,PM2.5 - Principal,2018-09-25 01:00 PM,2018,9,25,13,24.6,77,Moderate,22.0,UG/M3,1 Hr,Valid
Embassy Kathmandu,PM2.5 - Principal,2018-09-25 02:00 PM,2018,9,25,14,22.3,72,Moderate,20.0,UG/M3,1 Hr,Valid
Embassy Kathmandu,PM2.5 - Principal,2018-09-25 03:00 PM,2018,9,25,15,21.1,70,Moderate,20.0,UG/M3,1 Hr,Valid
Embassy Kathmandu,PM2.5 - Principal,2018-09-25 04:00 PM,2018,9,25,16,21.0,70,Moderate,21.0,UG/M3,1 Hr,Valid
Embassy Kathmandu,PM2.5 - Principal,2018-09-25 05:00 PM,2018,9,25,17,23.5,75,Moderate,26.0,UG/M3,1 Hr,Valid
Embassy Kathmandu,PM2.5 - Principal,2018-09-25 06:00 PM,2018,9,25,18,23.7,75,Moderate,24.0,UG/M3,1 Hr,Valid
Embassy Kathmandu,PM2.5 - Principal,2018-09-25 07:00 PM,2018,9,25,19,24.8,78,Moderate,26.0,UG/M3,1 Hr,Valid
Embassy Kathmandu,PM2.5 - Principal,2018-09-25 08:00 PM,2018,9,25,20,25.4,79,Moderate,26.0,UG/M3,1 Hr,Valid
Embassy Kathmandu,PM2.5 - Principal,2018-09-25 09:00 PM,2018,9,25,21,25.2,79,Moderate,25.0,UG/M3,1 Hr,Valid
Embassy Kathmandu,PM2.5 - Principal,2018-09-25 10:00 PM,2018,9,25,22,23.7,75,Moderate,22.0,UG/M3,1 Hr,Valid
Embassy Kathmandu,PM2.5 - Principal,2018-09-25 11:00 PM,2018,9,25,23,23.6,75,Moderate,23.0,UG/M3,1 Hr,Valid
Embassy Kathmandu,PM2.5 - Principal,2018-09-26 12:00 AM,2018,9,26,0,23.2,74,Moderate,22.0,UG/M3,1 Hr,Valid
Embassy Kathmandu,PM2.5 - Principal,2018-09-26 01:00 AM,2018,9,26,1,23.9,76,Moderate,26.0,UG/M3,1 Hr,Valid
Embassy Kathmandu,PM2.5 - Principal,2018-09-26 02:00 AM,2018,9,26,2,22.1,72,Moderate,18.0,UG/M3,1 Hr,Valid
Embassy Kathmandu,PM2.5 - Principal,2018-09-26 03:00 AM,2018,9,26,3,21.4,71,Moderate,20.0,UG/M3,1 Hr,Valid
Embassy Kathmandu,PM2.5 - Principal,2018-09-26 04:00 AM,2018,9,26,4,21.9,72,Moderate,23.0,UG/M3,1 Hr,Valid
Embassy Kathmandu,PM2.5 - Principal,2018-09-26 05:00 AM,2018,9,26,5,21.9,72,Moderate,22.0,UG/M3,1 Hr,Valid
Embassy Kathmandu,PM2.5 - Principal,2018-09-26 06:00 AM,2018,9,26,6,23.2,74,Moderate,26.0,UG/M3,1 Hr,Valid
Embassy Kathmandu,PM2.5 - Principal,2018-09-26 07:00 AM,2018,9,26,7,29.2,87,Moderate,35.0,UG/M3,1 Hr,Valid
Embassy Kathmandu,PM2.5 - Principal,2018-09-26 08:00 AM,2018,9,26,8,30.6,90,Moderate,32.0,UG/M3,1 Hr,Valid
Embassy Kathmandu,PM2.5 - Principal,2018-09-26 09:00 AM,2018,9,26,9,35.3,100,Moderate,40.0,UG/M3,1 Hr,Valid
Embassy Kathmandu,PM2.5 - Principal,2018-09-26 10:00 AM,2018,9,26,10,33.1,95,Moderate,31.0,UG/M3,1 Hr,Valid
Embassy Kathmandu,PM2.5 - Principal,2018-09-26 11:00 AM,2018,9,26,11,28.0,84,Moderate,23.0,UG/M3,1 Hr,Valid
Embassy Kathmandu,PM2.5 - Principal,2018-09-26 12:00 PM,2018,9,26,12,24.5,77,Moderate,21.0,UG/M3,1 Hr,Valid
Embassy Kathmandu,PM2.5 - Principal,2018-09-26 01:00 PM,2018,9,26,13,26.2,81,Moderate,28.0,UG/M3,1 Hr,Valid
Embassy Kathmandu,PM2.5 - Principal,2018-09-26 02:00 PM,2018,9,26,14,29.6,88,Moderate,33.0,UG/M3,1 Hr,Valid
Embassy Kathmandu,PM2.5 - Principal,2018-09-26 03:00 PM,2018,9,26,15,27.8,84,Moderate,26.0,UG/M3,1 Hr,Valid
Embassy Kathmandu,PM2.5 - Principal,2018-09-26 04:00 PM,2018,9,26,16,24.5,77,Moderate,21.0,UG/M3,1 Hr,Valid
Embassy Kathmandu,PM2.5 - Principal,2018-09-26 05:00 PM,2018,9,26,17,23.8,76,Moderate,23.0,UG/M3,1 Hr,Valid
Embassy Kathmandu,PM2.5 - Principal,2018-09-26 06:00 PM,2018,9,26,18,24.3,77,Moderate,25.0,UG/M3,1 Hr,Valid
Embassy Kathmandu,PM2.5 - Principal,2018-09-26 07:00 PM,2018,9,26,19,25.6,79,Moderate,27.0,UG/M3,1 Hr,Valid
Embassy Kathmandu,PM2.5 - Principal,2018-09-26 08:00 PM,2018,9,26,20,24.3,77,Moderate,23.0,UG/M3,1 Hr,Valid
Embassy Kathmandu,PM2.5 - Principal,2018-09-26 09:00 PM,2018,9,26,21,20.1,68,Moderate,16.0,UG/M3,1 Hr,Valid
Embassy Kathmandu,PM2.5 - Principal,2018-09-26 10:00 PM,2018,9,26,22,20.1,68,Moderate,17.0,UG/M3,1 Hr,Invalid
Embassy Kathmandu,PM2.5 - Principal,2018-09-26 11:00 PM,2018,9,26,23,-999.0,-999,,17.0,UG/M3,1 Hr,Invalid
Embassy Kathmandu,PM2.5 - Principal,2018-09-27 12:00 AM,2018,9,27,0,-999.0,-999,,17.0,UG/M3,1 Hr,Invalid
Embassy Kathmandu,PM2.5 - Principal,2018-09-27 01:00 AM,2018,9,27,1,-999.0,-999,,17.0,UG/M3,1 Hr,Invalid
Embassy Kathmandu,PM2.5 - Principal,2018-09-27 02:00 AM,2018,9,27,2,-999.0,-999,,22.0,UG/M3,1 Hr,Valid
Embassy Kathmandu,PM2.5 - Principal,2018-09-27 03:00 AM,2018,9,27,3,20.1,68,Moderate,19.0,UG/M3,1 Hr,Valid
Embassy Kathmandu,PM2.5 - Principal,2018-09-27 04:00 AM,2018,9,27,4,19.5,67,Moderate,19.0,UG/M3,1 Hr,Valid
Embassy Kathmandu,PM2.5 - Principal,2018-09-27 05:00 AM,2018,9,27,5,21.5,71,Moderate,24.0,UG/M3,1 Hr,Valid
Embassy Kathmandu,PM2.5 - Principal,2018-09-27 06:00 AM,2018,9,27,6,21.7,71,Moderate,22.0,UG/M3,1 Hr,Valid
Embassy Kathmandu,PM2.5 - Principal,2018-09-27 07:00 AM,2018,9,27,7,23.4,75,Moderate,26.0,UG/M3,1 Hr,Valid
Embassy Kathmandu,PM2.5 - Principal,2018-09-27 08:00 AM,2018,9,27,8,29.0,87,Moderate,34.0,UG/M3,1 Hr,Valid
Embassy Kathmandu,PM2.5 - Principal,2018-09-27 09:00 AM,2018,9,27,9,33.5,96,Moderate,38.0,UG/M3,1 Hr,Valid
Embassy Kathmandu,PM2.5 - Principal,2018-09-27 10:00 AM,2018,9,27,10,32.7,94,Moderate,32.0,UG/M3,1 Hr,Valid
Embassy Kathmandu,PM2.5 - Principal,2018-09-27 11:00 AM,2018,9,27,11,35.3,100,Moderate,38.0,UG/M3,1 Hr,Valid
Embassy Kathmandu,PM2.5 - Principal,2018-09-27 12:00 PM,2018,9,27,12,32.6,94,Moderate,30.0,UG/M3,1 Hr,Valid
Embassy Kathmandu,PM2.5 - Principal,2018-09-27 01:00 PM,2018,9,27,13,29.8,88,Moderate,27.0,UG/M3,1 Hr,Valid
Embassy Kathmandu,PM2.5 - Principal,2018-09-27 02:00 PM,2018,9,27,14,26.4,81,Moderate,23.0,UG/M3,1 Hr,Valid
Embassy Kathmandu,PM2.5 - Principal,2018-09-27 03:00 PM,2018,9,27,15,20.2,68,Moderate,14.0,UG/M3,1 Hr,Valid
Embassy Kathmandu,PM2.5 - Principal,2018-09-27 04:00 PM,2018,9,27,16,23.6,75,Moderate,27.0,UG/M3,1 Hr,Valid
Embassy Kathmandu,PM2.5 - Principal,2018-09-27 05:00 PM,2018,9,27,17,21.8,71,Moderate,20.0,UG/M3,1 Hr,Valid
Embassy Kathmandu,PM2.5 - Principal,2018-09-27 06:00 PM,2018,9,27,18,20.4,68,Moderate,19.0,UG/M3,1 Hr,Valid
Embassy Kathmandu,PM2.5 - Principal,2018-09-27 07:00 PM,2018,9,27,19,21.2,70,Moderate,22.0,UG/M3,1 Hr,Valid
Embassy Kathmandu,PM2.5 - Principal,2018-09-27 08:00 PM,2018,9,27,20,19.5,67,Moderate,18.0,UG/M3,1 Hr,Valid
Embassy Kathmandu,PM2.5 - Principal,2018-09-27 09:00 PM,2018,9,27,21,17.7,63,Moderate,16.0,UG/M3,1 Hr,Valid
Embassy Kathmandu,PM2.5 - Principal,2018-09-27 10:00 PM,2018,9,27,22,16.8,61,Moderate,16.0,UG/M3,1 Hr,Valid
Embassy Kathmandu,PM2.5 - Principal,2018-09-27 11:00 PM,2018,9,27,23,14.4,56,Moderate,12.0,UG/M3,1 Hr,Valid
Embassy Kathmandu,PM2.5 - Principal,2018-09-28 12:00 AM,2018,9,28,0,15.7,59,Moderate,17.0,UG/M3,1 Hr,Valid
Embassy Kathmandu,PM2.5 - Principal,2018-09-28 01:00 AM,2018,9,28,1,17.3,62,Moderate,19.0,UG/M3,1 Hr,Valid
Embassy Kathmandu,PM2.5 - Principal,2018-09-28 02:00 AM,2018,9,28,2,15.6,58,Moderate,14.0,UG/M3,1 Hr,Valid
Embassy Kathmandu,PM2.5 - Principal,2018-09-28 03:00 AM,2018,9,28,3,15.8,59,Moderate,16.0,UG/M3,1 Hr,Valid
Embassy Kathmandu,PM2.5 - Principal,2018-09-28 04:00 AM,2018,9,28,4,15.0,57,Moderate,14.0,UG/M3,1 Hr,Valid
Embassy Kathmandu,PM2.5 - Principal,2018-09-28 05:00 AM,2018,9,28,5,12.4,52,Moderate,10.0,UG/M3,1 Hr,Valid
Embassy Kathmandu,PM2.5 - Principal,2018-09-28 06:00 AM,2018,9,28,6,14.2,55,Moderate,16.0,UG/M3,1 Hr,Valid
Embassy Kathmandu,PM2.5 - Principal,2018-09-28 07:00 AM,2018,9,28,7,19.1,66,Moderate,24.0,UG/M3,1 Hr,Valid
Embassy Kathmandu,PM2.5 - Principal,2018-09-28 08:00 AM,2018,9,28,8,25.5,79,Moderate,32.0,UG/M3,1 Hr,Valid
Embassy Kathmandu,PM2.5 - Principal,2018-09-28 09:00 AM,2018,9,28,9,31.7,92,Moderate,38.0,UG/M3,1 Hr,Valid
Embassy Kathmandu,PM2.5 - Principal,2018-09-28 10:00 AM,2018,9,28,10,37.3,105,Unhealthy for Sensitive Groups,43.0,UG/M3,1 Hr,Valid
Embassy Kathmandu,PM2.5 - Principal,2018-09-28 11:00 AM,2018,9,28,11,36.2,103,Unhealthy for Sensitive Groups,35.0,UG/M3,1 Hr,Valid
Embassy Kathmandu,PM2.5 - Principal,2018-09-28 12:00 PM,2018,9,28,12,35.1,99,Moderate,34.0,UG/M3,1 Hr,Valid
Embassy Kathmandu,PM2.5 - Principal,2018-09-28 01:00 PM,2018,9,28,13,29.5,88,Moderate,24.0,UG/M3,1 Hr,Valid
Embassy Kathmandu,PM2.5 - Principal,2018-09-28 02:00 PM,2018,9,28,14,22.7,73,Moderate,16.0,UG/M3,1 Hr,Valid
Embassy Kathmandu,PM2.5 - Principal,2018-09-28 03:00 PM,2018,9,28,15,18.3,64,Moderate,14.0,UG/M3,1 Hr,Valid
Embassy Kathmandu,PM2.5 - Principal,2018-09-28 04:00 PM,2018,9,28,16,18.6,65,Moderate,19.0,UG/M3,1 Hr,Valid
Embassy Kathmandu,PM2.5 - Principal,2018-09-28 05:00 PM,2018,9,28,17,20.3,68,Moderate,22.0,UG/M3,1 Hr,Valid
Embassy Kathmandu,PM2.5 - Principal,2018-09-28 06:00 PM,2018,9,28,18,19.6,67,Moderate,19.0,UG/M3,1 Hr,Valid
Embassy Kathmandu,PM2.5 - Principal,2018-09-28 07:00 PM,2018,9,28,19,20.8,69,Moderate,22.0,UG/M3,1 Hr,Valid
Embassy Kathmandu,PM2.5 - Principal,2018-09-28 08:00 PM,2018,9,28,20,22.4,73,Moderate,24.0,UG/M3,1 Hr,Valid
Embassy Kathmandu,PM2.5 - Principal,2018-09-28 09:00 PM,2018,9,28,21,23.2,74,Moderate,24.0,UG/M3,1 Hr,Valid
Embassy Kathmandu,PM2.5 - Principal,2018-09-28 10:00 PM,2018,9,28,22,22.1,72,Moderate,21.0,UG/M3,1 Hr,Valid
Embassy Kathmandu,PM2.5 - Principal,2018-09-28 11:00 PM,2018,9,28,23,22.5,73,Moderate,23.0,UG/M3,1 Hr,Valid
Embassy Kathmandu,PM2.5 - Principal,2018-09-29 12:00 AM,2018,9,29,0,21.0,70,Moderate,19.0,UG/M3,1 Hr,Valid
Embassy Kathmandu,PM2.5 - Principal,2018-09-29 01:00 AM,2018,9,29,1,17.2,62,Moderate,13.0,UG/M3,1 Hr,Valid
Embassy Kathmandu,PM2.5 - Principal,2018-09-29 02:00 AM,2018,9,29,2,16.2,60,Moderate,15.0,UG/M3,1 Hr,Valid
Embassy Kathmandu,PM2.5 - Principal,2018-09-29 03:00 AM,2018,9,29,3,15.6,58,Moderate,15.0,UG/M3,1 Hr,Valid
Embassy Kathmandu,PM2.5 - Principal,2018-09-29 04:00 AM,2018,9,29,4,14.9,57,Moderate,14.0,UG/M3,1 Hr,Valid
Embassy Kathmandu,PM2.5 - Principal,2018-09-29 05:00 AM,2018,9,29,5,17.2,62,Moderate,20.0,UG/M3,1 Hr,Valid
Embassy Kathmandu,PM2.5 - Principal,2018-09-29 06:00 AM,2018,9,29,6,20.3,68,Moderate,24.0,UG/M3,1 Hr,Valid
Embassy Kathmandu,PM2.5 - Principal,2018-09-29 07:00 AM,2018,9,29,7,26.3,81,Moderate,32.0,UG/M3,1 Hr,Valid
Embassy Kathmandu,PM2.5 - Principal,2018-09-29 08:00 AM,2018,9,29,8,37.6,106,Unhealthy for Sensitive Groups,49.0,UG/M3,1 Hr,Valid
Embassy Kathmandu,PM2.5 - Principal,2018-09-29 09:00 AM,2018,9,29,9,39.8,112,Unhealthy for Sensitive Groups,42.0,UG/M3,1 Hr,Valid
Embassy Kathmandu,PM2.5 - Principal,2018-09-29 10:00 AM,2018,9,29,10,36.4,103,Unhealthy for Sensitive Groups,33.0,UG/M3,1 Hr,Valid
Embassy Kathmandu,PM2.5 - Principal,2018-09-29 11:00 AM,2018,9,29,11,30.7,90,Moderate,25.0,UG/M3,1 Hr,Valid
Embassy Kathmandu,PM2.5 - Principal,2018-09-29 12:00 PM,2018,9,29,12,28.3,85,Moderate,26.0,UG/M3,1 Hr,Valid
Embassy Kathmandu,PM2.5 - Principal,2018-09-29 01:00 PM,2018,9,29,13,27.6,84,Moderate,27.0,UG/M3,1 Hr,Valid
Embassy Kathmandu,PM2.5 - Principal,2018-09-29 02:00 PM,2018,9,29,14,24.3,77,Moderate,21.0,UG/M3,1 Hr,Valid
Embassy Kathmandu,PM2.5 - Principal,2018-09-29 03:00 PM,2018,9,29,15,20.1,68,Moderate,16.0,UG/M3,1 Hr,Valid
Embassy Kathmandu,PM2.5 - Principal,2018-09-29 04:00 PM,2018,9,29,16,18.5,64,Moderate,17.0,UG/M3,1 Hr,Valid
Embassy Kathmandu,PM2.5 - Principal,2018-09-29 05:00 PM,2018,9,29,17,20.7,69,Moderate,23.0,UG/M3,1 Hr,Valid
Embassy Kathmandu,PM2.5 - Principal,2018-09-29 06:00 PM,2018,9,29,18,23.8,76,Moderate,27.0,UG/M3,1 Hr,Valid
Embassy Kathmandu,PM2.5 - Principal,2018-09-29 07:00 PM,2018,9,29,19,25.4,79,Moderate,27.0,UG/M3,1 Hr,Valid
Embassy Kathmandu,PM2.5 - Principal,2018-09-29 08:00 PM,2018,9,29,20,24.7,77,Moderate,24.0,UG/M3,1 Hr,Valid
Embassy Kathmandu,PM2.5 - Principal,2018-09-29 09:00 PM,2018,9,29,21,24.8,78,Moderate,25.0,UG/M3,1 Hr,Valid
Embassy Kathmandu,PM2.5 - Principal,2018-09-29 10:00 PM,2018,9,29,22,23.1,74,Moderate,21.0,UG/M3,1 Hr,Valid
Embassy Kathmandu,PM2.5 - Principal,2018-09-29 11:00 PM,2018,9,29,23,21.8,71,Moderate,20.0,UG/M3,1 Hr,Valid
Embassy Kathmandu,PM2.5 - Principal,2018-09-30 12:00 AM,2018,9,30,0,26.1,80,Moderate,31.0,UG/M3,1 Hr,Valid
Embassy Kathmandu,PM2.5 - Principal,2018-09-30 01:00 AM,2018,9,30,1,24.6,77,Moderate,23.0,UG/M3,1 Hr,Valid
Embassy Kathmandu,PM2.5 - Principal,2018-09-30 02:00 AM,2018,9,30,2,26.2,81,Moderate,28.0,UG/M3,1 Hr,Valid
Embassy Kathmandu,PM2.5 - Principal,2018-09-30 03:00 AM,2018,9,30,3,25.6,79,Moderate,25.0,UG/M3,1 Hr,Valid
Embassy Kathmandu,PM2.5 - Principal,2018-09-30 04:00 AM,2018,9,30,4,23.5,75,Moderate,20.0,UG/M3,1 Hr,Valid
Embassy Kathmandu,PM2.5 - Principal,2018-09-30 05:00 AM,2018,9,30,5,22.9,74,Moderate,22.0,UG/M3,1 Hr,Valid
Embassy Kathmandu,PM2.5 - Principal,2018-09-30 06:00 AM,2018,9,30,6,22.9,74,Moderate,23.0,UG/M3,1 Hr,Valid
Embassy Kathmandu,PM2.5 - Principal,2018-09-30 07:00 AM,2018,9,30,7,28.6,86,Moderate,36.0,UG/M3,1 Hr,Valid
Embassy Kathmandu,PM2.5 - Principal,2018-09-30 08:00 AM,2018,9,30,8,27.9,84,Moderate,27.0,UG/M3,1 Hr,Valid
Embassy Kathmandu,PM2.5 - Principal,2018-09-30 09:00 AM,2018,9,30,9,32.7,94,Moderate,38.0,UG/M3,1 Hr,Valid
Embassy Kathmandu,PM2.5 - Principal,2018-09-30 10:00 AM,2018,9,30,10,31.4,92,Moderate,30.0,UG/M3,1 Hr,Valid
Embassy Kathmandu,PM2.5 - Principal,2018-09-30 11:00 AM,2018,9,30,11,26.9,82,Moderate,22.0,UG/M3,1 Hr,Valid
Embassy Kathmandu,PM2.5 - Principal,2018-09-30 12:00 PM,2018,9,30,12,28.8,86,Moderate,31.0,UG/M3,1 Hr,Valid
Embassy Kathmandu,PM2.5 - Principal,2018-09-30 01:00 PM,2018,9,30,13,28.4,85,Moderate,28.0,UG/M3,1 Hr,Valid
Embassy Kathmandu,PM2.5 - Principal,2018-09-30 02:00 PM,2018,9,30,14,25.4,79,Moderate,22.0,UG/M3,1 Hr,Valid
Embassy Kathmandu,PM2.5 - Principal,2018-09-30 03:00 PM,2018,9,30,15,24.2,76,Moderate,23.0,UG/M3,1 Hr,Valid
Embassy Kathmandu,PM2.5 - Principal,2018-09-30 04:00 PM,2018,9,30,16,23.9,76,Moderate,23.0,UG/M3,1 Hr,Valid
Embassy Kathmandu,PM2.5 - Principal,2018-09-30 05:00 PM,2018,9,30,17,25.6,79,Moderate,28.0,UG/M3,1 Hr,Valid
Embassy Kathmandu,PM2.5 - Principal,2018-09-30 06:00 PM,2018,9,30,18,30.8,90,Moderate,38.0,UG/M3,1 Hr,Valid
Embassy Kathmandu,PM2.5 - Principal,2018-09-30 07:00 PM,2018,9,30,19,32.1,93,Moderate,34.0,UG/M3,1 Hr,Valid
Embassy Kathmandu,PM2.5 - Principal,2018-09-30 08:00 PM,2018,9,30,20,35.2,100,Moderate,39.0,UG/M3,1 Hr,Valid
Embassy Kathmandu,PM2.5 - Principal,2018-09-30 09:00 PM,2018,9,30,21,36.0,102,Unhealthy for Sensitive Groups,37.0,UG/M3,1 Hr,Valid
Embassy Kathmandu,PM2.5 - Principal,2018-09-30 10:00 PM,2018,9,30,22,35.5,101,Unhealthy for Sensitive Groups,35.0,UG/M3,1 Hr,Valid
Embassy Kathmandu,PM2.5 - Principal,2018-09-30 11:00 PM,2018,9,30,23,35.3,100,Moderate,35.0,UG/M3,1 Hr,Valid
Embassy Kathmandu,PM2.5 - Principal,2018-10-01 12:00 AM,2018,10,1,0,35.6,101,Unhealthy for Sensitive Groups,36.0,UG/M3,1 Hr,Valid
Embassy Kathmandu,PM2.5 - Principal,2018-10-01 01:00 AM,2018,10,1,1,34.0,97,Moderate,32.0,UG/M3,1 Hr,Valid
Embassy Kathmandu,PM2.5 - Principal,2018-10-01 02:00 AM,2018,10,1,2,32.8,95,Moderate,31.0,UG/M3,1 Hr,Valid
Embassy Kathmandu,PM2.5 - Principal,2018-10-01 03:00 AM,2018,10,1,3,30.4,89,Moderate,27.0,UG/M3,1 Hr,Valid
Embassy Kathmandu,PM2.5 - Principal,2018-10-01 04:00 AM,2018,10,1,4,30.6,90,Moderate,29.0,UG/M3,1 Hr,Valid
Embassy Kathmandu,PM2.5 - Principal,2018-10-01 05:00 AM,2018,10,1,5,30.1,89,Moderate,29.0,UG/M3,1 Hr,Valid
Embassy Kathmandu,PM2.5 - Principal,2018-10-01 06:00 AM,2018,10,1,6,32.2,93,Moderate,37.0,UG/M3,1 Hr,Valid
Embassy Kathmandu,PM2.5 - Principal,2018-10-01 07:00 AM,2018,10,1,7,42.1,117,Unhealthy for Sensitive Groups,52.0,UG/M3,1 Hr,Valid
Embassy Kathmandu,PM2.5 - Principal,2018-10-01 08:00 AM,2018,10,1,8,49.2,135,Unhealthy for Sensitive Groups,56.0,UG/M3,1 Hr,Valid
Embassy Kathmandu,PM2.5 - Principal,2018-10-01 09:00 AM,2018,10,1,9,50.1,137,Unhealthy for Sensitive Groups,51.0,UG/M3,1 Hr,Valid
Embassy Kathmandu,PM2.5 - Principal,2018-10-01 10:00 AM,2018,10,1,10,46.0,127,Unhealthy for Sensitive Groups,42.0,UG/M3,1 Hr,Valid
Embassy Kathmandu,PM2.5 - Principal,2018-10-01 11:00 AM,2018,10,1,11,43.0,119,Unhealthy for Sensitive Groups,40.0,UG/M3,1 Hr,Valid
Embassy Kathmandu,PM2.5 - Principal,2018-10-01 12:00 PM,2018,10,1,12,39.5,111,Unhealthy for Sensitive Groups,36.0,UG/M3,1 Hr,Valid
Embassy Kathmandu,PM2.5 - Principal,2018-10-01 01:00 PM,2018,10,1,13,37.7,106,Unhealthy for Sensitive Groups,36.0,UG/M3,1 Hr,Valid
Embassy Kathmandu,PM2.5 - Principal,2018-10-01 02:00 PM,2018,10,1,14,37.3,105,Unhealthy for Sensitive Groups,37.0,UG/M3,1 Hr,Valid
Embassy Kathmandu,PM2.5 - Principal,2018-10-01 03:00 PM,2018,10,1,15,37.2,105,Unhealthy for Sensitive Groups,37.0,UG/M3,1 Hr,Valid
Embassy Kathmandu,PM2.5 - Principal,2018-10-01 04:00 PM,2018,10,1,16,32.0,93,Moderate,27.0,UG/M3,1 Hr,Valid
Embassy Kathmandu,PM2.5 - Principal,2018-10-01 05:00 PM,2018,10,1,17,31.0,91,Moderate,30.0,UG/M3,1 Hr,Valid
Embassy Kathmandu,PM2.5 - Principal,2018-10-01 06:00 PM,2018,10,1,18,32.5,94,Moderate,34.0,UG/M3,1 Hr,Valid
Embassy Kathmandu,PM2.5 - Principal,2018-10-01 07:00 PM,2018,10,1,19,31.7,92,Moderate,31.0,UG/M3,1 Hr,Valid
Embassy Kathmandu,PM2.5 - Principal,2018-10-01 08:00 PM,2018,10,1,20,31.4,92,Moderate,31.0,UG/M3,1 Hr,Valid
Embassy Kathmandu,PM2.5 - Principal,2018-10-01 09:00 PM,2018,10,1,21,30.0,89,Moderate,27.0,UG/M3,1 Hr,Valid
Embassy Kathmandu,PM2.5 - Principal,2018-10-01 10:00 PM,2018,10,1,22,31.4,92,Moderate,34.0,UG/M3,1 Hr,Valid
Embassy Kathmandu,PM2.5 - Principal,2018-10-01 11:00 PM,2018,10,1,23,29.3,87,Moderate,25.0,UG/M3,1 Hr,Valid
Embassy Kathmandu,PM2.5 - Principal,2018-10-02 12:00 AM,2018,10,2,0,29.8,88,Moderate,31.0,UG/M3,1 Hr,Valid
Embassy Kathmandu,PM2.5 - Principal,2018-10-02 01:00 AM,2018,10,2,1,27.7,84,Moderate,24.0,UG/M3,1 Hr,Valid
Embassy Kathmandu,PM2.5 - Principal,2018-10-02 02:00 AM,2018,10,2,2,27.4,83,Moderate,27.0,UG/M3,1 Hr,Valid
Embassy Kathmandu,PM2.5 - Principal,2018-10-02 03:00 AM,2018,10,2,3,26.0,80,Moderate,23.0,UG/M3,1 Hr,Valid
Embassy Kathmandu,PM2.5 - Principal,2018-10-02 04:00 AM,2018,10,2,4,25.7,80,Moderate,25.0,UG/M3,1 Hr,Valid
Embassy Kathmandu,PM2.5 - Principal,2018-10-02 05:00 AM,2018,10,2,5,27.4,83,Moderate,31.0,UG/M3,1 Hr,Valid
Embassy Kathmandu,PM2.5 - Principal,2018-10-02 06:00 AM,2018,10,2,6,28.5,85,Moderate,31.0,UG/M3,1 Hr,Valid
Embassy Kathmandu,PM2.5 - Principal,2018-10-02 07:00 AM,2018,10,2,7,32.5,94,Moderate,38.0,UG/M3,1 Hr,Valid
Embassy Kathmandu,PM2.5 - Principal,2018-10-02 08:00 AM,2018,10,2,8,40.8,114,Unhealthy for Sensitive Groups,48.0,UG/M3,1 Hr,Valid
Embassy Kathmandu,PM2.5 - Principal,2018-10-02 09:00 AM,2018,10,2,9,47.9,132,Unhealthy for Sensitive Groups,55.0,UG/M3,1 Hr,Valid
Embassy Kathmandu,PM2.5 - Principal,2018-10-02 10:00 AM,2018,10,2,10,50.4,138,Unhealthy for Sensitive Groups,53.0,UG/M3,1 Hr,Valid
Embassy Kathmandu,PM2.5 - Principal,2018-10-02 11:00 AM,2018,10,2,11,48.2,132,Unhealthy for Sensitive Groups,46.0,UG/M3,1 Hr,Valid
Embassy Kathmandu,PM2.5 - Principal,2018-10-02 12:00 PM,2018,10,2,12,46.1,127,Unhealthy for Sensitive Groups,44.0,UG/M3,1 Hr,Valid
Embassy Kathmandu,PM2.5 - Principal,2018-10-02 01:00 PM,2018,10,2,13,40.0,112,Unhealthy for Sensitive Groups,34.0,UG/M3,1 Hr,Valid
Embassy Kathmandu,PM2.5 - Principal,2018-10-02 02:00 PM,2018,10,2,14,36.5,103,Unhealthy for Sensitive Groups,33.0,UG/M3,1 Hr,Valid
Embassy Kathmandu,PM2.5 - Principal,2018-10-02 03:00 PM,2018,10,2,15,33.2,95,Moderate,30.0,UG/M3,1 Hr,Valid
Embassy Kathmandu,PM2.5 - Principal,2018-10-02 04:00 PM,2018,10,2,16,31.4,92,Moderate,29.0,UG/M3,1 Hr,Valid
Embassy Kathmandu,PM2.5 - Principal,2018-10-02 05:00 PM,2018,10,2,17,29.0,87,Moderate,27.0,UG/M3,1 Hr,Valid
Embassy Kathmandu,PM2.5 - Principal,2018-10-02 06:00 PM,2018,10,2,18,34.0,97,Moderate,39.0,UG/M3,1 Hr,Valid
Embassy Kathmandu,PM2.5 - Principal,2018-10-02 07:00 PM,2018,10,2,19,34.5,98,Moderate,35.0,UG/M3,1 Hr,Valid
Embassy Kathmandu,PM2.5 - Principal,2018-10-02 08:00 PM,2018,10,2,20,35.2,100,Moderate,36.0,UG/M3,1 Hr,Valid
Embassy Kathmandu,PM2.5 - Principal,2018-10-02 09:00 PM,2018,10,2,21,34.1,97,Moderate,33.0,UG/M3,1 Hr,Valid
Embassy Kathmandu,PM2.5 - Principal,2018-10-02 10:00 PM,2018,10,2,22,34.1,97,Moderate,-999.0,UG/M3,1 Hr,Missing
Embassy Kathmandu,PM2.5 - Principal,2018-10-02 11:00 PM,2018,10,2,23,34.1,97,Moderate,-999.0,UG/M3,1 Hr,Missing
Embassy Kathmandu,PM2.5 - Principal,2018-10-03 12:00 AM,2018,10,3,0,34.1,97,Moderate,-999.0,UG/M3,1 Hr,Missing
Embassy Kathmandu,PM2.5 - Principal,2018-10-03 01:00 AM,2018,10,3,1,34.1,97,Moderate,-999.0,UG/M3,1 Hr,Missing
Embassy Kathmandu,PM2.5 - Principal,2018-10-09 10:00 AM,2018,10,9,10,-999.0,-999,,50.0,UG/M3,1 Hr,Valid
Embassy Kathmandu,PM2.5 - Principal,2018-10-09 11:00 AM,2018,10,9,11,39.0,110,Unhealthy for Sensitive Groups,32.0,UG/M3,1 Hr,Valid
Embassy Kathmandu,PM2.5 - Principal,2018-10-09 12:00 PM,2018,10,9,12,25.4,79,Moderate,16.0,UG/M3,1 Hr,Valid
Embassy Kathmandu,PM2.5 - Principal,2018-10-09 01:00 PM,2018,10,9,13,25.2,79,Moderate,25.0,UG/M3,1 Hr,Valid
Embassy Kathmandu,PM2.5 - Principal,2018-10-09 02:00 PM,2018,10,9,14,27.1,83,Moderate,29.0,UG/M3,1 Hr,Valid
Embassy Kathmandu,PM2.5 - Principal,2018-10-09 03:00 PM,2018,10,9,15,27.0,82,Moderate,27.0,UG/M3,1 Hr,Valid
Embassy Kathmandu,PM2.5 - Principal,2018-10-09 04:00 PM,2018,10,9,16,31.5,92,Moderate,36.0,UG/M3,1 Hr,Valid
Embassy Kathmandu,PM2.5 - Principal,2018-10-09 05:00 PM,2018,10,9,17,29.7,88,Moderate,28.0,UG/M3,1 Hr,Valid
Embassy Kathmandu,PM2.5 - Principal,2018-10-09 06:00 PM,2018,10,9,18,37.4,106,Unhealthy for Sensitive Groups,45.0,UG/M3,1 Hr,Valid
Embassy Kathmandu,PM2.5 - Principal,2018-10-09 07:00 PM,2018,10,9,19,38.2,108,Unhealthy for Sensitive Groups,39.0,UG/M3,1 Hr,Valid
Embassy Kathmandu,PM2.5 - Principal,2018-10-09 08:00 PM,2018,10,9,20,36.6,104,Unhealthy for Sensitive Groups,35.0,UG/M3,1 Hr,Valid
Embassy Kathmandu,PM2.5 - Principal,2018-10-09 09:00 PM,2018,10,9,21,35.8,102,Unhealthy for Sensitive Groups,35.0,UG/M3,1 Hr,Valid
Embassy Kathmandu,PM2.5 - Principal,2018-10-09 10:00 PM,2018,10,9,22,39.3,110,Unhealthy for Sensitive Groups,43.0,UG/M3,1 Hr,Valid
Embassy Kathmandu,PM2.5 - Principal,2018-10-09 11:00 PM,2018,10,9,23,34.6,98,Moderate,30.0,UG/M3,1 Hr,Valid
Embassy Kathmandu,PM2.5 - Principal,2018-10-10 12:00 AM,2018,10,10,0,37.2,105,Unhealthy for Sensitive Groups,40.0,UG/M3,1 Hr,Valid
Embassy Kathmandu,PM2.5 - Principal,2018-10-10 01:00 AM,2018,10,10,1,36.6,104,Unhealthy for Sensitive Groups,36.0,UG/M3,1 Hr,Valid
Embassy Kathmandu,PM2.5 - Principal,2018-10-10 02:00 AM,2018,10,10,2,36.0,102,Unhealthy for Sensitive Groups,35.0,UG/M3,1 Hr,Valid
Embassy Kathmandu,PM2.5 - Principal,2018-10-10 03:00 AM,2018,10,10,3,37.1,105,Unhealthy for Sensitive Groups,39.0,UG/M3,1 Hr,Valid
Embassy Kathmandu,PM2.5 - Principal,2018-10-10 04:00 AM,2018,10,10,4,35.9,102,Unhealthy for Sensitive Groups,34.0,UG/M3,1 Hr,Valid
Embassy Kathmandu,PM2.5 - Principal,2018-10-10 05:00 AM,2018,10,10,5,37.0,105,Unhealthy for Sensitive Groups,39.0,UG/M3,1 Hr,Valid
Embassy Kathmandu,PM2.5 - Principal,2018-10-10 06:00 AM,2018,10,10,6,39.7,111,Unhealthy for Sensitive Groups,45.0,UG/M3,1 Hr,Valid
Embassy Kathmandu,PM2.5 - Principal,2018-10-10 07:00 AM,2018,10,10,7,43.0,119,Unhealthy for Sensitive Groups,48.0,UG/M3,1 Hr,Valid
Embassy Kathmandu,PM2.5 - Principal,2018-10-10 08:00 AM,2018,10,10,8,46.6,128,Unhealthy for Sensitive Groups,51.0,UG/M3,1 Hr,Valid
Embassy Kathmandu,PM2.5 - Principal,2018-10-10 09:00 AM,2018,10,10,9,49.5,135,Unhealthy for Sensitive Groups,53.0,UG/M3,1 Hr,Valid
Embassy Kathmandu,PM2.5 - Principal,2018-10-10 10:00 AM,2018,10,10,10,52.7,143,Unhealthy for Sensitive Groups,56.0,UG/M3,1 Hr,Valid
Embassy Kathmandu,PM2.5 - Principal,2018-10-10 11:00 AM,2018,10,10,11,45.5,126,Unhealthy for Sensitive Groups,36.0,UG/M3,1 Hr,Valid
Embassy Kathmandu,PM2.5 - Principal,2018-10-10 12:00 PM,2018,10,10,12,38.0,107,Unhealthy for Sensitive Groups,30.0,UG/M3,1 Hr,Valid
Embassy Kathmandu,PM2.5 - Principal,2018-10-10 01:00 PM,2018,10,10,13,33.4,96,Moderate,29.0,UG/M3,1 Hr,Valid
Embassy Kathmandu,PM2.5 - Principal,2018-10-10 02:00 PM,2018,10,10,14,38.5,108,Unhealthy for Sensitive Groups,44.0,UG/M3,1 Hr,Valid
Embassy Kathmandu,PM2.5 - Principal,2018-10-10 03:00 PM,2018,10,10,15,42.1,117,Unhealthy for Sensitive Groups,46.0,UG/M3,1 Hr,Valid
Embassy Kathmandu,PM2.5 - Principal,2018-10-10 04:00 PM,2018,10,10,16,39.6,111,Unhealthy for Sensitive Groups,37.0,UG/M3,1 Hr,Valid
Embassy Kathmandu,PM2.5 - Principal,2018-10-10 05:00 PM,2018,10,10,17,37.8,107,Unhealthy for Sensitive Groups,36.0,UG/M3,1 Hr,Valid
Embassy Kathmandu,PM2.5 - Principal,2018-10-10 06:00 PM,2018,10,10,18,39.3,110,Unhealthy for Sensitive Groups,41.0,UG/M3,1 Hr,Valid
Embassy Kathmandu,PM2.5 - Principal,2018-10-10 07:00 PM,2018,10,10,19,38.2,108,Unhealthy for Sensitive Groups,37.0,UG/M3,1 Hr,Valid
Embassy Kathmandu,PM2.5 - Principal,2018-10-10 08:00 PM,2018,10,10,20,41.0,115,Unhealthy for Sensitive Groups,44.0,UG/M3,1 Hr,Valid
Embassy Kathmandu,PM2.5 - Principal,2018-10-10 09:00 PM,2018,10,10,21,39.5,111,Unhealthy for Sensitive Groups,38.0,UG/M3,1 Hr,Valid
Embassy Kathmandu,PM2.5 - Principal,2018-10-10 10:00 PM,2018,10,10,22,38.5,108,Unhealthy for Sensitive Groups,37.0,UG/M3,1 Hr,Valid
Embassy Kathmandu,PM2.5 - Principal,2018-10-10 11:00 PM,2018,10,10,23,38.3,108,Unhealthy for Sensitive Groups,38.0,UG/M3,1 Hr,Valid
Embassy Kathmandu,PM2.5 - Principal,2018-10-11 12:00 AM,2018,10,11,0,38.9,109,Unhealthy for Sensitive Groups,40.0,UG/M3,1 Hr,Valid
Embassy Kathmandu,PM2.5 - Principal,2018-10-11 01:00 AM,2018,10,11,1,40.0,112,Unhealthy for Sensitive Groups,43.0,UG/M3,1 Hr,Valid
Embassy Kathmandu,PM2.5 - Principal,2018-10-11 02:00 AM,2018,10,11,2,40.2,113,Unhealthy for Sensitive Groups,41.0,UG/M3,1 Hr,Valid
Embassy Kathmandu,PM2.5 - Principal,2018-10-11 03:00 AM,2018,10,11,3,39.5,111,Unhealthy for Sensitive Groups,38.0,UG/M3,1 Hr,Valid
Embassy Kathmandu,PM2.5 - Principal,2018-10-11 04:00 AM,2018,10,11,4,38.9,109,Unhealthy for Sensitive Groups,36.0,UG/M3,1 Hr,Valid
Embassy Kathmandu,PM2.5 - Principal,2018-10-11 05:00 AM,2018,10,11,5,37.2,105,Unhealthy for Sensitive Groups,33.0,UG/M3,1 Hr,Valid
Embassy Kathmandu,PM2.5 - Principal,2018-10-11 06:00 AM,2018,10,11,6,36.9,104,Unhealthy for Sensitive Groups,36.0,UG/M3,1 Hr,Valid
Embassy Kathmandu,PM2.5 - Principal,2018-10-11 07:00 AM,2018,10,11,7,37.1,105,Unhealthy for Sensitive Groups,38.0,UG/M3,1 Hr,Valid
Embassy Kathmandu,PM2.5 - Principal,2018-10-11 08:00 AM,2018,10,11,8,38.3,108,Unhealthy for Sensitive Groups,42.0,UG/M3,1 Hr,Valid
Embassy Kathmandu,PM2.5 - Principal,2018-10-11 09:00 AM,2018,10,11,9,45.9,127,Unhealthy for Sensitive Groups,56.0,UG/M3,1 Hr,Valid
Embassy Kathmandu,PM2.5 - Principal,2018-10-11 10:00 AM,2018,10,11,10,42.6,118,Unhealthy for Sensitive Groups,38.0,UG/M3,1 Hr,Valid
Embassy Kathmandu,PM2.5 - Principal,2018-10-11 11:00 AM,2018,10,11,11,36.1,102,Unhealthy for Sensitive Groups,29.0,UG/M3,1 Hr,Valid
Embassy Kathmandu,PM2.5 - Principal,2018-10-11 12:00 PM,2018,10,11,12,35.1,99,Moderate,34.0,UG/M3,1 Hr,Valid
Embassy Kathmandu,PM2.5 - Principal,2018-10-11 01:00 PM,2018,10,11,13,35.5,101,Unhealthy for Sensitive Groups,36.0,UG/M3,1 Hr,Valid
Embassy Kathmandu,PM2.5 - Principal,2018-10-11 02:00 PM,2018,10,11,14,36.2,103,Unhealthy for Sensitive Groups,37.0,UG/M3,1 Hr,Valid
Embassy Kathmandu,PM2.5 - Principal,2018-10-11 03:00 PM,2018,10,11,15,36.6,104,Unhealthy for Sensitive Groups,37.0,UG/M3,1 Hr,Valid
Embassy Kathmandu,PM2.5 - Principal,2018-10-11 04:00 PM,2018,10,11,16,34.8,99,Moderate,33.0,UG/M3,1 Hr,Valid
Embassy Kathmandu,PM2.5 - Principal,2018-10-11 05:00 PM,2018,10,11,17,35.4,100,Moderate,36.0,UG/M3,1 Hr,Valid
Embassy Kathmandu,PM2.5 - Principal,2018-10-11 06:00 PM,2018,10,11,18,36.1,102,Unhealthy for Sensitive Groups,37.0,UG/M3,1 Hr,Valid
Embassy Kathmandu,PM2.5 - Principal,2018-10-11 07:00 PM,2018,10,11,19,33.1,95,Moderate,30.0,UG/M3,1 Hr,Valid
Embassy Kathmandu,PM2.5 - Principal,2018-10-11 08:00 PM,2018,10,11,20,31.1,91,Moderate,29.0,UG/M3,1 Hr,Valid
Embassy Kathmandu,PM2.5 - Principal,2018-10-11 09:00 PM,2018,10,11,21,30.9,91,Moderate,27.0,UG/M3,1 Hr,Valid
Embassy Kathmandu,PM2.5 - Principal,2018-10-11 10:00 PM,2018,10,11,22,27.3,83,Moderate,23.0,UG/M3,1 Hr,Valid
Embassy Kathmandu,PM2.5 - Principal,2018-10-11 11:00 PM,2018,10,11,23,26.4,81,Moderate,25.0,UG/M3,1 Hr,Valid
Embassy Kathmandu,PM2.5 - Principal,2018-10-12 12:00 AM,2018,10,12,0,25.1,78,Moderate,23.0,UG/M3,1 Hr,Valid
Embassy Kathmandu,PM2.5 - Principal,2018-10-12 01:00 AM,2018,10,12,1,24.6,77,Moderate,24.0,UG/M3,1 Hr,Valid
Embassy Kathmandu,PM2.5 - Principal,2018-10-12 02:00 AM,2018,10,12,2,21.0,70,Moderate,18.0,UG/M3,1 Hr,Valid
Embassy Kathmandu,PM2.5 - Principal,2018-10-12 03:00 AM,2018,10,12,3,21.0,70,Moderate,22.0,UG/M3,1 Hr,Invalid
Embassy Kathmandu,PM2.5 - Principal,2018-10-12 04:00 AM,2018,10,12,4,-999.0,-999,,22.0,UG/M3,1 Hr,Invalid
Embassy Kathmandu,PM2.5 - Principal,2018-10-12 05:00 AM,2018,10,12,5,-999.0,-999,,22.0,UG/M3,1 Hr,Invalid
Embassy Kathmandu,PM2.5 - Principal,2018-10-12 06:00 AM,2018,10,12,6,-999.0,-999,,22.0,UG/M3,1 Hr,Invalid
Embassy Kathmandu,PM2.5 - Principal,2018-10-12 07:00 AM,2018,10,12,7,-999.0,-999,,32.0,UG/M3,1 Hr,Valid
Embassy Kathmandu,PM2.5 - Principal,2018-10-12 08:00 AM,2018,10,12,8,33.6,96,Moderate,35.0,UG/M3,1 Hr,Valid
Embassy Kathmandu,PM2.5 - Principal,2018-10-12 09:00 AM,2018,10,12,9,37.2,105,Unhealthy for Sensitive Groups,40.0,UG/M3,1 Hr,Valid
Embassy Kathmandu,PM2.5 - Principal,2018-10-12 10:00 AM,2018,10,12,10,33.4,96,Moderate,30.0,UG/M3,1 Hr,Valid
Embassy Kathmandu,PM2.5 - Principal,2018-10-12 11:00 AM,2018,10,12,11,31.6,92,Moderate,30.0,UG/M3,1 Hr,Valid
Embassy Kathmandu,PM2.5 - Principal,2018-10-12 12:00 PM,2018,10,12,12,31.8,92,Moderate,32.0,UG/M3,1 Hr,Valid
Embassy Kathmandu,PM2.5 - Principal,2018-10-12 01:00 PM,2018,10,12,13,28.8,86,Moderate,26.0,UG/M3,1 Hr,Valid
Embassy Kathmandu,PM2.5 - Principal,2018-10-12 02:00 PM,2018,10,12,14,27.3,83,Moderate,24.0,UG/M3,1 Hr,Valid
Embassy Kathmandu,PM2.5 - Principal,2018-10-12 03:00 PM,2018,10,12,15,26.3,81,Moderate,25.0,UG/M3,1 Hr,Valid
Embassy Kathmandu,PM2.5 - Principal,2018-10-12 04:00 PM,2018,10,12,16,25.4,79,Moderate,24.0,UG/M3,1 Hr,Valid
Embassy Kathmandu,PM2.5 - Principal,2018-10-12 05:00 PM,2018,10,12,17,24.8,78,Moderate,24.0,UG/M3,1 Hr,Valid
Embassy Kathmandu,PM2.5 - Principal,2018-10-12 06:00 PM,2018,10,12,18,23.9,76,Moderate,23.0,UG/M3,1 Hr,Valid
Embassy Kathmandu,PM2.5 - Principal,2018-10-12 07:00 PM,2018,10,12,19,23.9,76,Moderate,24.0,UG/M3,1 Hr,Valid
Embassy Kathmandu,PM2.5 - Principal,2018-10-12 08:00 PM,2018,10,12,20,20.4,68,Moderate,17.0,UG/M3,1 Hr,Valid
Embassy Kathmandu,PM2.5 - Principal,2018-10-12 09:00 PM,2018,10,12,21,20.8,69,Moderate,21.0,UG/M3,1 Hr,Valid
Embassy Kathmandu,PM2.5 - Principal,2018-10-12 10:00 PM,2018,10,12,22,20.8,69,Moderate,21.0,UG/M3,1 Hr,Valid
Embassy Kathmandu,PM2.5 - Principal,2018-10-12 11:00 PM,2018,10,12,23,17.4,62,Moderate,14.0,UG/M3,1 Hr,Valid
Embassy Kathmandu,PM2.5 - Principal,2018-10-13 12:00 AM,2018,10,13,0,14.7,56,Moderate,12.0,UG/M3,1 Hr,Valid
Embassy Kathmandu,PM2.5 - Principal,2018-10-13 01:00 AM,2018,10,13,1,13.3,54,Moderate,12.0,UG/M3,1 Hr,Valid
Embassy Kathmandu,PM2.5 - Principal,2018-10-13 02:00 AM,2018,10,13,2,15.6,58,Moderate,18.0,UG/M3,1 Hr,Valid
Embassy Kathmandu,PM2.5 - Principal,2018-10-13 03:00 AM,2018,10,13,3,12.3,51,Moderate,9.0,UG/M3,1 Hr,Valid
Embassy Kathmandu,PM2.5 - Principal,2018-10-13 04:00 AM,2018,10,13,4,13.6,54,Moderate,15.0,UG/M3,1 Hr,Valid
Embassy Kathmandu,PM2.5 - Principal,2018-10-13 05:00 AM,2018,10,13,5,13.8,55,Moderate,14.0,UG/M3,1 Hr,Valid
Embassy Kathmandu,PM2.5 - Principal,2018-10-13 06:00 AM,2018,10,13,6,13.9,55,Moderate,14.0,UG/M3,1 Hr,Valid
Embassy Kathmandu,PM2.5 - Principal,2018-10-13 07:00 AM,2018,10,13,7,17.9,63,Moderate,22.0,UG/M3,1 Hr,Valid
Embassy Kathmandu,PM2.5 - Principal,2018-10-13 08:00 AM,2018,10,13,8,19.9,67,Moderate,22.0,UG/M3,1 Hr,Valid
Embassy Kathmandu,PM2.5 - Principal,2018-10-13 09:00 AM,2018,10,13,9,16.9,61,Moderate,14.0,UG/M3,1 Hr,Valid
Embassy Kathmandu,PM2.5 - Principal,2018-10-13 10:00 AM,2018,10,13,10,21.4,71,Moderate,26.0,UG/M3,1 Hr,Valid
Embassy Kathmandu,PM2.5 - Principal,2018-10-13 11:00 AM,2018,10,13,11,18.2,64,Moderate,15.0,UG/M3,1 Hr,Valid
Embassy Kathmandu,PM2.5 - Principal,2018-10-13 12:00 PM,2018,10,13,12,15.1,57,Moderate,12.0,UG/M3,1 Hr,Valid
Embassy Kathmandu,PM2.5 - Principal,2018-10-13 01:00 PM,2018,10,13,13,11.5,48,Good,8.0,UG/M3,1 Hr,Valid
Embassy Kathmandu,PM2.5 - Principal,2018-10-13 02:00 PM,2018,10,13,14,11.7,49,Good,12.0,UG/M3,1 Hr,Valid
Embassy Kathmandu,PM2.5 - Principal,2018-10-13 03:00 PM,2018,10,13,15,11.8,49,Good,12.0,UG/M3,1 Hr,Valid
Embassy Kathmandu,PM2.5 - Principal,2018-10-13 04:00 PM,2018,10,13,16,11.9,50,Good,12.0,UG/M3,1 Hr,Valid
Embassy Kathmandu,PM2.5 - Principal,2018-10-13 05:00 PM,2018,10,13,17,12.4,52,Moderate,13.0,UG/M3,1 Hr,Valid
Embassy Kathmandu,PM2.5 - Principal,2018-10-13 06:00 PM,2018,10,13,18,13.7,54,Moderate,15.0,UG/M3,1 Hr,Valid
Embassy Kathmandu,PM2.5 - Principal,2018-10-13 07:00 PM,2018,10,13,19,16.3,60,Moderate,19.0,UG/M3,1 Hr,Valid
Embassy Kathmandu,PM2.5 - Principal,2018-10-13 08:00 PM,2018,10,13,20,15.1,57,Moderate,14.0,UG/M3,1 Hr,Valid
Embassy Kathmandu,PM2.5 - Principal,2018-10-13 09:00 PM,2018,10,13,21,14.5,56,Moderate,14.0,UG/M3,1 Hr,Valid
Embassy Kathmandu,PM2.5 - Principal,2018-10-13 10:00 PM,2018,10,13,22,13.2,53,Moderate,12.0,UG/M3,1 Hr,Valid
Embassy Kathmandu,PM2.5 - Principal,2018-10-13 11:00 PM,2018,10,13,23,13.6,54,Moderate,14.0,UG/M3,1 Hr,Valid
Embassy Kathmandu,PM2.5 - Principal,2018-10-14 12:00 AM,2018,10,14,0,16.8,61,Moderate,20.0,UG/M3,1 Hr,Valid
Embassy Kathmandu,PM2.5 - Principal,2018-10-14 01:00 AM,2018,10,14,1,17.3,62,Moderate,19.0,UG/M3,1 Hr,Valid
Embassy Kathmandu,PM2.5 - Principal,2018-10-14 02:00 AM,2018,10,14,2,16.0,59,Moderate,14.0,UG/M3,1 Hr,Valid
Embassy Kathmandu,PM2.5 - Principal,2018-10-14 03:00 AM,2018,10,14,3,15.2,58,Moderate,14.0,UG/M3,1 Hr,Valid
Embassy Kathmandu,PM2.5 - Principal,2018-10-14 04:00 AM,2018,10,14,4,13.2,53,Moderate,11.0,UG/M3,1 Hr,Valid
Embassy Kathmandu,PM2.5 - Principal,2018-10-14 05:00 AM,2018,10,14,5,14.0,55,Moderate,15.0,UG/M3,1 Hr,Valid
Embassy Kathmandu,PM2.5 - Principal,2018-10-14 06:00 AM,2018,10,14,6,17.3,62,Moderate,21.0,UG/M3,1 Hr,Valid
Embassy Kathmandu,PM2.5 - Principal,2018-10-14 07:00 AM,2018,10,14,7,20.2,68,Moderate,23.0,UG/M3,1 Hr,Valid
Embassy Kathmandu,PM2.5 - Principal,2018-10-14 08:00 AM,2018,10,14,8,20.6,69,Moderate,21.0,UG/M3,1 Hr,Valid
Embassy Kathmandu,PM2.5 - Principal,2018-10-14 09:00 AM,2018,10,14,9,23.3,75,Moderate,26.0,UG/M3,1 Hr,Valid
Embassy Kathmandu,PM2.5 - Principal,2018-10-14 10:00 AM,2018,10,14,10,36.6,104,Unhealthy for Sensitive Groups,50.0,UG/M3,1 Hr,Valid
Embassy Kathmandu,PM2.5 - Principal,2018-10-14 11:00 AM,2018,10,14,11,32.3,93,Moderate,28.0,UG/M3,1 Hr,Valid
Embassy Kathmandu,PM2.5 - Principal,2018-10-14 12:00 PM,2018,10,14,12,29.1,87,Moderate,26.0,UG/M3,1 Hr,Valid
Embassy Kathmandu,PM2.5 - Principal,2018-10-14 01:00 PM,2018,10,14,13,23.5,75,Moderate,18.0,UG/M3,1 Hr,Valid
Embassy Kathmandu,PM2.5 - Principal,2018-10-14 02:00 PM,2018,10,14,14,16.7,61,Moderate,10.0,UG/M3,1 Hr,Valid
Embassy Kathmandu,PM2.5 - Principal,2018-10-14 03:00 PM,2018,10,14,15,16.3,60,Moderate,16.0,UG/M3,1 Hr,Valid
Embassy Kathmandu,PM2.5 - Principal,2018-10-14 04:00 PM,2018,10,14,16,17.1,62,Moderate,18.0,UG/M3,1 Hr,Valid
Embassy Kathmandu,PM2.5 - Principal,2018-10-14 05:00 PM,2018,10,14,17,19.6,67,Moderate,22.0,UG/M3,1 Hr,Valid
Embassy Kathmandu,PM2.5 - Principal,2018-10-14 06:00 PM,2018,10,14,18,19.2,66,Moderate,19.0,UG/M3,1 Hr,Valid
Embassy Kathmandu,PM2.5 - Principal,2018-10-14 07:00 PM,2018,10,14,19,22.6,73,Moderate,26.0,UG/M3,1 Hr,Valid
Embassy Kathmandu,PM2.5 - Principal,2018-10-14 08:00 PM,2018,10,14,20,24.8,78,Moderate,27.0,UG/M3,1 Hr,Valid
Embassy Kathmandu,PM2.5 - Principal,2018-10-14 09:00 PM,2018,10,14,21,28.9,86,Moderate,33.0,UG/M3,1 Hr,Valid
Embassy Kathmandu,PM2.5 - Principal,2018-10-14 10:00 PM,2018,10,14,22,29.9,88,Moderate,31.0,UG/M3,1 Hr,Valid
Embassy Kathmandu,PM2.5 - Principal,2018-10-14 11:00 PM,2018,10,14,23,29.9,88,Moderate,30.0,UG/M3,1 Hr,Valid
Embassy Kathmandu,PM2.5 - Principal,2018-10-15 12:00 AM,2018,10,15,0,26.9,82,Moderate,24.0,UG/M3,1 Hr,Valid
Embassy Kathmandu,PM2.5 - Principal,2018-10-15 01:00 AM,2018,10,15,1,28.9,86,Moderate,31.0,UG/M3,1 Hr,Valid
Embassy Kathmandu,PM2.5 - Principal,2018-10-15 02:00 AM,2018,10,15,2,31.0,91,Moderate,33.0,UG/M3,1 Hr,Valid
Embassy Kathmandu,PM2.5 - Principal,2018-10-15 03:00 AM,2018,10,15,3,29.0,87,Moderate,27.0,UG/M3,1 Hr,Valid
Embassy Kathmandu,PM2.5 - Principal,2018-10-15 04:00 AM,2018,10,15,4,25.6,79,Moderate,21.0,UG/M3,1 Hr,Valid
Embassy Kathmandu,PM2.5 - Principal,2018-10-15 05:00 AM,2018,10,15,5,24.5,77,Moderate,23.0,UG/M3,1 Hr,Valid
Embassy Kathmandu,PM2.5 - Principal,2018-10-15 06:00 AM,2018,10,15,6,27.2,83,Moderate,31.0,UG/M3,1 Hr,Valid
Embassy Kathmandu,PM2.5 - Principal,2018-10-15 07:00 AM,2018,10,15,7,32.7,94,Moderate,39.0,UG/M3,1 Hr,Valid
Embassy Kathmandu,PM2.5 - Principal,2018-10-15 08:00 AM,2018,10,15,8,39.1,110,Unhealthy for Sensitive Groups,45.0,UG/M3,1 Hr,Valid
Embassy Kathmandu,PM2.5 - Principal,2018-10-15 09:00 AM,2018,10,15,9,49.5,135,Unhealthy for Sensitive Groups,60.0,UG/M3,1 Hr,Valid
Embassy Kathmandu,PM2.5 - Principal,2018-10-15 10:00 AM,2018,10,15,10,49.2,135,Unhealthy for Sensitive Groups,49.0,UG/M3,1 Hr,Valid
Embassy Kathmandu,PM2.5 - Principal,2018-10-15 11:00 AM,2018,10,15,11,43.1,120,Unhealthy for Sensitive Groups,37.0,UG/M3,1 Hr,Valid
Embassy Kathmandu,PM2.5 - Principal,2018-10-15 12:00 PM,2018,10,15,12,35.5,101,Unhealthy for Sensitive Groups,28.0,UG/M3,1 Hr,Valid
Embassy Kathmandu,PM2.5 - Principal,2018-10-15 01:00 PM,2018,10,15,13,33.2,95,Moderate,31.0,UG/M3,1 Hr,Valid
Embassy Kathmandu,PM2.5 - Principal,2018-10-15 02:00 PM,2018,10,15,14,26.1,80,Moderate,19.0,UG/M3,1 Hr,Valid
Embassy Kathmandu,PM2.5 - Principal,2018-10-15 03:00 PM,2018,10,15,15,22.0,72,Moderate,18.0,UG/M3,1 Hr,Valid
Embassy Kathmandu,PM2.5 - Principal,2018-10-15 04:00 PM,2018,10,15,16,22.5,73,Moderate,23.0,UG/M3,1 Hr,Valid
Embassy Kathmandu,PM2.5 - Principal,2018-10-15 05:00 PM,2018,10,15,17,26.7,82,Moderate,31.0,UG/M3,1 Hr,Valid
Embassy Kathmandu,PM2.5 - Principal,2018-10-15 06:00 PM,2018,10,15,18,30.3,89,Moderate,34.0,UG/M3,1 Hr,Valid
Embassy Kathmandu,PM2.5 - Principal,2018-10-15 07:00 PM,2018,10,15,19,35.1,99,Moderate,40.0,UG/M3,1 Hr,Valid
Embassy Kathmandu,PM2.5 - Principal,2018-10-15 08:00 PM,2018,10,15,20,36.0,102,Unhealthy for Sensitive Groups,37.0,UG/M3,1 Hr,Valid
Embassy Kathmandu,PM2.5 - Principal,2018-10-15 09:00 PM,2018,10,15,21,40.5,113,Unhealthy for Sensitive Groups,45.0,UG/M3,1 Hr,Valid
Embassy Kathmandu,PM2.5 - Principal,2018-10-15 10:00 PM,2018,10,15,22,36.7,104,Unhealthy for Sensitive Groups,33.0,UG/M3,1 Hr,Valid
Embassy Kathmandu,PM2.5 - Principal,2018-10-15 11:00 PM,2018,10,15,23,38.3,108,Unhealthy for Sensitive Groups,40.0,UG/M3,1 Hr,Valid
Embassy Kathmandu,PM2.5 - Principal,2018-10-16 12:00 AM,2018,10,16,0,37.6,106,Unhealthy for Sensitive Groups,37.0,UG/M3,1 Hr,Valid
Embassy Kathmandu,PM2.5 - Principal,2018-10-16 01:00 AM,2018,10,16,1,37.3,105,Unhealthy for Sensitive Groups,37.0,UG/M3,1 Hr,Valid
Embassy Kathmandu,PM2.5 - Principal,2018-10-16 02:00 AM,2018,10,16,2,37.6,106,Unhealthy for Sensitive Groups,38.0,UG/M3,1 Hr,Valid
Embassy Kathmandu,PM2.5 - Principal,2018-10-16 03:00 AM,2018,10,16,3,40.2,113,Unhealthy for Sensitive Groups,43.0,UG/M3,1 Hr,Valid
Embassy Kathmandu,PM2.5 - Principal,2018-10-16 04:00 AM,2018,10,16,4,34.6,98,Moderate,27.0,UG/M3,1 Hr,Valid
Embassy Kathmandu,PM2.5 - Principal,2018-10-16 05:00 AM,2018,10,16,5,33.2,95,Moderate,31.0,UG/M3,1 Hr,Valid
Embassy Kathmandu,PM2.5 - Principal,2018-10-16 06:00 AM,2018,10,16,6,36.7,104,Unhealthy for Sensitive Groups,42.0,UG/M3,1 Hr,Valid
Embassy Kathmandu,PM2.5 - Principal,2018-10-16 07:00 AM,2018,10,16,7,45.5,126,Unhealthy for Sensitive Groups,54.0,UG/M3,1 Hr,Valid
Embassy Kathmandu,PM2.5 - Principal,2018-10-16 08:00 AM,2018,10,16,8,51.2,140,Unhealthy for Sensitive Groups,57.0,UG/M3,1 Hr,Valid
Embassy Kathmandu,PM2.5 - Principal,2018-10-16 09:00 AM,2018,10,16,9,55.1,149,Unhealthy for Sensitive Groups,59.0,UG/M3,1 Hr,Valid
Embassy Kathmandu,PM2.5 - Principal,2018-10-16 10:00 AM,2018,10,16,10,54.0,147,Unhealthy for Sensitive Groups,53.0,UG/M3,1 Hr,Valid
Embassy Kathmandu,PM2.5 - Principal,2018-10-16 11:00 AM,2018,10,16,11,45.0,124,Unhealthy for Sensitive Groups,36.0,UG/M3,1 Hr,Valid
Embassy Kathmandu,PM2.5 - Principal,2018-10-16 12:00 PM,2018,10,16,12,41.0,115,Unhealthy for Sensitive Groups,37.0,UG/M3,1 Hr,Valid
Embassy Kathmandu,PM2.5 - Principal,2018-10-16 01:00 PM,2018,10,16,13,38.5,108,Unhealthy for Sensitive Groups,36.0,UG/M3,1 Hr,Valid
Embassy Kathmandu,PM2.5 - Principal,2018-10-16 02:00 PM,2018,10,16,14,32.7,94,Moderate,27.0,UG/M3,1 Hr,Valid
Embassy Kathmandu,PM2.5 - Principal,2018-10-16 03:00 PM,2018,10,16,15,27.8,84,Moderate,23.0,UG/M3,1 Hr,Valid
Embassy Kathmandu,PM2.5 - Principal,2018-10-16 04:00 PM,2018,10,16,16,27.9,84,Moderate,28.0,UG/M3,1 Hr,Valid
Embassy Kathmandu,PM2.5 - Principal,2018-10-16 05:00 PM,2018,10,16,17,31.9,93,Moderate,36.0,UG/M3,1 Hr,Valid
Embassy Kathmandu,PM2.5 - Principal,2018-10-16 06:00 PM,2018,10,16,18,35.4,100,Moderate,39.0,UG/M3,1 Hr,Valid
Embassy Kathmandu,PM2.5 - Principal,2018-10-16 07:00 PM,2018,10,16,19,38.2,108,Unhealthy for Sensitive Groups,41.0,UG/M3,1 Hr,Valid
Embassy Kathmandu,PM2.5 - Principal,2018-10-16 08:00 PM,2018,10,16,20,41.6,116,Unhealthy for Sensitive Groups,45.0,UG/M3,1 Hr,Valid
Embassy Kathmandu,PM2.5 - Principal,2018-10-16 09:00 PM,2018,10,16,21,43.3,120,Unhealthy for Sensitive Groups,45.0,UG/M3,1 Hr,Valid
Embassy Kathmandu,PM2.5 - Principal,2018-10-16 10:00 PM,2018,10,16,22,45.1,125,Unhealthy for Sensitive Groups,47.0,UG/M3,1 Hr,Valid
Embassy Kathmandu,PM2.5 - Principal,2018-10-16 11:00 PM,2018,10,16,23,45.5,126,Unhealthy for Sensitive Groups,46.0,UG/M3,1 Hr,Valid
Embassy Kathmandu,PM2.5 - Principal,2018-10-17 12:00 AM,2018,10,17,0,45.7,126,Unhealthy for Sensitive Groups,46.0,UG/M3,1 Hr,Valid
Embassy Kathmandu,PM2.5 - Principal,2018-10-17 01:00 AM,2018,10,17,1,44.8,124,Unhealthy for Sensitive Groups,44.0,UG/M3,1 Hr,Valid
Embassy Kathmandu,PM2.5 - Principal,2018-10-17 02:00 AM,2018,10,17,2,44.4,123,Unhealthy for Sensitive Groups,44.0,UG/M3,1 Hr,Valid
Embassy Kathmandu,PM2.5 - Principal,2018-10-17 03:00 AM,2018,10,17,3,44.3,123,Unhealthy for Sensitive Groups,44.0,UG/M3,1 Hr,Valid
Embassy Kathmandu,PM2.5 - Principal,2018-10-17 04:00 AM,2018,10,17,4,44.4,123,Unhealthy for Sensitive Groups,45.0,UG/M3,1 Hr,Valid
Embassy Kathmandu,PM2.5 - Principal,2018-10-17 05:00 AM,2018,10,17,5,45.0,124,Unhealthy for Sensitive Groups,47.0,UG/M3,1 Hr,Valid
Embassy Kathmandu,PM2.5 - Principal,2018-10-17 06:00 AM,2018,10,17,6,45.6,126,Unhealthy for Sensitive Groups,48.0,UG/M3,1 Hr,Valid
Embassy Kathmandu,PM2.5 - Principal,2018-10-17 07:00 AM,2018,10,17,7,46.8,129,Unhealthy for Sensitive Groups,52.0,UG/M3,1 Hr,Valid
Embassy Kathmandu,PM2.5 - Principal,2018-10-17 08:00 AM,2018,10,17,8,47.1,130,Unhealthy for Sensitive Groups,48.0,UG/M3,1 Hr,Valid
Embassy Kathmandu,PM2.5 - Principal,2018-10-17 09:00 AM,2018,10,17,9,51.1,139,Unhealthy for Sensitive Groups,60.0,UG/M3,1 Hr,Valid
Embassy Kathmandu,PM2.5 - Principal,2018-10-17 10:00 AM,2018,10,17,10,50.0,137,Unhealthy for Sensitive Groups,47.0,UG/M3,1 Hr,Valid
Embassy Kathmandu,PM2.5 - Principal,2018-10-17 11:00 AM,2018,10,17,11,49.2,135,Unhealthy for Sensitive Groups,47.0,UG/M3,1 Hr,Valid
Embassy Kathmandu,PM2.5 - Principal,2018-10-17 12:00 PM,2018,10,17,12,48.6,133,Unhealthy for Sensitive Groups,47.0,UG/M3,1 Hr,Valid
Embassy Kathmandu,PM2.5 - Principal,2018-10-17 01:00 PM,2018,10,17,13,41.3,115,Unhealthy for Sensitive Groups,33.0,UG/M3,1 Hr,Valid
Embassy Kathmandu,PM2.5 - Principal,2018-10-17 02:00 PM,2018,10,17,14,38.4,108,Unhealthy for Sensitive Groups,35.0,UG/M3,1 Hr,Valid
Embassy Kathmandu,PM2.5 - Principal,2018-10-17 03:00 PM,2018,10,17,15,37.3,105,Unhealthy for Sensitive Groups,36.0,UG/M3,1 Hr,Valid
Embassy Kathmandu,PM2.5 - Principal,2018-10-17 04:00 PM,2018,10,17,16,36.2,103,Unhealthy for Sensitive Groups,35.0,UG/M3,1 Hr,Valid
Embassy Kathmandu,PM2.5 - Principal,2018-10-17 05:00 PM,2018,10,17,17,38.8,109,Unhealthy for Sensitive Groups,42.0,UG/M3,1 Hr,Valid
Embassy Kathmandu,PM2.5 - Principal,2018-10-17 06:00 PM,2018,10,17,18,42.9,119,Unhealthy for Sensitive Groups,48.0,UG/M3,1 Hr,Valid
Embassy Kathmandu,PM2.5 - Principal,2018-10-17 07:00 PM,2018,10,17,19,42.9,119,Unhealthy for Sensitive Groups,49.0,UG/M3,1 Hr,Invalid
Embassy Kathmandu,PM2.5 - Principal,2018-10-17 08:00 PM,2018,10,17,20,-999.0,-999,,49.0,UG/M3,1 Hr,Invalid
Embassy Kathmandu,PM2.5 - Principal,2018-10-17 09:00 PM,2018,10,17,21,-999.0,-999,,49.0,UG/M3,1 Hr,Invalid
Embassy Kathmandu,PM2.5 - Principal,2018-10-17 10:00 PM,2018,10,17,22,-999.0,-999,,49.0,UG/M3,1 Hr,Invalid
Embassy Kathmandu,PM2.5 - Principal,2018-10-17 11:00 PM,2018,10,17,23,-999.0,-999,,48.0,UG/M3,1 Hr,Valid
Embassy Kathmandu,PM2.5 - Principal,2018-10-18 12:00 AM,2018,10,18,0,47.6,131,Unhealthy for Sensitive Groups,49.0,UG/M3,1 Hr,Valid
Embassy Kathmandu,PM2.5 - Principal,2018-10-18 01:00 AM,2018,10,18,1,48.5,133,Unhealthy for Sensitive Groups,50.0,UG/M3,1 Hr,Valid
Embassy Kathmandu,PM2.5 - Principal,2018-10-18 02:00 AM,2018,10,18,2,44.6,123,Unhealthy for Sensitive Groups,38.0,UG/M3,1 Hr,Valid
Embassy Kathmandu,PM2.5 - Principal,2018-10-18 03:00 AM,2018,10,18,3,45.8,126,Unhealthy for Sensitive Groups,48.0,UG/M3,1 Hr,Valid
Embassy Kathmandu,PM2.5 - Principal,2018-10-18 04:00 AM,2018,10,18,4,45.1,125,Unhealthy for Sensitive Groups,43.0,UG/M3,1 Hr,Valid
Embassy Kathmandu,PM2.5 - Principal,2018-10-18 05:00 AM,2018,10,18,5,44.3,123,Unhealthy for Sensitive Groups,42.0,UG/M3,1 Hr,Valid
Embassy Kathmandu,PM2.5 - Principal,2018-10-18 06:00 AM,2018,10,18,6,44.7,124,Unhealthy for Sensitive Groups,46.0,UG/M3,1 Hr,Valid
Embassy Kathmandu,PM2.5 - Principal,2018-10-18 07:00 AM,2018,10,18,7,48.3,133,Unhealthy for Sensitive Groups,56.0,UG/M3,1 Hr,Valid
Embassy Kathmandu,PM2.5 - Principal,2018-10-18 08:00 AM,2018,10,18,8,57.7,152,Unhealthy,68.0,UG/M3,1 Hr,Valid
Embassy Kathmandu,PM2.5 - Principal,2018-10-18 09:00 AM,2018,10,18,9,64.8,156,Unhealthy,72.0,UG/M3,1 Hr,Valid
Embassy Kathmandu,PM2.5 - Principal,2018-10-18 10:00 AM,2018,10,18,10,65.4,156,Unhealthy,66.0,UG/M3,1 Hr,Valid
Embassy Kathmandu,PM2.5 - Principal,2018-10-18 11:00 AM,2018,10,18,11,63.3,155,Unhealthy,61.0,UG/M3,1 Hr,Valid
Embassy Kathmandu,PM2.5 - Principal,2018-10-18 12:00 PM,2018,10,18,12,52.3,142,Unhealthy for Sensitive Groups,40.0,UG/M3,1 Hr,Valid
Embassy Kathmandu,PM2.5 - Principal,2018-10-18 01:00 PM,2018,10,18,13,44.7,124,Unhealthy for Sensitive Groups,37.0,UG/M3,1 Hr,Valid
Embassy Kathmandu,PM2.5 - Principal,2018-10-18 02:00 PM,2018,10,18,14,38.6,109,Unhealthy for Sensitive Groups,33.0,UG/M3,1 Hr,Valid
Embassy Kathmandu,PM2.5 - Principal,2018-10-18 03:00 PM,2018,10,18,15,35.3,100,Moderate,32.0,UG/M3,1 Hr,Valid
Embassy Kathmandu,PM2.5 - Principal,2018-10-18 04:00 PM,2018,10,18,16,31.6,92,Moderate,28.0,UG/M3,1 Hr,Valid
Embassy Kathmandu,PM2.5 - Principal,2018-10-18 05:00 PM,2018,10,18,17,31.8,92,Moderate,32.0,UG/M3,1 Hr,Valid
Embassy Kathmandu,PM2.5 - Principal,2018-10-18 06:00 PM,2018,10,18,18,34.9,99,Moderate,38.0,UG/M3,1 Hr,Valid
Embassy Kathmandu,PM2.5 - Principal,2018-10-18 07:00 PM,2018,10,18,19,40.4,113,Unhealthy for Sensitive Groups,46.0,UG/M3,1 Hr,Valid
Embassy Kathmandu,PM2.5 - Principal,2018-10-18 08:00 PM,2018,10,18,20,40.7,114,Unhealthy for Sensitive Groups,41.0,UG/M3,1 Hr,Valid
Embassy Kathmandu,PM2.5 - Principal,2018-10-18 09:00 PM,2018,10,18,21,37.3,105,Unhealthy for Sensitive Groups,34.0,UG/M3,1 Hr,Valid
Embassy Kathmandu,PM2.5 - Principal,2018-10-18 10:00 PM,2018,10,18,22,40.6,114,Unhealthy for Sensitive Groups,44.0,UG/M3,1 Hr,Valid
Embassy Kathmandu,PM2.5 - Principal,2018-10-18 11:00 PM,2018,10,18,23,41.2,115,Unhealthy for Sensitive Groups,43.0,UG/M3,1 Hr,Valid
Embassy Kathmandu,PM2.5 - Principal,2018-10-19 12:00 AM,2018,10,19,0,40.7,114,Unhealthy for Sensitive Groups,40.0,UG/M3,1 Hr,Valid
Embassy Kathmandu,PM2.5 - Principal,2018-10-19 01:00 AM,2018,10,19,1,38.4,108,Unhealthy for Sensitive Groups,35.0,UG/M3,1 Hr,Valid
Embassy Kathmandu,PM2.5 - Principal,2018-10-19 02:00 AM,2018,10,19,2,35.9,102,Unhealthy for Sensitive Groups,32.0,UG/M3,1 Hr,Valid
Embassy Kathmandu,PM2.5 - Principal,2018-10-19 03:00 AM,2018,10,19,3,34.7,99,Moderate,33.0,UG/M3,1 Hr,Valid
Embassy Kathmandu,PM2.5 - Principal,2018-10-19 04:00 AM,2018,10,19,4,37.2,105,Unhealthy for Sensitive Groups,41.0,UG/M3,1 Hr,Valid
Embassy Kathmandu,PM2.5 - Principal,2018-10-19 05:00 AM,2018,10,19,5,36.5,103,Unhealthy for Sensitive Groups,35.0,UG/M3,1 Hr,Valid
Embassy Kathmandu,PM2.5 - Principal,2018-10-19 06:00 AM,2018,10,19,6,35.1,99,Moderate,32.0,UG/M3,1 Hr,Valid
Embassy Kathmandu,PM2.5 - Principal,2018-10-19 07:00 AM,2018,10,19,7,38.4,108,Unhealthy for Sensitive Groups,46.0,UG/M3,1 Hr,Valid
Embassy Kathmandu,PM2.5 - Principal,2018-10-19 08:00 AM,2018,10,19,8,52.0,142,Unhealthy for Sensitive Groups,64.0,UG/M3,1 Hr,Valid
Embassy Kathmandu,PM2.5 - Principal,2018-10-19 09:00 AM,2018,10,19,9,53.0,144,Unhealthy for Sensitive Groups,54.0,UG/M3,1 Hr,Valid
Embassy Kathmandu,PM2.5 - Principal,2018-10-19 10:00 AM,2018,10,19,10,50.0,137,Unhealthy for Sensitive Groups,47.0,UG/M3,1 Hr,Valid
Embassy Kathmandu,PM2.5 - Principal,2018-10-19 11:00 AM,2018,10,19,11,43.5,121,Unhealthy for Sensitive Groups,37.0,UG/M3,1 Hr,Valid
Embassy Kathmandu,PM2.5 - Principal,2018-10-19 12:00 PM,2018,10,19,12,38.7,109,Unhealthy for Sensitive Groups,34.0,UG/M3,1 Hr,Valid
Embassy Kathmandu,PM2.5 - Principal,2018-10-19 01:00 PM,2018,10,19,13,30.8,90,Moderate,23.0,UG/M3,1 Hr,Valid
Embassy Kathmandu,PM2.5 - Principal,2018-10-19 02:00 PM,2018,10,19,14,25.9,80,Moderate,21.0,UG/M3,1 Hr,Valid
Embassy Kathmandu,PM2.5 - Principal,2018-10-19 03:00 PM,2018,10,19,15,25.4,79,Moderate,25.0,UG/M3,1 Hr,Valid
Embassy Kathmandu,PM2.5 - Principal,2018-10-19 04:00 PM,2018,10,19,16,27.2,83,Moderate,29.0,UG/M3,1 Hr,Valid
Embassy Kathmandu,PM2.5 - Principal,2018-10-19 05:00 PM,2018,10,19,17,31.6,92,Moderate,36.0,UG/M3,1 Hr,Valid
Embassy Kathmandu,PM2.5 - Principal,2018-10-19 06:00 PM,2018,10,19,18,32.3,93,Moderate,33.0,UG/M3,1 Hr,Valid
Embassy Kathmandu,PM2.5 - Principal,2018-10-19 07:00 PM,2018,10,19,19,34.1,97,Moderate,36.0,UG/M3,1 Hr,Valid
Embassy Kathmandu,PM2.5 - Principal,2018-10-19 08:00 PM,2018,10,19,20,37.5,106,Unhealthy for Sensitive Groups,41.0,UG/M3,1 Hr,Valid
Embassy Kathmandu,PM2.5 - Principal,2018-10-19 09:00 PM,2018,10,19,21,38.2,108,Unhealthy for Sensitive Groups,39.0,UG/M3,1 Hr,Valid
Embassy Kathmandu,PM2.5 - Principal,2018-10-19 10:00 PM,2018,10,19,22,39.5,111,Unhealthy for Sensitive Groups,41.0,UG/M3,1 Hr,Valid
Embassy Kathmandu,PM2.5 - Principal,2018-10-19 11:00 PM,2018,10,19,23,41.8,117,Unhealthy for Sensitive Groups,44.0,UG/M3,1 Hr,Valid
Embassy Kathmandu,PM2.5 - Principal,2018-10-20 12:00 AM,2018,10,20,0,39.9,112,Unhealthy for Sensitive Groups,38.0,UG/M3,1 Hr,Valid
Embassy Kathmandu,PM2.5 - Principal,2018-10-20 01:00 AM,2018,10,20,1,38.9,109,Unhealthy for Sensitive Groups,38.0,UG/M3,1 Hr,Valid
Embassy Kathmandu,PM2.5 - Principal,2018-10-20 02:00 AM,2018,10,20,2,36.0,102,Unhealthy for Sensitive Groups,32.0,UG/M3,1 Hr,Valid
Embassy Kathmandu,PM2.5 - Principal,2018-10-20 03:00 AM,2018,10,20,3,35.4,100,Moderate,33.0,UG/M3,1 Hr,Valid
Embassy Kathmandu,PM2.5 - Principal,2018-10-20 04:00 AM,2018,10,20,4,35.9,102,Unhealthy for Sensitive Groups,36.0,UG/M3,1 Hr,Valid
Embassy Kathmandu,PM2.5 - Principal,2018-10-20 05:00 AM,2018,10,20,5,35.4,100,Moderate,34.0,UG/M3,1 Hr,Valid
Embassy Kathmandu,PM2.5 - Principal,2018-10-20 06:00 AM,2018,10,20,6,35.6,101,Unhealthy for Sensitive Groups,36.0,UG/M3,1 Hr,Valid
Embassy Kathmandu,PM2.5 - Principal,2018-10-20 07:00 AM,2018,10,20,7,35.4,100,Moderate,35.0,UG/M3,1 Hr,Valid
Embassy Kathmandu,PM2.5 - Principal,2018-10-20 08:00 AM,2018,10,20,8,40.5,113,Unhealthy for Sensitive Groups,50.0,UG/M3,1 Hr,Valid
Embassy Kathmandu,PM2.5 - Principal,2018-10-20 09:00 AM,2018,10,20,9,43.2,120,Unhealthy for Sensitive Groups,48.0,UG/M3,1 Hr,Valid
Embassy Kathmandu,PM2.5 - Principal,2018-10-20 10:00 AM,2018,10,20,10,48.0,132,Unhealthy for Sensitive Groups,54.0,UG/M3,1 Hr,Valid
Embassy Kathmandu,PM2.5 - Principal,2018-10-20 11:00 AM,2018,10,20,11,48.0,132,Unhealthy for Sensitive Groups,48.0,UG/M3,1 Hr,Valid
Embassy Kathmandu,PM2.5 - Principal,2018-10-20 12:00 PM,2018,10,20,12,43.9,122,Unhealthy for Sensitive Groups,38.0,UG/M3,1 Hr,Valid
Embassy Kathmandu,PM2.5 - Principal,2018-10-20 01:00 PM,2018,10,20,13,35.2,100,Moderate,27.0,UG/M3,1 Hr,Valid
Embassy Kathmandu,PM2.5 - Principal,2018-10-20 02:00 PM,2018,10,20,14,32.6,94,Moderate,30.0,UG/M3,1 Hr,Valid
Embassy Kathmandu,PM2.5 - Principal,2018-10-20 03:00 PM,2018,10,20,15,33.3,96,Moderate,34.0,UG/M3,1 Hr,Valid
Embassy Kathmandu,PM2.5 - Principal,2018-10-20 04:00 PM,2018,10,20,16,31.6,92,Moderate,30.0,UG/M3,1 Hr,Valid
Embassy Kathmandu,PM2.5 - Principal,2018-10-20 05:00 PM,2018,10,20,17,32.8,95,Moderate,34.0,UG/M3,1 Hr,Valid
Embassy Kathmandu,PM2.5 - Principal,2018-10-20 06:00 PM,2018,10,20,18,37.9,107,Unhealthy for Sensitive Groups,43.0,UG/M3,1 Hr,Valid
Embassy Kathmandu,PM2.5 - Principal,2018-10-20 07:00 PM,2018,10,20,19,37.9,107,Unhealthy for Sensitive Groups,38.0,UG/M3,1 Hr,Valid
Embassy Kathmandu,PM2.5 - Principal,2018-10-20 08:00 PM,2018,10,20,20,40.4,113,Unhealthy for Sensitive Groups,43.0,UG/M3,1 Hr,Valid
Embassy Kathmandu,PM2.5 - Principal,2018-10-20 09:00 PM,2018,10,20,21,42.2,117,Unhealthy for Sensitive Groups,44.0,UG/M3,1 Hr,Valid
Embassy Kathmandu,PM2.5 - Principal,2018-10-20 10:00 PM,2018,10,20,22,41.4,116,Unhealthy for Sensitive Groups,41.0,UG/M3,1 Hr,Valid
Embassy Kathmandu,PM2.5 - Principal,2018-10-20 11:00 PM,2018,10,20,23,41.0,115,Unhealthy for Sensitive Groups,41.0,UG/M3,1 Hr,Valid
Embassy Kathmandu,PM2.5 - Principal,2018-10-21 12:00 AM,2018,10,21,0,41.0,115,Unhealthy for Sensitive Groups,41.0,UG/M3,1 Hr,Valid
Embassy Kathmandu,PM2.5 - Principal,2018-10-21 01:00 AM,2018,10,21,1,39.0,110,Unhealthy for Sensitive Groups,35.0,UG/M3,1 Hr,Valid
Embassy Kathmandu,PM2.5 - Principal,2018-10-21 02:00 AM,2018,10,21,2,37.4,106,Unhealthy for Sensitive Groups,34.0,UG/M3,1 Hr,Valid
Embassy Kathmandu,PM2.5 - Principal,2018-10-21 03:00 AM,2018,10,21,3,35.0,99,Moderate,30.0,UG/M3,1 Hr,Valid
Embassy Kathmandu,PM2.5 - Principal,2018-10-21 04:00 AM,2018,10,21,4,34.7,99,Moderate,34.0,UG/M3,1 Hr,Valid
Embassy Kathmandu,PM2.5 - Principal,2018-10-21 05:00 AM,2018,10,21,5,33.8,97,Moderate,32.0,UG/M3,1 Hr,Valid
Embassy Kathmandu,PM2.5 - Principal,2018-10-21 06:00 AM,2018,10,21,6,33.2,95,Moderate,32.0,UG/M3,1 Hr,Valid
Embassy Kathmandu,PM2.5 - Principal,2018-10-21 07:00 AM,2018,10,21,7,34.1,97,Moderate,36.0,UG/M3,1 Hr,Valid
Embassy Kathmandu,PM2.5 - Principal,2018-10-21 08:00 AM,2018,10,21,8,36.6,104,Unhealthy for Sensitive Groups,42.0,UG/M3,1 Hr,Valid
Embassy Kathmandu,PM2.5 - Principal,2018-10-21 09:00 AM,2018,10,21,9,42.9,119,Unhealthy for Sensitive Groups,51.0,UG/M3,1 Hr,Valid
Embassy Kathmandu,PM2.5 - Principal,2018-10-21 10:00 AM,2018,10,21,10,44.6,123,Unhealthy for Sensitive Groups,47.0,UG/M3,1 Hr,Valid
Embassy Kathmandu,PM2.5 - Principal,2018-10-21 11:00 AM,2018,10,21,11,40.2,113,Unhealthy for Sensitive Groups,34.0,UG/M3,1 Hr,Valid
Embassy Kathmandu,PM2.5 - Principal,2018-10-21 12:00 PM,2018,10,21,12,34.6,98,Moderate,28.0,UG/M3,1 Hr,Valid
Embassy Kathmandu,PM2.5 - Principal,2018-10-21 01:00 PM,2018,10,21,13,34.3,98,Moderate,34.0,UG/M3,1 Hr,Valid
Embassy Kathmandu,PM2.5 - Principal,2018-10-21 02:00 PM,2018,10,21,14,28.9,86,Moderate,24.0,UG/M3,1 Hr,Valid
Embassy Kathmandu,PM2.5 - Principal,2018-10-21 03:00 PM,2018,10,21,15,25.9,80,Moderate,23.0,UG/M3,1 Hr,Valid
Embassy Kathmandu,PM2.5 - Principal,2018-10-21 04:00 PM,2018,10,21,16,26.9,82,Moderate,28.0,UG/M3,1 Hr,Valid
Embassy Kathmandu,PM2.5 - Principal,2018-10-21 05:00 PM,2018,10,21,17,31.9,93,Moderate,37.0,UG/M3,1 Hr,Valid
Embassy Kathmandu,PM2.5 - Principal,2018-10-21 06:00 PM,2018,10,21,18,36.5,103,Unhealthy for Sensitive Groups,41.0,UG/M3,1 Hr,Valid
Embassy Kathmandu,PM2.5 - Principal,2018-10-21 07:00 PM,2018,10,21,19,36.7,104,Unhealthy for Sensitive Groups,37.0,UG/M3,1 Hr,Valid
Embassy Kathmandu,PM2.5 - Principal,2018-10-21 08:00 PM,2018,10,21,20,38.8,109,Unhealthy for Sensitive Groups,41.0,UG/M3,1 Hr,Valid
Embassy Kathmandu,PM2.5 - Principal,2018-10-21 09:00 PM,2018,10,21,21,37.4,106,Unhealthy for Sensitive Groups,36.0,UG/M3,1 Hr,Valid
Embassy Kathmandu,PM2.5 - Principal,2018-10-21 10:00 PM,2018,10,21,22,42.7,119,Unhealthy for Sensitive Groups,48.0,UG/M3,1 Hr,Valid
Embassy Kathmandu,PM2.5 - Principal,2018-10-21 11:00 PM,2018,10,21,23,40.3,113,Unhealthy for Sensitive Groups,38.0,UG/M3,1 Hr,Valid
Embassy Kathmandu,PM2.5 - Principal,2018-10-22 12:00 AM,2018,10,22,0,37.6,106,Unhealthy for Sensitive Groups,35.0,UG/M3,1 Hr,Valid
Embassy Kathmandu,PM2.5 - Principal,2018-10-22 01:00 AM,2018,10,22,1,35.8,102,Unhealthy for Sensitive Groups,34.0,UG/M3,1 Hr,Valid
Embassy Kathmandu,PM2.5 - Principal,2018-10-22 02:00 AM,2018,10,22,2,33.9,97,Moderate,32.0,UG/M3,1 Hr,Valid
Embassy Kathmandu,PM2.5 - Principal,2018-10-22 03:00 AM,2018,10,22,3,33.0,95,Moderate,31.0,UG/M3,1 Hr,Valid
Embassy Kathmandu,PM2.5 - Principal,2018-10-22 04:00 AM,2018,10,22,4,34.1,97,Moderate,35.0,UG/M3,1 Hr,Valid
Embassy Kathmandu,PM2.5 - Principal,2018-10-22 05:00 AM,2018,10,22,5,33.3,96,Moderate,32.0,UG/M3,1 Hr,Valid
Embassy Kathmandu,PM2.5 - Principal,2018-10-22 06:00 AM,2018,10,22,6,35.3,100,Moderate,39.0,UG/M3,1 Hr,Valid
Embassy Kathmandu,PM2.5 - Principal,2018-10-22 07:00 AM,2018,10,22,7,37.3,105,Unhealthy for Sensitive Groups,41.0,UG/M3,1 Hr,Valid
Embassy Kathmandu,PM2.5 - Principal,2018-10-22 08:00 AM,2018,10,22,8,44.7,124,Unhealthy for Sensitive Groups,54.0,UG/M3,1 Hr,Valid
Embassy Kathmandu,PM2.5 - Principal,2018-10-22 09:00 AM,2018,10,22,9,47.4,130,Unhealthy for Sensitive Groups,51.0,UG/M3,1 Hr,Valid
Embassy Kathmandu,PM2.5 - Principal,2018-10-22 10:00 AM,2018,10,22,10,49.8,136,Unhealthy for Sensitive Groups,53.0,UG/M3,1 Hr,Valid
Embassy Kathmandu,PM2.5 - Principal,2018-10-22 11:00 AM,2018,10,22,11,43.9,122,Unhealthy for Sensitive Groups,36.0,UG/M3,1 Hr,Valid
Embassy Kathmandu,PM2.5 - Principal,2018-10-22 12:00 PM,2018,10,22,12,43.9,122,Unhealthy for Sensitive Groups,985.0,UG/M3,1 Hr,Invalid
Embassy Kathmandu,PM2.5 - Principal,2018-10-22 01:00 PM,2018,10,22,13,32.4,94,Moderate,27.0,UG/M3,1 Hr,Valid
Embassy Kathmandu,PM2.5 - Principal,2018-10-22 02:00 PM,2018,10,22,14,27.0,82,Moderate,23.0,UG/M3,1 Hr,Valid
Embassy Kathmandu,PM2.5 - Principal,2018-10-22 03:00 PM,2018,10,22,15,23.2,74,Moderate,20.0,UG/M3,1 Hr,Valid
Embassy Kathmandu,PM2.5 - Principal,2018-10-22 04:00 PM,2018,10,22,16,23.1,74,Moderate,23.0,UG/M3,1 Hr,Valid
Embassy Kathmandu,PM2.5 - Principal,2018-10-22 05:00 PM,2018,10,22,17,22.5,73,Moderate,22.0,UG/M3,1 Hr,Valid
Embassy Kathmandu,PM2.5 - Principal,2018-10-22 06:00 PM,2018,10,22,18,23.7,75,Moderate,25.0,UG/M3,1 Hr,Valid
Embassy Kathmandu,PM2.5 - Principal,2018-10-22 07:00 PM,2018,10,22,19,28.4,85,Moderate,33.0,UG/M3,1 Hr,Valid
Embassy Kathmandu,PM2.5 - Principal,2018-10-22 08:00 PM,2018,10,22,20,32.2,93,Moderate,36.0,UG/M3,1 Hr,Valid
Embassy Kathmandu,PM2.5 - Principal,2018-10-22 09:00 PM,2018,10,22,21,39.6,111,Unhealthy for Sensitive Groups,47.0,UG/M3,1 Hr,Valid
Embassy Kathmandu,PM2.5 - Principal,2018-10-22 10:00 PM,2018,10,22,22,45.8,126,Unhealthy for Sensitive Groups,52.0,UG/M3,1 Hr,Valid
Embassy Kathmandu,PM2.5 - Principal,2018-10-22 11:00 PM,2018,10,22,23,43.9,122,Unhealthy for Sensitive Groups,42.0,UG/M3,1 Hr,Valid
Embassy Kathmandu,PM2.5 - Principal,2018-10-23 12:00 AM,2018,10,23,0,41.9,117,Unhealthy for Sensitive Groups,40.0,UG/M3,1 Hr,Valid
Embassy Kathmandu,PM2.5 - Principal,2018-10-23 01:00 AM,2018,10,23,1,40.9,114,Unhealthy for Sensitive Groups,40.0,UG/M3,1 Hr,Valid
Embassy Kathmandu,PM2.5 - Principal,2018-10-23 02:00 AM,2018,10,23,2,35.9,102,Unhealthy for Sensitive Groups,31.0,UG/M3,1 Hr,Valid
Embassy Kathmandu,PM2.5 - Principal,2018-10-23 03:00 AM,2018,10,23,3,34.4,98,Moderate,33.0,UG/M3,1 Hr,Valid
Embassy Kathmandu,PM2.5 - Principal,2018-10-23 04:00 AM,2018,10,23,4,34.7,99,Moderate,35.0,UG/M3,1 Hr,Valid
Embassy Kathmandu,PM2.5 - Principal,2018-10-23 05:00 AM,2018,10,23,5,31.8,92,Moderate,29.0,UG/M3,1 Hr,Valid
Embassy Kathmandu,PM2.5 - Principal,2018-10-23 06:00 AM,2018,10,23,6,33.5,96,Moderate,35.0,UG/M3,1 Hr,Valid
Embassy Kathmandu,PM2.5 - Principal,2018-10-23 07:00 AM,2018,10,23,7,38.6,109,Unhealthy for Sensitive Groups,45.0,UG/M3,1 Hr,Valid
Embassy Kathmandu,PM2.5 - Principal,2018-10-23 08:00 AM,2018,10,23,8,49.1,134,Unhealthy for Sensitive Groups,59.0,UG/M3,1 Hr,Valid
Embassy Kathmandu,PM2.5 - Principal,2018-10-23 09:00 AM,2018,10,23,9,55.5,151,Unhealthy,62.0,UG/M3,1 Hr,Valid
Embassy Kathmandu,PM2.5 - Principal,2018-10-23 10:00 AM,2018,10,23,10,57.2,152,Unhealthy,59.0,UG/M3,1 Hr,Valid
Embassy Kathmandu,PM2.5 - Principal,2018-10-23 11:00 AM,2018,10,23,11,54.6,148,Unhealthy for Sensitive Groups,52.0,UG/M3,1 Hr,Valid
Embassy Kathmandu,PM2.5 - Principal,2018-10-23 12:00 PM,2018,10,23,12,45.3,125,Unhealthy for Sensitive Groups,36.0,UG/M3,1 Hr,Valid
Embassy Kathmandu,PM2.5 - Principal,2018-10-23 01:00 PM,2018,10,23,13,36.6,104,Unhealthy for Sensitive Groups,28.0,UG/M3,1 Hr,Valid
Embassy Kathmandu,PM2.5 - Principal,2018-10-23 02:00 PM,2018,10,23,14,30.8,90,Moderate,25.0,UG/M3,1 Hr,Valid
Embassy Kathmandu,PM2.5 - Principal,2018-10-23 03:00 PM,2018,10,23,15,31.4,92,Moderate,32.0,UG/M3,1 Hr,Valid
Embassy Kathmandu,PM2.5 - Principal,2018-10-23 04:00 PM,2018,10,23,16,30.2,89,Moderate,29.0,UG/M3,1 Hr,Valid
Embassy Kathmandu,PM2.5 - Principal,2018-10-23 05:00 PM,2018,10,23,17,31.6,92,Moderate,33.0,UG/M3,1 Hr,Valid
Embassy Kathmandu,PM2.5 - Principal,2018-10-23 06:00 PM,2018,10,23,18,31.6,92,Moderate,-999.0,UG/M3,1 Hr,Missing
Embassy Kathmandu,PM2.5 - Principal,2018-10-23 07:00 PM,2018,10,23,19,34.5,98,Moderate,36.0,UG/M3,1 Hr,Valid
Embassy Kathmandu,PM2.5 - Principal,2018-10-23 08:00 PM,2018,10,23,20,34.2,97,Moderate,34.0,UG/M3,1 Hr,Valid
Embassy Kathmandu,PM2.5 - Principal,2018-10-23 09:00 PM,2018,10,23,21,37.8,107,Unhealthy for Sensitive Groups,41.0,UG/M3,1 Hr,Valid
Embassy Kathmandu,PM2.5 - Principal,2018-10-23 10:00 PM,2018,10,23,22,39.9,112,Unhealthy for Sensitive Groups,42.0,UG/M3,1 Hr,Valid
Embassy Kathmandu,PM2.5 - Principal,2018-10-23 11:00 PM,2018,10,23,23,39.5,111,Unhealthy for Sensitive Groups,40.0,UG/M3,1 Hr,Valid
Embassy Kathmandu,PM2.5 - Principal,2018-10-24 12:00 AM,2018,10,24,0,36.4,103,Unhealthy for Sensitive Groups,32.0,UG/M3,1 Hr,Valid
Embassy Kathmandu,PM2.5 - Principal,2018-10-24 01:00 AM,2018,10,24,1,39.6,111,Unhealthy for Sensitive Groups,44.0,UG/M3,1 Hr,Valid
Embassy Kathmandu,PM2.5 - Principal,2018-10-24 02:00 AM,2018,10,24,2,38.4,108,Unhealthy for Sensitive Groups,37.0,UG/M3,1 Hr,Valid
Embassy Kathmandu,PM2.5 - Principal,2018-10-24 03:00 AM,2018,10,24,3,37.2,105,Unhealthy for Sensitive Groups,35.0,UG/M3,1 Hr,Valid
Embassy Kathmandu,PM2.5 - Principal,2018-10-24 04:00 AM,2018,10,24,4,36.7,104,Unhealthy for Sensitive Groups,35.0,UG/M3,1 Hr,Valid
Embassy Kathmandu,PM2.5 - Principal,2018-10-24 05:00 AM,2018,10,24,5,36.0,102,Unhealthy for Sensitive Groups,34.0,UG/M3,1 Hr,Valid
Embassy Kathmandu,PM2.5 - Principal,2018-10-24 06:00 AM,2018,10,24,6,37.4,106,Unhealthy for Sensitive Groups,41.0,UG/M3,1 Hr,Valid
Embassy Kathmandu,PM2.5 - Principal,2018-10-24 07:00 AM,2018,10,24,7,41.0,115,Unhealthy for Sensitive Groups,48.0,UG/M3,1 Hr,Valid
Embassy Kathmandu,PM2.5 - Principal,2018-10-24 08:00 AM,2018,10,24,8,52.0,142,Unhealthy for Sensitive Groups,62.0,UG/M3,1 Hr,Valid
Embassy Kathmandu,PM2.5 - Principal,2018-10-24 09:00 AM,2018,10,24,9,52.0,142,Unhealthy for Sensitive Groups,52.0,UG/M3,1 Hr,Valid
Embassy Kathmandu,PM2.5 - Principal,2018-10-24 10:00 AM,2018,10,24,10,52.0,142,Unhealthy for Sensitive Groups,52.0,UG/M3,1 Hr,Valid
Embassy Kathmandu,PM2.5 - Principal,2018-10-24 11:00 AM,2018,10,24,11,44.7,124,Unhealthy for Sensitive Groups,37.0,UG/M3,1 Hr,Valid
Embassy Kathmandu,PM2.5 - Principal,2018-10-24 12:00 PM,2018,10,24,12,35.7,101,Unhealthy for Sensitive Groups,27.0,UG/M3,1 Hr,Valid
Embassy Kathmandu,PM2.5 - Principal,2018-10-24 01:00 PM,2018,10,24,13,32.8,95,Moderate,30.0,UG/M3,1 Hr,Valid
Embassy Kathmandu,PM2.5 - Principal,2018-10-24 02:00 PM,2018,10,24,14,30.9,91,Moderate,29.0,UG/M3,1 Hr,Valid
Embassy Kathmandu,PM2.5 - Principal,2018-10-24 03:00 PM,2018,10,24,15,26.4,81,Moderate,22.0,UG/M3,1 Hr,Valid
Embassy Kathmandu,PM2.5 - Principal,2018-10-24 04:00 PM,2018,10,24,16,25.7,80,Moderate,25.0,UG/M3,1 Hr,Valid
Embassy Kathmandu,PM2.5 - Principal,2018-10-24 05:00 PM,2018,10,24,17,27.3,83,Moderate,29.0,UG/M3,1 Hr,Valid
Embassy Kathmandu,PM2.5 - Principal,2018-10-24 06:00 PM,2018,10,24,18,30.1,89,Moderate,33.0,UG/M3,1 Hr,Valid
Embassy Kathmandu,PM2.5 - Principal,2018-10-24 07:00 PM,2018,10,24,19,37.0,105,Unhealthy for Sensitive Groups,44.0,UG/M3,1 Hr,Valid
Embassy Kathmandu,PM2.5 - Principal,2018-10-24 08:00 PM,2018,10,24,20,41.0,115,Unhealthy for Sensitive Groups,45.0,UG/M3,1 Hr,Valid
Embassy Kathmandu,PM2.5 - Principal,2018-10-24 09:00 PM,2018,10,24,21,43.5,121,Unhealthy for Sensitive Groups,46.0,UG/M3,1 Hr,Valid
Embassy Kathmandu,PM2.5 - Principal,2018-10-24 10:00 PM,2018,10,24,22,47.7,131,Unhealthy for Sensitive Groups,52.0,UG/M3,1 Hr,Valid
Embassy Kathmandu,PM2.5 - Principal,2018-10-24 11:00 PM,2018,10,24,23,50.3,137,Unhealthy for Sensitive Groups,53.0,UG/M3,1 Hr,Valid
Embassy Kathmandu,PM2.5 - Principal,2018-10-25 12:00 AM,2018,10,25,0,45.6,126,Unhealthy for Sensitive Groups,41.0,UG/M3,1 Hr,Valid
Embassy Kathmandu,PM2.5 - Principal,2018-10-25 01:00 AM,2018,10,25,1,41.8,117,Unhealthy for Sensitive Groups,38.0,UG/M3,1 Hr,Valid
Embassy Kathmandu,PM2.5 - Principal,2018-10-25 02:00 AM,2018,10,25,2,52.9,144,Unhealthy for Sensitive Groups,64.0,UG/M3,1 Hr,Valid
Embassy Kathmandu,PM2.5 - Principal,2018-10-25 03:00 AM,2018,10,25,3,44.9,124,Unhealthy for Sensitive Groups,37.0,UG/M3,1 Hr,Valid
Embassy Kathmandu,PM2.5 - Principal,2018-10-25 04:00 AM,2018,10,25,4,40.9,114,Unhealthy for Sensitive Groups,37.0,UG/M3,1 Hr,Valid
Embassy Kathmandu,PM2.5 - Principal,2018-10-25 05:00 AM,2018,10,25,5,39.6,111,Unhealthy for Sensitive Groups,38.0,UG/M3,1 Hr,Valid
Embassy Kathmandu,PM2.5 - Principal,2018-10-25 06:00 AM,2018,10,25,6,38.8,109,Unhealthy for Sensitive Groups,37.0,UG/M3,1 Hr,Valid
Embassy Kathmandu,PM2.5 - Principal,2018-10-25 07:00 AM,2018,10,25,7,41.4,116,Unhealthy for Sensitive Groups,45.0,UG/M3,1 Hr,Valid
Embassy Kathmandu,PM2.5 - Principal,2018-10-25 08:00 AM,2018,10,25,8,50.1,137,Unhealthy for Sensitive Groups,62.0,UG/M3,1 Hr,Valid
Embassy Kathmandu,PM2.5 - Principal,2018-10-25 09:00 AM,2018,10,25,9,53.8,146,Unhealthy for Sensitive Groups,59.0,UG/M3,1 Hr,Valid
Embassy Kathmandu,PM2.5 - Principal,2018-10-25 10:00 AM,2018,10,25,10,57.3,152,Unhealthy,62.0,UG/M3,1 Hr,Valid
Embassy Kathmandu,PM2.5 - Principal,2018-10-25 11:00 AM,2018,10,25,11,52.9,144,Unhealthy for Sensitive Groups,47.0,UG/M3,1 Hr,Valid
Embassy Kathmandu,PM2.5 - Principal,2018-10-25 12:00 PM,2018,10,25,12,43.2,120,Unhealthy for Sensitive Groups,33.0,UG/M3,1 Hr,Valid
Embassy Kathmandu,PM2.5 - Principal,2018-10-25 01:00 PM,2018,10,25,13,35.9,102,Unhealthy for Sensitive Groups,29.0,UG/M3,1 Hr,Valid
Embassy Kathmandu,PM2.5 - Principal,2018-10-25 02:00 PM,2018,10,25,14,30.4,89,Moderate,25.0,UG/M3,1 Hr,Valid
Embassy Kathmandu,PM2.5 - Principal,2018-10-25 03:00 PM,2018,10,25,15,28.2,85,Moderate,26.0,UG/M3,1 Hr,Valid
Embassy Kathmandu,PM2.5 - Principal,2018-10-25 04:00 PM,2018,10,25,16,28.1,85,Moderate,28.0,UG/M3,1 Hr,Valid
Embassy Kathmandu,PM2.5 - Principal,2018-10-25 05:00 PM,2018,10,25,17,30.0,89,Moderate,32.0,UG/M3,1 Hr,Valid
Embassy Kathmandu,PM2.5 - Principal,2018-10-25 06:00 PM,2018,10,25,18,34.0,97,Moderate,38.0,UG/M3,1 Hr,Valid
Embassy Kathmandu,PM2.5 - Principal,2018-10-25 07:00 PM,2018,10,25,19,36.5,103,Unhealthy for Sensitive Groups,39.0,UG/M3,1 Hr,Valid
Embassy Kathmandu,PM2.5 - Principal,2018-10-25 08:00 PM,2018,10,25,20,37.2,105,Unhealthy for Sensitive Groups,38.0,UG/M3,1 Hr,Valid
Embassy Kathmandu,PM2.5 - Principal,2018-10-25 09:00 PM,2018,10,25,21,41.6,116,Unhealthy for Sensitive Groups,46.0,UG/M3,1 Hr,Valid
Embassy Kathmandu,PM2.5 - Principal,2018-10-25 10:00 PM,2018,10,25,22,42.9,119,Unhealthy for Sensitive Groups,45.0,UG/M3,1 Hr,Valid
Embassy Kathmandu,PM2.5 - Principal,2018-10-25 11:00 PM,2018,10,25,23,37.9,107,Unhealthy for Sensitive Groups,32.0,UG/M3,1 Hr,Valid
Embassy Kathmandu,PM2.5 - Principal,2018-10-26 12:00 AM,2018,10,26,0,35.2,100,Moderate,32.0,UG/M3,1 Hr,Valid
Embassy Kathmandu,PM2.5 - Principal,2018-10-26 01:00 AM,2018,10,26,1,34.2,97,Moderate,33.0,UG/M3,1 Hr,Valid
Embassy Kathmandu,PM2.5 - Principal,2018-10-26 02:00 AM,2018,10,26,2,34.2,97,Moderate,34.0,UG/M3,1 Hr,Valid
Embassy Kathmandu,PM2.5 - Principal,2018-10-26 03:00 AM,2018,10,26,3,35.8,102,Unhealthy for Sensitive Groups,38.0,UG/M3,1 Hr,Valid
Embassy Kathmandu,PM2.5 - Principal,2018-10-26 04:00 AM,2018,10,26,4,32.7,94,Moderate,28.0,UG/M3,1 Hr,Valid
Embassy Kathmandu,PM2.5 - Principal,2018-10-26 05:00 AM,2018,10,26,5,32.0,93,Moderate,31.0,UG/M3,1 Hr,Valid
Embassy Kathmandu,PM2.5 - Principal,2018-10-26 06:00 AM,2018,10,26,6,35.5,101,Unhealthy for Sensitive Groups,41.0,UG/M3,1 Hr,Valid
Embassy Kathmandu,PM2.5 - Principal,2018-10-26 07:00 AM,2018,10,26,7,38.8,109,Unhealthy for Sensitive Groups,44.0,UG/M3,1 Hr,Valid
Embassy Kathmandu,PM2.5 - Principal,2018-10-26 08:00 AM,2018,10,26,8,42.2,117,Unhealthy for Sensitive Groups,47.0,UG/M3,1 Hr,Valid
Embassy Kathmandu,PM2.5 - Principal,2018-10-26 09:00 AM,2018,10,26,9,55.2,150,Unhealthy for Sensitive Groups,67.0,UG/M3,1 Hr,Valid
Embassy Kathmandu,PM2.5 - Principal,2018-10-26 10:00 AM,2018,10,26,10,51.1,139,Unhealthy for Sensitive Groups,47.0,UG/M3,1 Hr,Valid
Embassy Kathmandu,PM2.5 - Principal,2018-10-26 11:00 AM,2018,10,26,11,44.0,122,Unhealthy for Sensitive Groups,37.0,UG/M3,1 Hr,Valid
Embassy Kathmandu,PM2.5 - Principal,2018-10-26 12:00 PM,2018,10,26,12,34.0,97,Moderate,24.0,UG/M3,1 Hr,Valid
Embassy Kathmandu,PM2.5 - Principal,2018-10-26 01:00 PM,2018,10,26,13,28.5,85,Moderate,23.0,UG/M3,1 Hr,Valid
Embassy Kathmandu,PM2.5 - Principal,2018-10-26 02:00 PM,2018,10,26,14,23.7,75,Moderate,19.0,UG/M3,1 Hr,Valid
Embassy Kathmandu,PM2.5 - Principal,2018-10-26 03:00 PM,2018,10,26,15,18.3,64,Moderate,13.0,UG/M3,1 Hr,Valid
Embassy Kathmandu,PM2.5 - Principal,2018-10-26 04:00 PM,2018,10,26,16,17.6,63,Moderate,17.0,UG/M3,1 Hr,Valid
Embassy Kathmandu,PM2.5 - Principal,2018-10-26 05:00 PM,2018,10,26,17,19.8,67,Moderate,22.0,UG/M3,1 Hr,Valid
Embassy Kathmandu,PM2.5 - Principal,2018-10-26 06:00 PM,2018,10,26,18,22.9,74,Moderate,26.0,UG/M3,1 Hr,Valid
Embassy Kathmandu,PM2.5 - Principal,2018-10-26 07:00 PM,2018,10,26,19,28.4,85,Moderate,34.0,UG/M3,1 Hr,Valid
Embassy Kathmandu,PM2.5 - Principal,2018-10-26 08:00 PM,2018,10,26,20,38.2,108,Unhealthy for Sensitive Groups,48.0,UG/M3,1 Hr,Valid
Embassy Kathmandu,PM2.5 - Principal,2018-10-26 09:00 PM,2018,10,26,21,42.1,117,Unhealthy for Sensitive Groups,46.0,UG/M3,1 Hr,Valid
Embassy Kathmandu,PM2.5 - Principal,2018-10-26 10:00 PM,2018,10,26,22,36.5,103,Unhealthy for Sensitive Groups,31.0,UG/M3,1 Hr,Valid
Embassy Kathmandu,PM2.5 - Principal,2018-10-26 11:00 PM,2018,10,26,23,40.7,114,Unhealthy for Sensitive Groups,45.0,UG/M3,1 Hr,Valid
Embassy Kathmandu,PM2.5 - Principal,2018-10-27 12:00 AM,2018,10,27,0,32.3,93,Moderate,24.0,UG/M3,1 Hr,Valid
Embassy Kathmandu,PM2.5 - Principal,2018-10-27 01:00 AM,2018,10,27,1,25.6,79,Moderate,19.0,UG/M3,1 Hr,Valid
Embassy Kathmandu,PM2.5 - Principal,2018-10-27 02:00 AM,2018,10,27,2,25.3,79,Moderate,25.0,UG/M3,1 Hr,Valid
Embassy Kathmandu,PM2.5 - Principal,2018-10-27 03:00 AM,2018,10,27,3,25.6,79,Moderate,26.0,UG/M3,1 Hr,Valid
Embassy Kathmandu,PM2.5 - Principal,2018-10-27 04:00 AM,2018,10,27,4,25.8,80,Moderate,26.0,UG/M3,1 Hr,Valid
Embassy Kathmandu,PM2.5 - Principal,2018-10-27 05:00 AM,2018,10,27,5,28.4,85,Moderate,31.0,UG/M3,1 Hr,Valid
Embassy Kathmandu,PM2.5 - Principal,2018-10-27 06:00 AM,2018,10,27,6,31.2,91,Moderate,34.0,UG/M3,1 Hr,Valid
Embassy Kathmandu,PM2.5 - Principal,2018-10-27 07:00 AM,2018,10,27,7,34.6,98,Moderate,38.0,UG/M3,1 Hr,Valid
Embassy Kathmandu,PM2.5 - Principal,2018-10-27 08:00 AM,2018,10,27,8,44.3,123,Unhealthy for Sensitive Groups,54.0,UG/M3,1 Hr,Valid
Embassy Kathmandu,PM2.5 - Principal,2018-10-27 09:00 AM,2018,10,27,9,58.6,153,Unhealthy,73.0,UG/M3,1 Hr,Valid
Embassy Kathmandu,PM2.5 - Principal,2018-10-27 10:00 AM,2018,10,27,10,65.8,156,Unhealthy,73.0,UG/M3,1 Hr,Valid
Embassy Kathmandu,PM2.5 - Principal,2018-10-27 11:00 AM,2018,10,27,11,69.9,158,Unhealthy,74.0,UG/M3,1 Hr,Valid
Embassy Kathmandu,PM2.5 - Principal,2018-10-27 12:00 PM,2018,10,27,12,59.4,153,Unhealthy,49.0,UG/M3,1 Hr,Valid
Embassy Kathmandu,PM2.5 - Principal,2018-10-27 01:00 PM,2018,10,27,13,40.7,114,Unhealthy for Sensitive Groups,22.0,UG/M3,1 Hr,Valid
Embassy Kathmandu,PM2.5 - Principal,2018-10-27 02:00 PM,2018,10,27,14,27.8,84,Moderate,15.0,UG/M3,1 Hr,Valid
Embassy Kathmandu,PM2.5 - Principal,2018-10-27 03:00 PM,2018,10,27,15,20.4,68,Moderate,13.0,UG/M3,1 Hr,Valid
Embassy Kathmandu,PM2.5 - Principal,2018-10-27 04:00 PM,2018,10,27,16,17.2,62,Moderate,14.0,UG/M3,1 Hr,Valid
Embassy Kathmandu,PM2.5 - Principal,2018-10-27 05:00 PM,2018,10,27,17,18.1,64,Moderate,19.0,UG/M3,1 Hr,Valid
Embassy Kathmandu,PM2.5 - Principal,2018-10-27 06:00 PM,2018,10,27,18,22.5,73,Moderate,27.0,UG/M3,1 Hr,Valid
Embassy Kathmandu,PM2.5 - Principal,2018-10-27 07:00 PM,2018,10,27,19,29.2,87,Moderate,36.0,UG/M3,1 Hr,Valid
Embassy Kathmandu,PM2.5 - Principal,2018-10-27 08:00 PM,2018,10,27,20,33.1,95,Moderate,37.0,UG/M3,1 Hr,Valid
Embassy Kathmandu,PM2.5 - Principal,2018-10-27 09:00 PM,2018,10,27,21,38.0,107,Unhealthy for Sensitive Groups,43.0,UG/M3,1 Hr,Valid
Embassy Kathmandu,PM2.5 - Principal,2018-10-27 10:00 PM,2018,10,27,22,47.0,129,Unhealthy for Sensitive Groups,56.0,UG/M3,1 Hr,Valid
Embassy Kathmandu,PM2.5 - Principal,2018-10-27 11:00 PM,2018,10,27,23,45.5,126,Unhealthy for Sensitive Groups,44.0,UG/M3,1 Hr,Valid
Embassy Kathmandu,PM2.5 - Principal,2018-10-28 12:00 AM,2018,10,28,0,48.2,132,Unhealthy for Sensitive Groups,51.0,UG/M3,1 Hr,Valid
Embassy Kathmandu,PM2.5 - Principal,2018-10-28 01:00 AM,2018,10,28,1,39.1,110,Unhealthy for Sensitive Groups,30.0,UG/M3,1 Hr,Valid
Embassy Kathmandu,PM2.5 - Principal,2018-10-28 02:00 AM,2018,10,28,2,36.0,102,Unhealthy for Sensitive Groups,33.0,UG/M3,1 Hr,Valid
Embassy Kathmandu,PM2.5 - Principal,2018-10-28 03:00 AM,2018,10,28,3,32.5,94,Moderate,29.0,UG/M3,1 Hr,Valid
Embassy Kathmandu,PM2.5 - Principal,2018-10-28 04:00 AM,2018,10,28,4,29.2,87,Moderate,26.0,UG/M3,1 Hr,Valid
Embassy Kathmandu,PM2.5 - Principal,2018-10-28 05:00 AM,2018,10,28,5,30.1,89,Moderate,31.0,UG/M3,1 Hr,Valid
Embassy Kathmandu,PM2.5 - Principal,2018-10-28 06:00 AM,2018,10,28,6,29.0,87,Moderate,28.0,UG/M3,1 Hr,Valid
Embassy Kathmandu,PM2.5 - Principal,2018-10-28 07:00 AM,2018,10,28,7,38.0,107,Unhealthy for Sensitive Groups,47.0,UG/M3,1 Hr,Valid
Embassy Kathmandu,PM2.5 - Principal,2018-10-28 08:00 AM,2018,10,28,8,51.5,140,Unhealthy for Sensitive Groups,65.0,UG/M3,1 Hr,Valid
Embassy Kathmandu,PM2.5 - Principal,2018-10-28 09:00 AM,2018,10,28,9,53.7,146,Unhealthy for Sensitive Groups,56.0,UG/M3,1 Hr,Valid
Embassy Kathmandu,PM2.5 - Principal,2018-10-28 10:00 AM,2018,10,28,10,56.3,151,Unhealthy,59.0,UG/M3,1 Hr,Valid
Embassy Kathmandu,PM2.5 - Principal,2018-10-28 11:00 AM,2018,10,28,11,42.6,118,Unhealthy for Sensitive Groups,29.0,UG/M3,1 Hr,Valid
Embassy Kathmandu,PM2.5 - Principal,2018-10-28 12:00 PM,2018,10,28,12,31.3,91,Moderate,20.0,UG/M3,1 Hr,Valid
Embassy Kathmandu,PM2.5 - Principal,2018-10-28 01:00 PM,2018,10,28,13,22.1,72,Moderate,13.0,UG/M3,1 Hr,Valid
Embassy Kathmandu,PM2.5 - Principal,2018-10-28 02:00 PM,2018,10,28,14,20.0,68,Moderate,18.0,UG/M3,1 Hr,Valid
Embassy Kathmandu,PM2.5 - Principal,2018-10-28 03:00 PM,2018,10,28,15,17.5,62,Moderate,15.0,UG/M3,1 Hr,Valid
Embassy Kathmandu,PM2.5 - Principal,2018-10-28 04:00 PM,2018,10,28,16,16.2,60,Moderate,15.0,UG/M3,1 Hr,Valid
Embassy Kathmandu,PM2.5 - Principal,2018-10-28 05:00 PM,2018,10,28,17,19.6,67,Moderate,23.0,UG/M3,1 Hr,Valid
Embassy Kathmandu,PM2.5 - Principal,2018-10-28 06:00 PM,2018,10,28,18,23.8,76,Moderate,28.0,UG/M3,1 Hr,Valid
Embassy Kathmandu,PM2.5 - Principal,2018-10-28 07:00 PM,2018,10,28,19,26.4,81,Moderate,29.0,UG/M3,1 Hr,Valid
Embassy Kathmandu,PM2.5 - Principal,2018-10-28 08:00 PM,2018,10,28,20,29.1,87,Moderate,32.0,UG/M3,1 Hr,Valid
Embassy Kathmandu,PM2.5 - Principal,2018-10-28 09:00 PM,2018,10,28,21,38.0,107,Unhealthy for Sensitive Groups,47.0,UG/M3,1 Hr,Valid
Embassy Kathmandu,PM2.5 - Principal,2018-10-28 10:00 PM,2018,10,28,22,44.0,122,Unhealthy for Sensitive Groups,50.0,UG/M3,1 Hr,Valid
Embassy Kathmandu,PM2.5 - Principal,2018-10-28 11:00 PM,2018,10,28,23,44.0,122,Unhealthy for Sensitive Groups,44.0,UG/M3,1 Hr,Valid
Embassy Kathmandu,PM2.5 - Principal,2018-10-29 12:00 AM,2018,10,29,0,44.0,122,Unhealthy for Sensitive Groups,44.0,UG/M3,1 Hr,Valid
Embassy Kathmandu,PM2.5 - Principal,2018-10-29 01:00 AM,2018,10,29,1,38.0,107,Unhealthy for Sensitive Groups,32.0,UG/M3,1 Hr,Valid
Embassy Kathmandu,PM2.5 - Principal,2018-10-29 02:00 AM,2018,10,29,2,32.5,94,Moderate,27.0,UG/M3,1 Hr,Valid
Embassy Kathmandu,PM2.5 - Principal,2018-10-29 03:00 AM,2018,10,29,3,29.7,88,Moderate,27.0,UG/M3,1 Hr,Valid
Embassy Kathmandu,PM2.5 - Principal,2018-10-29 04:00 AM,2018,10,29,4,29.3,87,Moderate,29.0,UG/M3,1 Hr,Valid
Embassy Kathmandu,PM2.5 - Principal,2018-10-29 05:00 AM,2018,10,29,5,33.5,96,Moderate,38.0,UG/M3,1 Hr,Valid
Embassy Kathmandu,PM2.5 - Principal,2018-10-29 06:00 AM,2018,10,29,6,33.7,96,Moderate,34.0,UG/M3,1 Hr,Valid
Embassy Kathmandu,PM2.5 - Principal,2018-10-29 07:00 AM,2018,10,29,7,40.3,113,Unhealthy for Sensitive Groups,48.0,UG/M3,1 Hr,Valid
Embassy Kathmandu,PM2.5 - Principal,2018-10-29 08:00 AM,2018,10,29,8,40.3,113,Unhealthy for Sensitive Groups,-999.0,UG/M3,1 Hr,Missing
Embassy Kathmandu,PM2.5 - Principal,2018-10-29 09:00 AM,2018,10,29,9,40.3,113,Unhealthy for Sensitive Groups,-999.0,UG/M3,1 Hr,Missing
Embassy Kathmandu,PM2.5 - Principal,2018-10-29 10:00 AM,2018,10,29,10,40.3,113,Unhealthy for Sensitive Groups,-999.0,UG/M3,1 Hr,Missing
Embassy Kathmandu,PM2.5 - Principal,2018-10-29 11:00 AM,2018,10,29,11,40.3,113,Unhealthy for Sensitive Groups,-999.0,UG/M3,1 Hr,Missing
Embassy Kathmandu,PM2.5 - Principal,2018-10-30 10:00 AM,2018,10,30,10,-999.0,-999,,55.0,UG/M3,1 Hr,Valid
Embassy Kathmandu,PM2.5 - Principal,2018-10-30 11:00 AM,2018,10,30,11,51.8,141,Unhealthy for Sensitive Groups,49.0,UG/M3,1 Hr,Valid
Embassy Kathmandu,PM2.5 - Principal,2018-10-30 12:00 PM,2018,10,30,12,39.6,111,Unhealthy for Sensitive Groups,30.0,UG/M3,1 Hr,Valid
Embassy Kathmandu,PM2.5 - Principal,2018-10-30 01:00 PM,2018,10,30,13,27.2,83,Moderate,17.0,UG/M3,1 Hr,Valid
Embassy Kathmandu,PM2.5 - Principal,2018-10-30 02:00 PM,2018,10,30,14,25.0,78,Moderate,23.0,UG/M3,1 Hr,Valid
Embassy Kathmandu,PM2.5 - Principal,2018-10-30 03:00 PM,2018,10,30,15,21.4,71,Moderate,18.0,UG/M3,1 Hr,Valid
Embassy Kathmandu,PM2.5 - Principal,2018-10-30 04:00 PM,2018,10,30,16,17.7,63,Moderate,14.0,UG/M3,1 Hr,Valid
Embassy Kathmandu,PM2.5 - Principal,2018-10-30 05:00 PM,2018,10,30,17,18.8,65,Moderate,20.0,UG/M3,1 Hr,Valid
Embassy Kathmandu,PM2.5 - Principal,2018-10-30 06:00 PM,2018,10,30,18,22.4,73,Moderate,26.0,UG/M3,1 Hr,Valid
Embassy Kathmandu,PM2.5 - Principal,2018-10-30 07:00 PM,2018,10,30,19,25.2,79,Moderate,28.0,UG/M3,1 Hr,Valid
Embassy Kathmandu,PM2.5 - Principal,2018-10-30 08:00 PM,2018,10,30,20,34.1,97,Moderate,43.0,UG/M3,1 Hr,Valid
Embassy Kathmandu,PM2.5 - Principal,2018-10-30 09:00 PM,2018,10,30,21,43.5,121,Unhealthy for Sensitive Groups,53.0,UG/M3,1 Hr,Valid
Embassy Kathmandu,PM2.5 - Principal,2018-10-30 10:00 PM,2018,10,30,22,50.2,137,Unhealthy for Sensitive Groups,57.0,UG/M3,1 Hr,Valid
Embassy Kathmandu,PM2.5 - Principal,2018-10-30 11:00 PM,2018,10,30,23,45.1,125,Unhealthy for Sensitive Groups,40.0,UG/M3,1 Hr,Valid
Embassy Kathmandu,PM2.5 - Principal,2018-10-31 12:00 AM,2018,10,31,0,41.0,115,Unhealthy for Sensitive Groups,37.0,UG/M3,1 Hr,Valid
Embassy Kathmandu,PM2.5 - Principal,2018-10-31 01:00 AM,2018,10,31,1,39.0,110,Unhealthy for Sensitive Groups,37.0,UG/M3,1 Hr,Valid
Embassy Kathmandu,PM2.5 - Principal,2018-10-31 02:00 AM,2018,10,31,2,36.0,102,Unhealthy for Sensitive Groups,33.0,UG/M3,1 Hr,Valid
Embassy Kathmandu,PM2.5 - Principal,2018-10-31 03:00 AM,2018,10,31,3,35.5,101,Unhealthy for Sensitive Groups,35.0,UG/M3,1 Hr,Valid
Embassy Kathmandu,PM2.5 - Principal,2018-10-31 04:00 AM,2018,10,31,4,36.2,103,Unhealthy for Sensitive Groups,37.0,UG/M3,1 Hr,Valid
Embassy Kathmandu,PM2.5 - Principal,2018-10-31 05:00 AM,2018,10,31,5,32.1,93,Moderate,28.0,UG/M3,1 Hr,Valid
Embassy Kathmandu,PM2.5 - Principal,2018-10-31 06:00 AM,2018,10,31,6,32.0,93,Moderate,32.0,UG/M3,1 Hr,Valid
Embassy Kathmandu,PM2.5 - Principal,2018-10-31 07:00 AM,2018,10,31,7,41.0,115,Unhealthy for Sensitive Groups,50.0,UG/M3,1 Hr,Valid
Embassy Kathmandu,PM2.5 - Principal,2018-10-31 08:00 AM,2018,10,31,8,58.5,153,Unhealthy,76.0,UG/M3,1 Hr,Valid
Embassy Kathmandu,PM2.5 - Principal,2018-10-31 09:00 AM,2018,10,31,9,62.2,154,Unhealthy,66.0,UG/M3,1 Hr,Valid
Embassy Kathmandu,PM2.5 - Principal,2018-10-31 10:00 AM,2018,10,31,10,68.1,158,Unhealthy,74.0,UG/M3,1 Hr,Valid
Embassy Kathmandu,PM2.5 - Principal,2018-10-31 11:00 AM,2018,10,31,11,66.0,156,Unhealthy,64.0,UG/M3,1 Hr,Valid
Embassy Kathmandu,PM2.5 - Principal,2018-10-31 12:00 PM,2018,10,31,12,66.0,156,Unhealthy,433.0,UG/M3,1 Hr,Invalid
Embassy Kathmandu,PM2.5 - Principal,2018-10-31 01:00 PM,2018,10,31,13,42.6,118,Unhealthy for Sensitive Groups,31.0,UG/M3,1 Hr,Valid
Embassy Kathmandu,PM2.5 - Principal,2018-10-31 02:00 PM,2018,10,31,14,28.5,85,Moderate,18.0,UG/M3,1 Hr,Valid
Embassy Kathmandu,PM2.5 - Principal,2018-10-31 03:00 PM,2018,10,31,15,23.4,75,Moderate,19.0,UG/M3,1 Hr,Valid
Embassy Kathmandu,PM2.5 - Principal,2018-10-31 04:00 PM,2018,10,31,16,21.1,70,Moderate,19.0,UG/M3,1 Hr,Valid
Embassy Kathmandu,PM2.5 - Principal,2018-10-31 05:00 PM,2018,10,31,17,20.5,69,Moderate,20.0,UG/M3,1 Hr,Valid
Embassy Kathmandu,PM2.5 - Principal,2018-10-31 06:00 PM,2018,10,31,18,23.8,76,Moderate,27.0,UG/M3,1 Hr,Valid
Embassy Kathmandu,PM2.5 - Principal,2018-10-31 07:00 PM,2018,10,31,19,29.4,87,Moderate,35.0,UG/M3,1 Hr,Valid
Embassy Kathmandu,PM2.5 - Principal,2018-10-31 08:00 PM,2018,10,31,20,45.2,125,Unhealthy for Sensitive Groups,61.0,UG/M3,1 Hr,Valid
Embassy Kathmandu,PM2.5 - Principal,2018-10-31 09:00 PM,2018,10,31,21,56.6,152,Unhealthy,68.0,UG/M3,1 Hr,Valid
Embassy Kathmandu,PM2.5 - Principal,2018-10-31 10:00 PM,2018,10,31,22,45.3,125,Unhealthy for Sensitive Groups,34.0,UG/M3,1 Hr,Valid
Embassy Kathmandu,PM2.5 - Principal,2018-10-31 11:00 PM,2018,10,31,23,43.6,121,Unhealthy for Sensitive Groups,42.0,UG/M3,1 Hr,Valid
Embassy Kathmandu,PM2.5 - Principal,2018-11-01 12:00 AM,2018,11,1,0,39.3,110,Unhealthy for Sensitive Groups,35.0,UG/M3,1 Hr,Valid
Embassy Kathmandu,PM2.5 - Principal,2018-11-01 01:00 AM,2018,11,1,1,38.6,109,Unhealthy for Sensitive Groups,38.0,UG/M3,1 Hr,Valid
Embassy Kathmandu,PM2.5 - Principal,2018-11-01 02:00 AM,2018,11,1,2,37.3,105,Unhealthy for Sensitive Groups,36.0,UG/M3,1 Hr,Valid
Embassy Kathmandu,PM2.5 - Principal,2018-11-01 03:00 AM,2018,11,1,3,32.1,93,Moderate,27.0,UG/M3,1 Hr,Valid
Embassy Kathmandu,PM2.5 - Principal,2018-11-01 04:00 AM,2018,11,1,4,31.5,92,Moderate,31.0,UG/M3,1 Hr,Valid
Embassy Kathmandu,PM2.5 - Principal,2018-11-01 05:00 AM,2018,11,1,5,30.7,90,Moderate,30.0,UG/M3,1 Hr,Valid
Embassy Kathmandu,PM2.5 - Principal,2018-11-01 06:00 AM,2018,11,1,6,33.3,96,Moderate,36.0,UG/M3,1 Hr,Valid
Embassy Kathmandu,PM2.5 - Principal,2018-11-01 07:00 AM,2018,11,1,7,40.7,114,Unhealthy for Sensitive Groups,48.0,UG/M3,1 Hr,Valid
Embassy Kathmandu,PM2.5 - Principal,2018-11-01 08:00 AM,2018,11,1,8,49.3,135,Unhealthy for Sensitive Groups,58.0,UG/M3,1 Hr,Valid
Embassy Kathmandu,PM2.5 - Principal,2018-11-01 09:00 AM,2018,11,1,9,58.1,152,Unhealthy,67.0,UG/M3,1 Hr,Valid
Embassy Kathmandu,PM2.5 - Principal,2018-11-01 10:00 AM,2018,11,1,10,66.0,156,Unhealthy,74.0,UG/M3,1 Hr,Valid
Embassy Kathmandu,PM2.5 - Principal,2018-11-01 11:00 AM,2018,11,1,11,61.5,154,Unhealthy,57.0,UG/M3,1 Hr,Valid
Embassy Kathmandu,PM2.5 - Principal,2018-11-01 12:00 PM,2018,11,1,12,49.7,136,Unhealthy for Sensitive Groups,38.0,UG/M3,1 Hr,Valid
Embassy Kathmandu,PM2.5 - Principal,2018-11-01 01:00 PM,2018,11,1,13,38.8,109,Unhealthy for Sensitive Groups,28.0,UG/M3,1 Hr,Valid
Embassy Kathmandu,PM2.5 - Principal,2018-11-01 02:00 PM,2018,11,1,14,26.4,81,Moderate,14.0,UG/M3,1 Hr,Valid
Embassy Kathmandu,PM2.5 - Principal,2018-11-01 03:00 PM,2018,11,1,15,20.7,69,Moderate,15.0,UG/M3,1 Hr,Valid
Embassy Kathmandu,PM2.5 - Principal,2018-11-01 04:00 PM,2018,11,1,16,17.8,63,Moderate,15.0,UG/M3,1 Hr,Valid
Embassy Kathmandu,PM2.5 - Principal,2018-11-01 05:00 PM,2018,11,1,17,21.4,71,Moderate,25.0,UG/M3,1 Hr,Valid
Embassy Kathmandu,PM2.5 - Principal,2018-11-01 06:00 PM,2018,11,1,18,24.7,77,Moderate,28.0,UG/M3,1 Hr,Valid
Embassy Kathmandu,PM2.5 - Principal,2018-11-01 07:00 PM,2018,11,1,19,25.8,80,Moderate,27.0,UG/M3,1 Hr,Valid
Embassy Kathmandu,PM2.5 - Principal,2018-11-01 08:00 PM,2018,11,1,20,31.4,92,Moderate,37.0,UG/M3,1 Hr,Valid
Embassy Kathmandu,PM2.5 - Principal,2018-11-01 09:00 PM,2018,11,1,21,40.2,113,Unhealthy for Sensitive Groups,49.0,UG/M3,1 Hr,Valid
Embassy Kathmandu,PM2.5 - Principal,2018-11-01 10:00 PM,2018,11,1,22,41.6,116,Unhealthy for Sensitive Groups,43.0,UG/M3,1 Hr,Valid
Embassy Kathmandu,PM2.5 - Principal,2018-11-01 11:00 PM,2018,11,1,23,36.7,104,Unhealthy for Sensitive Groups,32.0,UG/M3,1 Hr,Valid
Embassy Kathmandu,PM2.5 - Principal,2018-11-02 12:00 AM,2018,11,2,0,41.3,115,Unhealthy for Sensitive Groups,46.0,UG/M3,1 Hr,Valid
Embassy Kathmandu,PM2.5 - Principal,2018-11-02 01:00 AM,2018,11,2,1,35.2,100,Moderate,29.0,UG/M3,1 Hr,Valid
Embassy Kathmandu,PM2.5 - Principal,2018-11-02 02:00 AM,2018,11,2,2,31.1,91,Moderate,27.0,UG/M3,1 Hr,Valid
Embassy Kathmandu,PM2.5 - Principal,2018-11-02 03:00 AM,2018,11,2,3,26.5,81,Moderate,22.0,UG/M3,1 Hr,Valid
Embassy Kathmandu,PM2.5 - Principal,2018-11-02 04:00 AM,2018,11,2,4,28.7,86,Moderate,31.0,UG/M3,1 Hr,Valid
Embassy Kathmandu,PM2.5 - Principal,2018-11-02 05:00 AM,2018,11,2,5,31.8,92,Moderate,35.0,UG/M3,1 Hr,Valid
Embassy Kathmandu,PM2.5 - Principal,2018-11-02 06:00 AM,2018,11,2,6,31.9,93,Moderate,32.0,UG/M3,1 Hr,Valid
Embassy Kathmandu,PM2.5 - Principal,2018-11-02 07:00 AM,2018,11,2,7,38.9,109,Unhealthy for Sensitive Groups,46.0,UG/M3,1 Hr,Valid
Embassy Kathmandu,PM2.5 - Principal,2018-11-02 08:00 AM,2018,11,2,8,50.4,138,Unhealthy for Sensitive Groups,62.0,UG/M3,1 Hr,Valid
Embassy Kathmandu,PM2.5 - Principal,2018-11-02 09:00 AM,2018,11,2,9,63.7,155,Unhealthy,77.0,UG/M3,1 Hr,Valid
Embassy Kathmandu,PM2.5 - Principal,2018-11-02 10:00 AM,2018,11,2,10,65.8,156,Unhealthy,68.0,UG/M3,1 Hr,Valid
Embassy Kathmandu,PM2.5 - Principal,2018-11-02 11:00 AM,2018,11,2,11,54.9,149,Unhealthy for Sensitive Groups,44.0,UG/M3,1 Hr,Valid
Embassy Kathmandu,PM2.5 - Principal,2018-11-02 12:00 PM,2018,11,2,12,52.4,143,Unhealthy for Sensitive Groups,50.0,UG/M3,1 Hr,Valid
Embassy Kathmandu,PM2.5 - Principal,2018-11-02 01:00 PM,2018,11,2,13,33.2,95,Moderate,14.0,UG/M3,1 Hr,Valid
Embassy Kathmandu,PM2.5 - Principal,2018-11-02 02:00 PM,2018,11,2,14,22.6,73,Moderate,12.0,UG/M3,1 Hr,Valid
Embassy Kathmandu,PM2.5 - Principal,2018-11-02 03:00 PM,2018,11,2,15,18.3,64,Moderate,14.0,UG/M3,1 Hr,Valid
Embassy Kathmandu,PM2.5 - Principal,2018-11-02 04:00 PM,2018,11,2,16,15.6,58,Moderate,13.0,UG/M3,1 Hr,Valid
Embassy Kathmandu,PM2.5 - Principal,2018-11-02 05:00 PM,2018,11,2,17,15.8,59,Moderate,16.0,UG/M3,1 Hr,Valid
Embassy Kathmandu,PM2.5 - Principal,2018-11-02 06:00 PM,2018,11,2,18,20.4,68,Moderate,25.0,UG/M3,1 Hr,Valid
Embassy Kathmandu,PM2.5 - Principal,2018-11-02 07:00 PM,2018,11,2,19,45.2,125,Unhealthy for Sensitive Groups,70.0,UG/M3,1 Hr,Valid
Embassy Kathmandu,PM2.5 - Principal,2018-11-02 08:00 PM,2018,11,2,20,53.6,146,Unhealthy for Sensitive Groups,62.0,UG/M3,1 Hr,Valid
Embassy Kathmandu,PM2.5 - Principal,2018-11-02 09:00 PM,2018,11,2,21,53.2,145,Unhealthy for Sensitive Groups,53.0,UG/M3,1 Hr,Valid
Embassy Kathmandu,PM2.5 - Principal,2018-11-02 10:00 PM,2018,11,2,22,45.6,126,Unhealthy for Sensitive Groups,38.0,UG/M3,1 Hr,Valid
Embassy Kathmandu,PM2.5 - Principal,2018-11-02 11:00 PM,2018,11,2,23,56.8,152,Unhealthy,68.0,UG/M3,1 Hr,Valid
Embassy Kathmandu,PM2.5 - Principal,2018-11-03 12:00 AM,2018,11,3,0,51.9,141,Unhealthy for Sensitive Groups,47.0,UG/M3,1 Hr,Valid
Embassy Kathmandu,PM2.5 - Principal,2018-11-03 01:00 AM,2018,11,3,1,41.4,116,Unhealthy for Sensitive Groups,31.0,UG/M3,1 Hr,Valid
Embassy Kathmandu,PM2.5 - Principal,2018-11-03 02:00 AM,2018,11,3,2,37.2,105,Unhealthy for Sensitive Groups,33.0,UG/M3,1 Hr,Valid
Embassy Kathmandu,PM2.5 - Principal,2018-11-03 03:00 AM,2018,11,3,3,31.6,92,Moderate,26.0,UG/M3,1 Hr,Valid
Embassy Kathmandu,PM2.5 - Principal,2018-11-03 04:00 AM,2018,11,3,4,31.3,91,Moderate,31.0,UG/M3,1 Hr,Valid
Embassy Kathmandu,PM2.5 - Principal,2018-11-03 05:00 AM,2018,11,3,5,30.1,89,Moderate,29.0,UG/M3,1 Hr,Valid
Embassy Kathmandu,PM2.5 - Principal,2018-11-03 06:00 AM,2018,11,3,6,37.0,105,Unhealthy for Sensitive Groups,44.0,UG/M3,1 Hr,Valid
Embassy Kathmandu,PM2.5 - Principal,2018-11-03 07:00 AM,2018,11,3,7,47.5,131,Unhealthy for Sensitive Groups,58.0,UG/M3,1 Hr,Valid
Embassy Kathmandu,PM2.5 - Principal,2018-11-03 08:00 AM,2018,11,3,8,52.7,143,Unhealthy for Sensitive Groups,58.0,UG/M3,1 Hr,Valid
Embassy Kathmandu,PM2.5 - Principal,2018-11-03 09:00 AM,2018,11,3,9,68.3,158,Unhealthy,84.0,UG/M3,1 Hr,Valid
Embassy Kathmandu,PM2.5 - Principal,2018-11-03 10:00 AM,2018,11,3,10,72.6,160,Unhealthy,77.0,UG/M3,1 Hr,Valid
Embassy Kathmandu,PM2.5 - Principal,2018-11-03 11:00 AM,2018,11,3,11,60.8,154,Unhealthy,49.0,UG/M3,1 Hr,Valid
Embassy Kathmandu,PM2.5 - Principal,2018-11-03 12:00 PM,2018,11,3,12,38.9,109,Unhealthy for Sensitive Groups,17.0,UG/M3,1 Hr,Valid
Embassy Kathmandu,PM2.5 - Principal,2018-11-03 01:00 PM,2018,11,3,13,26.9,82,Moderate,15.0,UG/M3,1 Hr,Valid
Embassy Kathmandu,PM2.5 - Principal,2018-11-03 02:00 PM,2018,11,3,14,17.4,62,Moderate,8.0,UG/M3,1 Hr,Valid
Embassy Kathmandu,PM2.5 - Principal,2018-11-03 03:00 PM,2018,11,3,15,14.7,56,Moderate,12.0,UG/M3,1 Hr,Valid
Embassy Kathmandu,PM2.5 - Principal,2018-11-03 04:00 PM,2018,11,3,16,17.8,63,Moderate,21.0,UG/M3,1 Hr,Valid
Embassy Kathmandu,PM2.5 - Principal,2018-11-03 05:00 PM,2018,11,3,17,22.9,74,Moderate,28.0,UG/M3,1 Hr,Valid
Embassy Kathmandu,PM2.5 - Principal,2018-11-03 06:00 PM,2018,11,3,18,31.4,92,Moderate,40.0,UG/M3,1 Hr,Valid
Embassy Kathmandu,PM2.5 - Principal,2018-11-03 07:00 PM,2018,11,3,19,37.7,106,Unhealthy for Sensitive Groups,44.0,UG/M3,1 Hr,Valid
Embassy Kathmandu,PM2.5 - Principal,2018-11-03 08:00 PM,2018,11,3,20,36.8,104,Unhealthy for Sensitive Groups,36.0,UG/M3,1 Hr,Valid
Embassy Kathmandu,PM2.5 - Principal,2018-11-03 09:00 PM,2018,11,3,21,42.9,119,Unhealthy for Sensitive Groups,49.0,UG/M3,1 Hr,Valid
Embassy Kathmandu,PM2.5 - Principal,2018-11-03 10:00 PM,2018,11,3,22,42.4,118,Unhealthy for Sensitive Groups,42.0,UG/M3,1 Hr,Valid
Embassy Kathmandu,PM2.5 - Principal,2018-11-03 11:00 PM,2018,11,3,23,44.7,124,Unhealthy for Sensitive Groups,47.0,UG/M3,1 Hr,Valid
Embassy Kathmandu,PM2.5 - Principal,2018-11-04 12:00 AM,2018,11,4,0,45.3,125,Unhealthy for Sensitive Groups,46.0,UG/M3,1 Hr,Valid
Embassy Kathmandu,PM2.5 - Principal,2018-11-04 01:00 AM,2018,11,4,1,40.6,114,Unhealthy for Sensitive Groups,36.0,UG/M3,1 Hr,Valid
Embassy Kathmandu,PM2.5 - Principal,2018-11-04 02:00 AM,2018,11,4,2,35.3,100,Moderate,30.0,UG/M3,1 Hr,Valid
Embassy Kathmandu,PM2.5 - Principal,2018-11-04 03:00 AM,2018,11,4,3,30.6,90,Moderate,26.0,UG/M3,1 Hr,Valid
Embassy Kathmandu,PM2.5 - Principal,2018-11-04 04:00 AM,2018,11,4,4,33.9,97,Moderate,37.0,UG/M3,1 Hr,Valid
Embassy Kathmandu,PM2.5 - Principal,2018-11-04 05:00 AM,2018,11,4,5,33.9,97,Moderate,34.0,UG/M3,1 Hr,Valid
Embassy Kathmandu,PM2.5 - Principal,2018-11-04 06:00 AM,2018,11,4,6,37.7,106,Unhealthy for Sensitive Groups,42.0,UG/M3,1 Hr,Valid
Embassy Kathmandu,PM2.5 - Principal,2018-11-04 07:00 AM,2018,11,4,7,44.9,124,Unhealthy for Sensitive Groups,52.0,UG/M3,1 Hr,Valid
Embassy Kathmandu,PM2.5 - Principal,2018-11-04 08:00 AM,2018,11,4,8,53.4,145,Unhealthy for Sensitive Groups,62.0,UG/M3,1 Hr,Valid
Embassy Kathmandu,PM2.5 - Principal,2018-11-04 09:00 AM,2018,11,4,9,61.2,154,Unhealthy,69.0,UG/M3,1 Hr,Valid
Embassy Kathmandu,PM2.5 - Principal,2018-11-04 10:00 AM,2018,11,4,10,68.6,158,Unhealthy,76.0,UG/M3,1 Hr,Valid
Embassy Kathmandu,PM2.5 - Principal,2018-11-04 11:00 AM,2018,11,4,11,67.3,157,Unhealthy,66.0,UG/M3,1 Hr,Valid
Embassy Kathmandu,PM2.5 - Principal,2018-11-04 12:00 PM,2018,11,4,12,42.6,118,Unhealthy for Sensitive Groups,18.0,UG/M3,1 Hr,Valid
Embassy Kathmandu,PM2.5 - Principal,2018-11-04 01:00 PM,2018,11,4,13,29.8,88,Moderate,17.0,UG/M3,1 Hr,Valid
Embassy Kathmandu,PM2.5 - Principal,2018-11-04 02:00 PM,2018,11,4,14,25.4,79,Moderate,21.0,UG/M3,1 Hr,Valid
Embassy Kathmandu,PM2.5 - Principal,2018-11-04 03:00 PM,2018,11,4,15,26.2,81,Moderate,27.0,UG/M3,1 Hr,Valid
Embassy Kathmandu,PM2.5 - Principal,2018-11-04 04:00 PM,2018,11,4,16,26.1,80,Moderate,26.0,UG/M3,1 Hr,Valid
Embassy Kathmandu,PM2.5 - Principal,2018-11-04 05:00 PM,2018,11,4,17,28.0,84,Moderate,30.0,UG/M3,1 Hr,Valid
Embassy Kathmandu,PM2.5 - Principal,2018-11-04 06:00 PM,2018,11,4,18,35.5,101,Unhealthy for Sensitive Groups,43.0,UG/M3,1 Hr,Valid
Embassy Kathmandu,PM2.5 - Principal,2018-11-04 07:00 PM,2018,11,4,19,41.7,116,Unhealthy for Sensitive Groups,48.0,UG/M3,1 Hr,Valid
Embassy Kathmandu,PM2.5 - Principal,2018-11-04 08:00 PM,2018,11,4,20,53.3,145,Unhealthy for Sensitive Groups,65.0,UG/M3,1 Hr,Valid
Embassy Kathmandu,PM2.5 - Principal,2018-11-04 09:00 PM,2018,11,4,21,66.6,157,Unhealthy,80.0,UG/M3,1 Hr,Valid
Embassy Kathmandu,PM2.5 - Principal,2018-11-04 10:00 PM,2018,11,4,22,120.3,184,Unhealthy,174.0,UG/M3,1 Hr,Valid
Embassy Kathmandu,PM2.5 - Principal,2018-11-04 11:00 PM,2018,11,4,23,94.6,171,Unhealthy,69.0,UG/M3,1 Hr,Valid
Embassy Kathmandu,PM2.5 - Principal,2018-11-05 12:00 AM,2018,11,5,0,73.3,160,Unhealthy,52.0,UG/M3,1 Hr,Valid
Embassy Kathmandu,PM2.5 - Principal,2018-11-05 01:00 AM,2018,11,5,1,67.1,157,Unhealthy,61.0,UG/M3,1 Hr,Valid
Embassy Kathmandu,PM2.5 - Principal,2018-11-05 02:00 AM,2018,11,5,2,57.0,152,Unhealthy,47.0,UG/M3,1 Hr,Valid
Embassy Kathmandu,PM2.5 - Principal,2018-11-05 03:00 AM,2018,11,5,3,54.5,148,Unhealthy for Sensitive Groups,52.0,UG/M3,1 Hr,Valid
Embassy Kathmandu,PM2.5 - Principal,2018-11-05 04:00 AM,2018,11,5,4,55.2,150,Unhealthy for Sensitive Groups,56.0,UG/M3,1 Hr,Valid
Embassy Kathmandu,PM2.5 - Principal,2018-11-05 05:00 AM,2018,11,5,5,53.6,146,Unhealthy for Sensitive Groups,52.0,UG/M3,1 Hr,Valid
Embassy Kathmandu,PM2.5 - Principal,2018-11-05 06:00 AM,2018,11,5,6,51.8,141,Unhealthy for Sensitive Groups,50.0,UG/M3,1 Hr,Valid
Embassy Kathmandu,PM2.5 - Principal,2018-11-05 07:00 AM,2018,11,5,7,60.9,154,Unhealthy,70.0,UG/M3,1 Hr,Valid
Embassy Kathmandu,PM2.5 - Principal,2018-11-05 08:00 AM,2018,11,5,8,71.4,159,Unhealthy,82.0,UG/M3,1 Hr,Valid
Embassy Kathmandu,PM2.5 - Principal,2018-11-05 09:00 AM,2018,11,5,9,82.7,165,Unhealthy,94.0,UG/M3,1 Hr,Valid
Embassy Kathmandu,PM2.5 - Principal,2018-11-05 10:00 AM,2018,11,5,10,76.3,162,Unhealthy,70.0,UG/M3,1 Hr,Valid
Embassy Kathmandu,PM2.5 - Principal,2018-11-05 11:00 AM,2018,11,5,11,59.1,153,Unhealthy,42.0,UG/M3,1 Hr,Valid
Embassy Kathmandu,PM2.5 - Principal,2018-11-05 12:00 PM,2018,11,5,12,42.0,117,Unhealthy for Sensitive Groups,25.0,UG/M3,1 Hr,Valid
Embassy Kathmandu,PM2.5 - Principal,2018-11-05 01:00 PM,2018,11,5,13,34.0,97,Moderate,26.0,UG/M3,1 Hr,Valid
Embassy Kathmandu,PM2.5 - Principal,2018-11-05 02:00 PM,2018,11,5,14,30.0,89,Moderate,26.0,UG/M3,1 Hr,Valid
Embassy Kathmandu,PM2.5 - Principal,2018-11-05 03:00 PM,2018,11,5,15,31.0,91,Moderate,32.0,UG/M3,1 Hr,Valid
Embassy Kathmandu,PM2.5 - Principal,2018-11-05 04:00 PM,2018,11,5,16,30.9,91,Moderate,31.0,UG/M3,1 Hr,Valid
Embassy Kathmandu,PM2.5 - Principal,2018-11-05 05:00 PM,2018,11,5,17,30.9,91,Moderate,31.0,UG/M3,1 Hr,Valid
Embassy Kathmandu,PM2.5 - Principal,2018-11-05 06:00 PM,2018,11,5,18,34.4,98,Moderate,38.0,UG/M3,1 Hr,Valid
Embassy Kathmandu,PM2.5 - Principal,2018-11-05 07:00 PM,2018,11,5,19,38.2,108,Unhealthy for Sensitive Groups,42.0,UG/M3,1 Hr,Valid
Embassy Kathmandu,PM2.5 - Principal,2018-11-05 08:00 PM,2018,11,5,20,49.1,134,Unhealthy for Sensitive Groups,60.0,UG/M3,1 Hr,Valid
Embassy Kathmandu,PM2.5 - Principal,2018-11-05 09:00 PM,2018,11,5,21,61.5,154,Unhealthy,74.0,UG/M3,1 Hr,Valid
Embassy Kathmandu,PM2.5 - Principal,2018-11-05 10:00 PM,2018,11,5,22,64.7,156,Unhealthy,68.0,UG/M3,1 Hr,Valid
Embassy Kathmandu,PM2.5 - Principal,2018-11-05 11:00 PM,2018,11,5,23,72.8,160,Unhealthy,81.0,UG/M3,1 Hr,Valid
Embassy Kathmandu,PM2.5 - Principal,2018-11-06 12:00 AM,2018,11,6,0,62.4,155,Unhealthy,52.0,UG/M3,1 Hr,Valid
Embassy Kathmandu,PM2.5 - Principal,2018-11-06 01:00 AM,2018,11,6,1,57.2,152,Unhealthy,52.0,UG/M3,1 Hr,Valid
Embassy Kathmandu,PM2.5 - Principal,2018-11-06 02:00 AM,2018,11,6,2,52.1,142,Unhealthy for Sensitive Groups,47.0,UG/M3,1 Hr,Valid
Embassy Kathmandu,PM2.5 - Principal,2018-11-06 03:00 AM,2018,11,6,3,46.5,128,Unhealthy for Sensitive Groups,41.0,UG/M3,1 Hr,Valid
Embassy Kathmandu,PM2.5 - Principal,2018-11-06 04:00 AM,2018,11,6,4,45.7,126,Unhealthy for Sensitive Groups,45.0,UG/M3,1 Hr,Valid
Embassy Kathmandu,PM2.5 - Principal,2018-11-06 05:00 AM,2018,11,6,5,47.3,130,Unhealthy for Sensitive Groups,49.0,UG/M3,1 Hr,Valid
Embassy Kathmandu,PM2.5 - Principal,2018-11-06 06:00 AM,2018,11,6,6,49.1,134,Unhealthy for Sensitive Groups,51.0,UG/M3,1 Hr,Valid
Embassy Kathmandu,PM2.5 - Principal,2018-11-06 07:00 AM,2018,11,6,7,55.0,149,Unhealthy for Sensitive Groups,61.0,UG/M3,1 Hr,Valid
Embassy Kathmandu,PM2.5 - Principal,2018-11-06 08:00 AM,2018,11,6,8,69.0,158,Unhealthy,83.0,UG/M3,1 Hr,Valid
Embassy Kathmandu,PM2.5 - Principal,2018-11-06 09:00 AM,2018,11,6,9,79.5,163,Unhealthy,90.0,UG/M3,1 Hr,Valid
Embassy Kathmandu,PM2.5 - Principal,2018-11-06 10:00 AM,2018,11,6,10,77.7,162,Unhealthy,76.0,UG/M3,1 Hr,Valid
Embassy Kathmandu,PM2.5 - Principal,2018-11-06 11:00 AM,2018,11,6,11,65.8,156,Unhealthy,54.0,UG/M3,1 Hr,Valid
Embassy Kathmandu,PM2.5 - Principal,2018-11-06 12:00 PM,2018,11,6,12,47.9,132,Unhealthy for Sensitive Groups,30.0,UG/M3,1 Hr,Valid
Embassy Kathmandu,PM2.5 - Principal,2018-11-06 01:00 PM,2018,11,6,13,35.4,100,Moderate,23.0,UG/M3,1 Hr,Valid
Embassy Kathmandu,PM2.5 - Principal,2018-11-06 02:00 PM,2018,11,6,14,31.2,91,Moderate,27.0,UG/M3,1 Hr,Valid
Embassy Kathmandu,PM2.5 - Principal,2018-11-06 03:00 PM,2018,11,6,15,29.1,87,Moderate,27.0,UG/M3,1 Hr,Valid
Embassy Kathmandu,PM2.5 - Principal,2018-11-06 04:00 PM,2018,11,6,16,28.5,85,Moderate,28.0,UG/M3,1 Hr,Valid
Embassy Kathmandu,PM2.5 - Principal,2018-11-06 05:00 PM,2018,11,6,17,33.2,95,Moderate,38.0,UG/M3,1 Hr,Valid
Embassy Kathmandu,PM2.5 - Principal,2018-11-06 06:00 PM,2018,11,6,18,36.1,102,Unhealthy for Sensitive Groups,39.0,UG/M3,1 Hr,Valid
Embassy Kathmandu,PM2.5 - Principal,2018-11-06 07:00 PM,2018,11,6,19,40.5,113,Unhealthy for Sensitive Groups,45.0,UG/M3,1 Hr,Valid
Embassy Kathmandu,PM2.5 - Principal,2018-11-06 08:00 PM,2018,11,6,20,39.7,111,Unhealthy for Sensitive Groups,39.0,UG/M3,1 Hr,Valid
Embassy Kathmandu,PM2.5 - Principal,2018-11-06 09:00 PM,2018,11,6,21,47.3,130,Unhealthy for Sensitive Groups,55.0,UG/M3,1 Hr,Valid
Embassy Kathmandu,PM2.5 - Principal,2018-11-06 10:00 PM,2018,11,6,22,51.6,141,Unhealthy for Sensitive Groups,56.0,UG/M3,1 Hr,Valid
Embassy Kathmandu,PM2.5 - Principal,2018-11-06 11:00 PM,2018,11,6,23,50.8,139,Unhealthy for Sensitive Groups,50.0,UG/M3,1 Hr,Valid
Embassy Kathmandu,PM2.5 - Principal,2018-11-07 12:00 AM,2018,11,7,0,54.4,148,Unhealthy for Sensitive Groups,58.0,UG/M3,1 Hr,Valid
Embassy Kathmandu,PM2.5 - Principal,2018-11-07 01:00 AM,2018,11,7,1,51.7,141,Unhealthy for Sensitive Groups,49.0,UG/M3,1 Hr,Valid
Embassy Kathmandu,PM2.5 - Principal,2018-11-07 02:00 AM,2018,11,7,2,46.8,129,Unhealthy for Sensitive Groups,42.0,UG/M3,1 Hr,Valid
Embassy Kathmandu,PM2.5 - Principal,2018-11-07 03:00 AM,2018,11,7,3,42.9,119,Unhealthy for Sensitive Groups,39.0,UG/M3,1 Hr,Valid
Embassy Kathmandu,PM2.5 - Principal,2018-11-07 04:00 AM,2018,11,7,4,39.1,110,Unhealthy for Sensitive Groups,33.0,UG/M3,1 Hr,Valid
Embassy Kathmandu,PM2.5 - Principal,2018-11-07 05:00 AM,2018,11,7,5,38.2,108,Unhealthy for Sensitive Groups,37.0,UG/M3,1 Hr,Valid
Embassy Kathmandu,PM2.5 - Principal,2018-11-07 06:00 AM,2018,11,7,6,44.1,122,Unhealthy for Sensitive Groups,52.0,UG/M3,1 Hr,Valid
Embassy Kathmandu,PM2.5 - Principal,2018-11-07 07:00 AM,2018,11,7,7,50.1,137,Unhealthy for Sensitive Groups,58.0,UG/M3,1 Hr,Valid
Embassy Kathmandu,PM2.5 - Principal,2018-11-07 08:00 AM,2018,11,7,8,69.6,158,Unhealthy,88.0,UG/M3,1 Hr,Valid
Embassy Kathmandu,PM2.5 - Principal,2018-11-07 09:00 AM,2018,11,7,9,73.8,160,Unhealthy,78.0,UG/M3,1 Hr,Valid
Embassy Kathmandu,PM2.5 - Principal,2018-11-07 10:00 AM,2018,11,7,10,66.9,157,Unhealthy,60.0,UG/M3,1 Hr,Valid
Embassy Kathmandu,PM2.5 - Principal,2018-11-07 11:00 AM,2018,11,7,11,57.4,152,Unhealthy,48.0,UG/M3,1 Hr,Valid
Embassy Kathmandu,PM2.5 - Principal,2018-11-07 12:00 PM,2018,11,7,12,47.2,130,Unhealthy for Sensitive Groups,37.0,UG/M3,1 Hr,Valid
Embassy Kathmandu,PM2.5 - Principal,2018-11-07 01:00 PM,2018,11,7,13,35.1,99,Moderate,23.0,UG/M3,1 Hr,Valid
Embassy Kathmandu,PM2.5 - Principal,2018-11-07 02:00 PM,2018,11,7,14,28.0,84,Moderate,21.0,UG/M3,1 Hr,Valid
Embassy Kathmandu,PM2.5 - Principal,2018-11-07 03:00 PM,2018,11,7,15,26.0,80,Moderate,24.0,UG/M3,1 Hr,Valid
Embassy Kathmandu,PM2.5 - Principal,2018-11-07 04:00 PM,2018,11,7,16,31.0,91,Moderate,36.0,UG/M3,1 Hr,Valid
Embassy Kathmandu,PM2.5 - Principal,2018-11-07 05:00 PM,2018,11,7,17,35.0,99,Moderate,39.0,UG/M3,1 Hr,Valid
Embassy Kathmandu,PM2.5 - Principal,2018-11-07 06:00 PM,2018,11,7,18,41.0,115,Unhealthy for Sensitive Groups,47.0,UG/M3,1 Hr,Valid
Embassy Kathmandu,PM2.5 - Principal,2018-11-07 07:00 PM,2018,11,7,19,45.0,124,Unhealthy for Sensitive Groups,49.0,UG/M3,1 Hr,Valid
Embassy Kathmandu,PM2.5 - Principal,2018-11-07 08:00 PM,2018,11,7,20,51.9,141,Unhealthy for Sensitive Groups,59.0,UG/M3,1 Hr,Valid
Embassy Kathmandu,PM2.5 - Principal,2018-11-07 09:00 PM,2018,11,7,21,64.9,156,Unhealthy,78.0,UG/M3,1 Hr,Valid
Embassy Kathmandu,PM2.5 - Principal,2018-11-07 10:00 PM,2018,11,7,22,65.4,156,Unhealthy,66.0,UG/M3,1 Hr,Valid
Embassy Kathmandu,PM2.5 - Principal,2018-11-07 11:00 PM,2018,11,7,23,64.2,155,Unhealthy,63.0,UG/M3,1 Hr,Valid
Embassy Kathmandu,PM2.5 - Principal,2018-11-08 12:00 AM,2018,11,8,0,61.1,154,Unhealthy,58.0,UG/M3,1 Hr,Valid
Embassy Kathmandu,PM2.5 - Principal,2018-11-08 01:00 AM,2018,11,8,1,55.0,149,Unhealthy for Sensitive Groups,49.0,UG/M3,1 Hr,Valid
Embassy Kathmandu,PM2.5 - Principal,2018-11-08 02:00 AM,2018,11,8,2,56.0,151,Unhealthy,57.0,UG/M3,1 Hr,Valid
Embassy Kathmandu,PM2.5 - Principal,2018-11-08 03:00 AM,2018,11,8,3,55.0,149,Unhealthy for Sensitive Groups,54.0,UG/M3,1 Hr,Valid
Embassy Kathmandu,PM2.5 - Principal,2018-11-08 04:00 AM,2018,11,8,4,52.5,143,Unhealthy for Sensitive Groups,50.0,UG/M3,1 Hr,Valid
Embassy Kathmandu,PM2.5 - Principal,2018-11-08 05:00 AM,2018,11,8,5,50.2,137,Unhealthy for Sensitive Groups,46.0,UG/M3,1 Hr,Valid
Embassy Kathmandu,PM2.5 - Principal,2018-11-08 06:00 AM,2018,11,8,6,50.5,138,Unhealthy for Sensitive Groups,51.0,UG/M3,1 Hr,Valid
Embassy Kathmandu,PM2.5 - Principal,2018-11-08 07:00 AM,2018,11,8,7,58.1,152,Unhealthy,69.0,UG/M3,1 Hr,Valid
Embassy Kathmandu,PM2.5 - Principal,2018-11-08 08:00 AM,2018,11,8,8,68.2,158,Unhealthy,81.0,UG/M3,1 Hr,Valid
Embassy Kathmandu,PM2.5 - Principal,2018-11-08 09:00 AM,2018,11,8,9,73.3,160,Unhealthy,80.0,UG/M3,1 Hr,Valid
Embassy Kathmandu,PM2.5 - Principal,2018-11-08 10:00 AM,2018,11,8,10,71.4,159,Unhealthy,69.0,UG/M3,1 Hr,Valid
Embassy Kathmandu,PM2.5 - Principal,2018-11-08 11:00 AM,2018,11,8,11,64.7,156,Unhealthy,56.0,UG/M3,1 Hr,Valid
Embassy Kathmandu,PM2.5 - Principal,2018-11-08 12:00 PM,2018,11,8,12,55.1,149,Unhealthy for Sensitive Groups,44.0,UG/M3,1 Hr,Valid
Embassy Kathmandu,PM2.5 - Principal,2018-11-08 01:00 PM,2018,11,8,13,42.0,117,Unhealthy for Sensitive Groups,30.0,UG/M3,1 Hr,Valid
Embassy Kathmandu,PM2.5 - Principal,2018-11-08 02:00 PM,2018,11,8,14,35.9,102,Unhealthy for Sensitive Groups,30.0,UG/M3,1 Hr,Valid
Embassy Kathmandu,PM2.5 - Principal,2018-11-08 03:00 PM,2018,11,8,15,41.9,117,Unhealthy for Sensitive Groups,48.0,UG/M3,1 Hr,Valid
Embassy Kathmandu,PM2.5 - Principal,2018-11-08 04:00 PM,2018,11,8,16,42.9,119,Unhealthy for Sensitive Groups,44.0,UG/M3,1 Hr,Valid
Embassy Kathmandu,PM2.5 - Principal,2018-11-08 05:00 PM,2018,11,8,17,40.4,113,Unhealthy for Sensitive Groups,38.0,UG/M3,1 Hr,Valid
Embassy Kathmandu,PM2.5 - Principal,2018-11-08 06:00 PM,2018,11,8,18,41.7,116,Unhealthy for Sensitive Groups,43.0,UG/M3,1 Hr,Valid
Embassy Kathmandu,PM2.5 - Principal,2018-11-08 07:00 PM,2018,11,8,19,46.8,129,Unhealthy for Sensitive Groups,52.0,UG/M3,1 Hr,Valid
Embassy Kathmandu,PM2.5 - Principal,2018-11-08 08:00 PM,2018,11,8,20,48.9,134,Unhealthy for Sensitive Groups,51.0,UG/M3,1 Hr,Valid
Embassy Kathmandu,PM2.5 - Principal,2018-11-08 09:00 PM,2018,11,8,21,62.4,155,Unhealthy,76.0,UG/M3,1 Hr,Valid
Embassy Kathmandu,PM2.5 - Principal,2018-11-08 10:00 PM,2018,11,8,22,74.7,161,Unhealthy,87.0,UG/M3,1 Hr,Valid
Embassy Kathmandu,PM2.5 - Principal,2018-11-08 11:00 PM,2018,11,8,23,70.8,159,Unhealthy,67.0,UG/M3,1 Hr,Valid
Embassy Kathmandu,PM2.5 - Principal,2018-11-09 12:00 AM,2018,11,9,0,72.9,160,Unhealthy,75.0,UG/M3,1 Hr,Valid
Embassy Kathmandu,PM2.5 - Principal,2018-11-09 01:00 AM,2018,11,9,1,65.9,156,Unhealthy,59.0,UG/M3,1 Hr,Valid
Embassy Kathmandu,PM2.5 - Principal,2018-11-09 02:00 AM,2018,11,9,2,57.9,152,Unhealthy,50.0,UG/M3,1 Hr,Valid
Embassy Kathmandu,PM2.5 - Principal,2018-11-09 03:00 AM,2018,11,9,3,53.9,146,Unhealthy for Sensitive Groups,50.0,UG/M3,1 Hr,Valid
Embassy Kathmandu,PM2.5 - Principal,2018-11-09 04:00 AM,2018,11,9,4,52.9,144,Unhealthy for Sensitive Groups,52.0,UG/M3,1 Hr,Valid
Embassy Kathmandu,PM2.5 - Principal,2018-11-09 05:00 AM,2018,11,9,5,50.5,138,Unhealthy for Sensitive Groups,48.0,UG/M3,1 Hr,Valid
Embassy Kathmandu,PM2.5 - Principal,2018-11-09 06:00 AM,2018,11,9,6,51.9,141,Unhealthy for Sensitive Groups,53.0,UG/M3,1 Hr,Valid
Embassy Kathmandu,PM2.5 - Principal,2018-11-09 07:00 AM,2018,11,9,7,56.0,151,Unhealthy,61.0,UG/M3,1 Hr,Valid
Embassy Kathmandu,PM2.5 - Principal,2018-11-09 08:00 AM,2018,11,9,8,70.5,159,Unhealthy,88.0,UG/M3,1 Hr,Valid
Embassy Kathmandu,PM2.5 - Principal,2018-11-09 09:00 AM,2018,11,9,9,71.2,159,Unhealthy,72.0,UG/M3,1 Hr,Valid
Embassy Kathmandu,PM2.5 - Principal,2018-11-09 10:00 AM,2018,11,9,10,69.3,158,Unhealthy,67.0,UG/M3,1 Hr,Valid
Embassy Kathmandu,PM2.5 - Principal,2018-11-09 11:00 AM,2018,11,9,11,60.5,154,Unhealthy,50.0,UG/M3,1 Hr,Valid
Embassy Kathmandu,PM2.5 - Principal,2018-11-09 12:00 PM,2018,11,9,12,50.3,137,Unhealthy for Sensitive Groups,41.0,UG/M3,1 Hr,Valid
Embassy Kathmandu,PM2.5 - Principal,2018-11-09 01:00 PM,2018,11,9,13,40.6,114,Unhealthy for Sensitive Groups,31.0,UG/M3,1 Hr,Valid
Embassy Kathmandu,PM2.5 - Principal,2018-11-09 02:00 PM,2018,11,9,14,34.8,99,Moderate,29.0,UG/M3,1 Hr,Valid
Embassy Kathmandu,PM2.5 - Principal,2018-11-09 03:00 PM,2018,11,9,15,34.4,98,Moderate,34.0,UG/M3,1 Hr,Valid
Embassy Kathmandu,PM2.5 - Principal,2018-11-09 04:00 PM,2018,11,9,16,34.7,99,Moderate,35.0,UG/M3,1 Hr,Valid
Embassy Kathmandu,PM2.5 - Principal,2018-11-09 05:00 PM,2018,11,9,17,34.3,98,Moderate,34.0,UG/M3,1 Hr,Valid
Embassy Kathmandu,PM2.5 - Principal,2018-11-09 06:00 PM,2018,11,9,18,37.1,105,Unhealthy for Sensitive Groups,40.0,UG/M3,1 Hr,Valid
Embassy Kathmandu,PM2.5 - Principal,2018-11-09 07:00 PM,2018,11,9,19,39.0,110,Unhealthy for Sensitive Groups,41.0,UG/M3,1 Hr,Valid
Embassy Kathmandu,PM2.5 - Principal,2018-11-09 08:00 PM,2018,11,9,20,43.0,119,Unhealthy for Sensitive Groups,47.0,UG/M3,1 Hr,Valid
Embassy Kathmandu,PM2.5 - Principal,2018-11-09 09:00 PM,2018,11,9,21,45.0,124,Unhealthy for Sensitive Groups,47.0,UG/M3,1 Hr,Valid
Embassy Kathmandu,PM2.5 - Principal,2018-11-09 10:00 PM,2018,11,9,22,43.6,121,Unhealthy for Sensitive Groups,43.0,UG/M3,1 Hr,Valid
Embassy Kathmandu,PM2.5 - Principal,2018-11-09 11:00 PM,2018,11,9,23,44.0,122,Unhealthy for Sensitive Groups,45.0,UG/M3,1 Hr,Valid
Embassy Kathmandu,PM2.5 - Principal,2018-11-10 12:00 AM,2018,11,10,0,45.1,125,Unhealthy for Sensitive Groups,47.0,UG/M3,1 Hr,Valid
Embassy Kathmandu,PM2.5 - Principal,2018-11-10 01:00 AM,2018,11,10,1,57.3,152,Unhealthy,69.0,UG/M3,1 Hr,Valid
Embassy Kathmandu,PM2.5 - Principal,2018-11-10 02:00 AM,2018,11,10,2,47.6,131,Unhealthy for Sensitive Groups,38.0,UG/M3,1 Hr,Valid
Embassy Kathmandu,PM2.5 - Principal,2018-11-10 03:00 AM,2018,11,10,3,42.8,119,Unhealthy for Sensitive Groups,38.0,UG/M3,1 Hr,Valid
Embassy Kathmandu,PM2.5 - Principal,2018-11-10 04:00 AM,2018,11,10,4,40.4,113,Unhealthy for Sensitive Groups,38.0,UG/M3,1 Hr,Valid
Embassy Kathmandu,PM2.5 - Principal,2018-11-10 05:00 AM,2018,11,10,5,40.1,112,Unhealthy for Sensitive Groups,39.0,UG/M3,1 Hr,Valid
Embassy Kathmandu,PM2.5 - Principal,2018-11-10 06:00 AM,2018,11,10,6,43.2,120,Unhealthy for Sensitive Groups,47.0,UG/M3,1 Hr,Valid
Embassy Kathmandu,PM2.5 - Principal,2018-11-10 07:00 AM,2018,11,10,7,42.6,118,Unhealthy for Sensitive Groups,42.0,UG/M3,1 Hr,Valid
Embassy Kathmandu,PM2.5 - Principal,2018-11-10 08:00 AM,2018,11,10,8,44.6,123,Unhealthy for Sensitive Groups,47.0,UG/M3,1 Hr,Valid
Embassy Kathmandu,PM2.5 - Principal,2018-11-10 09:00 AM,2018,11,10,9,50.1,137,Unhealthy for Sensitive Groups,57.0,UG/M3,1 Hr,Valid
Embassy Kathmandu,PM2.5 - Principal,2018-11-10 10:00 AM,2018,11,10,10,56.3,151,Unhealthy,64.0,UG/M3,1 Hr,Valid
Embassy Kathmandu,PM2.5 - Principal,2018-11-10 11:00 AM,2018,11,10,11,56.6,152,Unhealthy,57.0,UG/M3,1 Hr,Valid
Embassy Kathmandu,PM2.5 - Principal,2018-11-10 12:00 PM,2018,11,10,12,43.6,121,Unhealthy for Sensitive Groups,30.0,UG/M3,1 Hr,Valid
Embassy Kathmandu,PM2.5 - Principal,2018-11-10 01:00 PM,2018,11,10,13,33.8,97,Moderate,24.0,UG/M3,1 Hr,Valid
Embassy Kathmandu,PM2.5 - Principal,2018-11-10 02:00 PM,2018,11,10,14,28.3,85,Moderate,23.0,UG/M3,1 Hr,Valid
Embassy Kathmandu,PM2.5 - Principal,2018-11-10 03:00 PM,2018,11,10,15,25.6,79,Moderate,23.0,UG/M3,1 Hr,Valid
Embassy Kathmandu,PM2.5 - Principal,2018-11-10 04:00 PM,2018,11,10,16,25.3,79,Moderate,25.0,UG/M3,1 Hr,Valid
Embassy Kathmandu,PM2.5 - Principal,2018-11-10 05:00 PM,2018,11,10,17,25.1,78,Moderate,25.0,UG/M3,1 Hr,Valid
Embassy Kathmandu,PM2.5 - Principal,2018-11-10 06:00 PM,2018,11,10,18,31.0,91,Moderate,37.0,UG/M3,1 Hr,Valid
Embassy Kathmandu,PM2.5 - Principal,2018-11-10 07:00 PM,2018,11,10,19,34.5,98,Moderate,38.0,UG/M3,1 Hr,Valid
Embassy Kathmandu,PM2.5 - Principal,2018-11-10 08:00 PM,2018,11,10,20,33.7,96,Moderate,33.0,UG/M3,1 Hr,Valid
Embassy Kathmandu,PM2.5 - Principal,2018-11-10 09:00 PM,2018,11,10,21,39.3,110,Unhealthy for Sensitive Groups,45.0,UG/M3,1 Hr,Valid
Embassy Kathmandu,PM2.5 - Principal,2018-11-10 10:00 PM,2018,11,10,22,49.1,134,Unhealthy for Sensitive Groups,59.0,UG/M3,1 Hr,Valid
Embassy Kathmandu,PM2.5 - Principal,2018-11-10 11:00 PM,2018,11,10,23,42.5,118,Unhealthy for Sensitive Groups,36.0,UG/M3,1 Hr,Valid
Embassy Kathmandu,PM2.5 - Principal,2018-11-11 12:00 AM,2018,11,11,0,41.2,115,Unhealthy for Sensitive Groups,40.0,UG/M3,1 Hr,Valid
Embassy Kathmandu,PM2.5 - Principal,2018-11-11 01:00 AM,2018,11,11,1,36.6,104,Unhealthy for Sensitive Groups,32.0,UG/M3,1 Hr,Valid
Embassy Kathmandu,PM2.5 - Principal,2018-11-11 02:00 AM,2018,11,11,2,32.3,93,Moderate,28.0,UG/M3,1 Hr,Valid
Embassy Kathmandu,PM2.5 - Principal,2018-11-11 03:00 AM,2018,11,11,3,32.1,93,Moderate,32.0,UG/M3,1 Hr,Valid
Embassy Kathmandu,PM2.5 - Principal,2018-11-11 04:00 AM,2018,11,11,4,30.5,90,Moderate,29.0,UG/M3,1 Hr,Valid
Embassy Kathmandu,PM2.5 - Principal,2018-11-11 05:00 AM,2018,11,11,5,32.7,94,Moderate,35.0,UG/M3,1 Hr,Valid
Embassy Kathmandu,PM2.5 - Principal,2018-11-11 06:00 AM,2018,11,11,6,33.8,97,Moderate,35.0,UG/M3,1 Hr,Valid
Embassy Kathmandu,PM2.5 - Principal,2018-11-11 07:00 AM,2018,11,11,7,40.4,113,Unhealthy for Sensitive Groups,47.0,UG/M3,1 Hr,Valid
Embassy Kathmandu,PM2.5 - Principal,2018-11-11 08:00 AM,2018,11,11,8,48.7,134,Unhealthy for Sensitive Groups,57.0,UG/M3,1 Hr,Valid
Embassy Kathmandu,PM2.5 - Principal,2018-11-11 09:00 AM,2018,11,11,9,52.8,144,Unhealthy for Sensitive Groups,57.0,UG/M3,1 Hr,Valid
Embassy Kathmandu,PM2.5 - Principal,2018-11-11 10:00 AM,2018,11,11,10,49.4,135,Unhealthy for Sensitive Groups,46.0,UG/M3,1 Hr,Valid
Embassy Kathmandu,PM2.5 - Principal,2018-11-11 11:00 AM,2018,11,11,11,42.2,117,Unhealthy for Sensitive Groups,35.0,UG/M3,1 Hr,Valid
Embassy Kathmandu,PM2.5 - Principal,2018-11-11 12:00 PM,2018,11,11,12,34.6,98,Moderate,27.0,UG/M3,1 Hr,Valid
Embassy Kathmandu,PM2.5 - Principal,2018-11-11 01:00 PM,2018,11,11,13,33.8,97,Moderate,33.0,UG/M3,1 Hr,Valid
Embassy Kathmandu,PM2.5 - Principal,2018-11-11 02:00 PM,2018,11,11,14,26.9,82,Moderate,20.0,UG/M3,1 Hr,Valid
Embassy Kathmandu,PM2.5 - Principal,2018-11-11 03:00 PM,2018,11,11,15,25.9,80,Moderate,25.0,UG/M3,1 Hr,Valid
Embassy Kathmandu,PM2.5 - Principal,2018-11-11 04:00 PM,2018,11,11,16,23.4,75,Moderate,21.0,UG/M3,1 Hr,Valid
Embassy Kathmandu,PM2.5 - Principal,2018-11-11 05:00 PM,2018,11,11,17,27.2,83,Moderate,31.0,UG/M3,1 Hr,Valid
Embassy Kathmandu,PM2.5 - Principal,2018-11-11 06:00 PM,2018,11,11,18,30.1,89,Moderate,33.0,UG/M3,1 Hr,Valid
Embassy Kathmandu,PM2.5 - Principal,2018-11-11 07:00 PM,2018,11,11,19,32.0,93,Moderate,34.0,UG/M3,1 Hr,Valid
Embassy Kathmandu,PM2.5 - Principal,2018-11-11 08:00 PM,2018,11,11,20,45.5,126,Unhealthy for Sensitive Groups,59.0,UG/M3,1 Hr,Valid
Embassy Kathmandu,PM2.5 - Principal,2018-11-11 09:00 PM,2018,11,11,21,46.2,127,Unhealthy for Sensitive Groups,47.0,UG/M3,1 Hr,Valid
Embassy Kathmandu,PM2.5 - Principal,2018-11-11 10:00 PM,2018,11,11,22,46.6,128,Unhealthy for Sensitive Groups,47.0,UG/M3,1 Hr,Valid
Embassy Kathmandu,PM2.5 - Principal,2018-11-11 11:00 PM,2018,11,11,23,47.8,131,Unhealthy for Sensitive Groups,49.0,UG/M3,1 Hr,Valid
Embassy Kathmandu,PM2.5 - Principal,2018-11-12 12:00 AM,2018,11,12,0,41.9,117,Unhealthy for Sensitive Groups,36.0,UG/M3,1 Hr,Valid
Embassy Kathmandu,PM2.5 - Principal,2018-11-12 01:00 AM,2018,11,12,1,32.9,95,Moderate,24.0,UG/M3,1 Hr,Valid
Embassy Kathmandu,PM2.5 - Principal,2018-11-12 02:00 AM,2018,11,12,2,33.9,97,Moderate,35.0,UG/M3,1 Hr,Valid
Embassy Kathmandu,PM2.5 - Principal,2018-11-12 03:00 AM,2018,11,12,3,31.4,92,Moderate,29.0,UG/M3,1 Hr,Valid
Embassy Kathmandu,PM2.5 - Principal,2018-11-12 04:00 AM,2018,11,12,4,29.7,88,Moderate,28.0,UG/M3,1 Hr,Valid
Embassy Kathmandu,PM2.5 - Principal,2018-11-12 05:00 AM,2018,11,12,5,31.3,91,Moderate,33.0,UG/M3,1 Hr,Valid
Embassy Kathmandu,PM2.5 - Principal,2018-11-12 06:00 AM,2018,11,12,6,40.1,112,Unhealthy for Sensitive Groups,49.0,UG/M3,1 Hr,Valid
Embassy Kathmandu,PM2.5 - Principal,2018-11-12 07:00 AM,2018,11,12,7,39.5,111,Unhealthy for Sensitive Groups,39.0,UG/M3,1 Hr,Valid
Embassy Kathmandu,PM2.5 - Principal,2018-11-12 08:00 AM,2018,11,12,8,49.7,136,Unhealthy for Sensitive Groups,60.0,UG/M3,1 Hr,Valid
Embassy Kathmandu,PM2.5 - Principal,2018-11-12 09:00 AM,2018,11,12,9,60.9,154,Unhealthy,72.0,UG/M3,1 Hr,Valid
Embassy Kathmandu,PM2.5 - Principal,2018-11-12 10:00 AM,2018,11,12,10,66.4,157,Unhealthy,72.0,UG/M3,1 Hr,Valid
Embassy Kathmandu,PM2.5 - Principal,2018-11-12 11:00 AM,2018,11,12,11,57.2,152,Unhealthy,48.0,UG/M3,1 Hr,Valid
Embassy Kathmandu,PM2.5 - Principal,2018-11-12 12:00 PM,2018,11,12,12,43.1,120,Unhealthy for Sensitive Groups,29.0,UG/M3,1 Hr,Valid
Embassy Kathmandu,PM2.5 - Principal,2018-11-12 01:00 PM,2018,11,12,13,35.0,99,Moderate,27.0,UG/M3,1 Hr,Valid
Embassy Kathmandu,PM2.5 - Principal,2018-11-12 02:00 PM,2018,11,12,14,31.5,92,Moderate,28.0,UG/M3,1 Hr,Valid
Embassy Kathmandu,PM2.5 - Principal,2018-11-12 03:00 PM,2018,11,12,15,26.2,81,Moderate,21.0,UG/M3,1 Hr,Valid
Embassy Kathmandu,PM2.5 - Principal,2018-11-12 04:00 PM,2018,11,12,16,26.6,81,Moderate,27.0,UG/M3,1 Hr,Valid
Embassy Kathmandu,PM2.5 - Principal,2018-11-12 05:00 PM,2018,11,12,17,29.8,88,Moderate,33.0,UG/M3,1 Hr,Valid
Embassy Kathmandu,PM2.5 - Principal,2018-11-12 06:00 PM,2018,11,12,18,35.9,102,Unhealthy for Sensitive Groups,42.0,UG/M3,1 Hr,Valid
Embassy Kathmandu,PM2.5 - Principal,2018-11-12 07:00 PM,2018,11,12,19,39.4,111,Unhealthy for Sensitive Groups,43.0,UG/M3,1 Hr,Valid
Embassy Kathmandu,PM2.5 - Principal,2018-11-12 08:00 PM,2018,11,12,20,48.2,132,Unhealthy for Sensitive Groups,57.0,UG/M3,1 Hr,Valid
Embassy Kathmandu,PM2.5 - Principal,2018-11-12 09:00 PM,2018,11,12,21,56.1,151,Unhealthy,64.0,UG/M3,1 Hr,Valid
Embassy Kathmandu,PM2.5 - Principal,2018-11-12 10:00 PM,2018,11,12,22,56.5,152,Unhealthy,57.0,UG/M3,1 Hr,Valid
Embassy Kathmandu,PM2.5 - Principal,2018-11-12 11:00 PM,2018,11,12,23,56.2,151,Unhealthy,56.0,UG/M3,1 Hr,Valid
Embassy Kathmandu,PM2.5 - Principal,2018-11-13 12:00 AM,2018,11,13,0,53.1,144,Unhealthy for Sensitive Groups,50.0,UG/M3,1 Hr,Valid
Embassy Kathmandu,PM2.5 - Principal,2018-11-13 01:00 AM,2018,11,13,1,43.0,119,Unhealthy for Sensitive Groups,33.0,UG/M3,1 Hr,Valid
Embassy Kathmandu,PM2.5 - Principal,2018-11-13 02:00 AM,2018,11,13,2,40.5,113,Unhealthy for Sensitive Groups,38.0,UG/M3,1 Hr,Valid
Embassy Kathmandu,PM2.5 - Principal,2018-11-13 03:00 AM,2018,11,13,3,41.2,115,Unhealthy for Sensitive Groups,42.0,UG/M3,1 Hr,Valid
Embassy Kathmandu,PM2.5 - Principal,2018-11-13 04:00 AM,2018,11,13,4,43.6,121,Unhealthy for Sensitive Groups,46.0,UG/M3,1 Hr,Valid
Embassy Kathmandu,PM2.5 - Principal,2018-11-13 05:00 AM,2018,11,13,5,47.1,130,Unhealthy for Sensitive Groups,51.0,UG/M3,1 Hr,Valid
Embassy Kathmandu,PM2.5 - Principal,2018-11-13 06:00 AM,2018,11,13,6,47.5,131,Unhealthy for Sensitive Groups,48.0,UG/M3,1 Hr,Valid
Embassy Kathmandu,PM2.5 - Principal,2018-11-13 07:00 AM,2018,11,13,7,55.5,151,Unhealthy,64.0,UG/M3,1 Hr,Valid
Embassy Kathmandu,PM2.5 - Principal,2018-11-13 08:00 AM,2018,11,13,8,68.4,158,Unhealthy,81.0,UG/M3,1 Hr,Valid
Embassy Kathmandu,PM2.5 - Principal,2018-11-13 09:00 AM,2018,11,13,9,74.7,161,Unhealthy,81.0,UG/M3,1 Hr,Valid
Embassy Kathmandu,PM2.5 - Principal,2018-11-13 10:00 AM,2018,11,13,10,71.3,159,Unhealthy,68.0,UG/M3,1 Hr,Valid
Embassy Kathmandu,PM2.5 - Principal,2018-11-13 11:00 AM,2018,11,13,11,64.6,156,Unhealthy,58.0,UG/M3,1 Hr,Valid
Embassy Kathmandu,PM2.5 - Principal,2018-11-13 12:00 PM,2018,11,13,12,50.3,137,Unhealthy for Sensitive Groups,36.0,UG/M3,1 Hr,Valid
Embassy Kathmandu,PM2.5 - Principal,2018-11-13 01:00 PM,2018,11,13,13,47.6,131,Unhealthy for Sensitive Groups,45.0,UG/M3,1 Hr,Valid
Embassy Kathmandu,PM2.5 - Principal,2018-11-13 02:00 PM,2018,11,13,14,41.3,115,Unhealthy for Sensitive Groups,35.0,UG/M3,1 Hr,Valid
Embassy Kathmandu,PM2.5 - Principal,2018-11-13 03:00 PM,2018,11,13,15,34.6,98,Moderate,28.0,UG/M3,1 Hr,Valid
Embassy Kathmandu,PM2.5 - Principal,2018-11-13 04:00 PM,2018,11,13,16,38.8,109,Unhealthy for Sensitive Groups,43.0,UG/M3,1 Hr,Valid
Embassy Kathmandu,PM2.5 - Principal,2018-11-13 05:00 PM,2018,11,13,17,46.9,129,Unhealthy for Sensitive Groups,55.0,UG/M3,1 Hr,Valid
Embassy Kathmandu,PM2.5 - Principal,2018-11-13 06:00 PM,2018,11,13,18,49.9,136,Unhealthy for Sensitive Groups,53.0,UG/M3,1 Hr,Valid
Embassy Kathmandu,PM2.5 - Principal,2018-11-13 07:00 PM,2018,11,13,19,52.9,144,Unhealthy for Sensitive Groups,56.0,UG/M3,1 Hr,Valid
Embassy Kathmandu,PM2.5 - Principal,2018-11-13 08:00 PM,2018,11,13,20,55.9,151,Unhealthy,59.0,UG/M3,1 Hr,Valid
Embassy Kathmandu,PM2.5 - Principal,2018-11-13 09:00 PM,2018,11,13,21,63.9,155,Unhealthy,72.0,UG/M3,1 Hr,Valid
Embassy Kathmandu,PM2.5 - Principal,2018-11-13 10:00 PM,2018,11,13,22,63.9,155,Unhealthy,64.0,UG/M3,1 Hr,Valid
Embassy Kathmandu,PM2.5 - Principal,2018-11-13 11:00 PM,2018,11,13,23,55.9,151,Unhealthy,48.0,UG/M3,1 Hr,Valid
Embassy Kathmandu,PM2.5 - Principal,2018-11-14 12:00 AM,2018,11,14,0,51.9,141,Unhealthy for Sensitive Groups,48.0,UG/M3,1 Hr,Valid
Embassy Kathmandu,PM2.5 - Principal,2018-11-14 01:00 AM,2018,11,14,1,50.5,138,Unhealthy for Sensitive Groups,49.0,UG/M3,1 Hr,Valid
Embassy Kathmandu,PM2.5 - Principal,2018-11-14 02:00 AM,2018,11,14,2,51.7,141,Unhealthy for Sensitive Groups,53.0,UG/M3,1 Hr,Valid
Embassy Kathmandu,PM2.5 - Principal,2018-11-14 03:00 AM,2018,11,14,3,45.3,125,Unhealthy for Sensitive Groups,38.0,UG/M3,1 Hr,Valid
Embassy Kathmandu,PM2.5 - Principal,2018-11-14 04:00 AM,2018,11,14,4,43.7,121,Unhealthy for Sensitive Groups,42.0,UG/M3,1 Hr,Valid
Embassy Kathmandu,PM2.5 - Principal,2018-11-14 05:00 AM,2018,11,14,5,45.2,125,Unhealthy for Sensitive Groups,47.0,UG/M3,1 Hr,Valid
Embassy Kathmandu,PM2.5 - Principal,2018-11-14 06:00 AM,2018,11,14,6,54.5,148,Unhealthy for Sensitive Groups,65.0,UG/M3,1 Hr,Valid
Embassy Kathmandu,PM2.5 - Principal,2018-11-14 07:00 AM,2018,11,14,7,62.8,155,Unhealthy,72.0,UG/M3,1 Hr,Valid
Embassy Kathmandu,PM2.5 - Principal,2018-11-14 08:00 AM,2018,11,14,8,81.2,164,Unhealthy,99.0,UG/M3,1 Hr,Valid
Embassy Kathmandu,PM2.5 - Principal,2018-11-14 09:00 AM,2018,11,14,9,88.6,168,Unhealthy,96.0,UG/M3,1 Hr,Valid
Embassy Kathmandu,PM2.5 - Principal,2018-11-14 10:00 AM,2018,11,14,10,87.3,167,Unhealthy,86.0,UG/M3,1 Hr,Valid
Embassy Kathmandu,PM2.5 - Principal,2018-11-14 11:00 AM,2018,11,14,11,76.6,162,Unhealthy,66.0,UG/M3,1 Hr,Valid
Embassy Kathmandu,PM2.5 - Principal,2018-11-14 12:00 PM,2018,11,14,12,68.3,158,Unhealthy,60.0,UG/M3,1 Hr,Valid
Embassy Kathmandu,PM2.5 - Principal,2018-11-14 01:00 PM,2018,11,14,13,52.1,142,Unhealthy for Sensitive Groups,36.0,UG/M3,1 Hr,Valid
Embassy Kathmandu,PM2.5 - Principal,2018-11-14 02:00 PM,2018,11,14,14,38.0,107,Unhealthy for Sensitive Groups,24.0,UG/M3,1 Hr,Valid
Embassy Kathmandu,PM2.5 - Principal,2018-11-14 03:00 PM,2018,11,14,15,33.5,96,Moderate,29.0,UG/M3,1 Hr,Valid
Embassy Kathmandu,PM2.5 - Principal,2018-11-14 04:00 PM,2018,11,14,16,30.2,89,Moderate,27.0,UG/M3,1 Hr,Valid
Embassy Kathmandu,PM2.5 - Principal,2018-11-14 05:00 PM,2018,11,14,17,35.1,99,Moderate,40.0,UG/M3,1 Hr,Valid
Embassy Kathmandu,PM2.5 - Principal,2018-11-14 06:00 PM,2018,11,14,18,47.5,131,Unhealthy for Sensitive Groups,60.0,UG/M3,1 Hr,Valid
Embassy Kathmandu,PM2.5 - Principal,2018-11-14 07:00 PM,2018,11,14,19,59.7,153,Unhealthy,72.0,UG/M3,1 Hr,Valid
Embassy Kathmandu,PM2.5 - Principal,2018-11-14 08:00 PM,2018,11,14,20,73.8,160,Unhealthy,88.0,UG/M3,1 Hr,Valid
Embassy Kathmandu,PM2.5 - Principal,2018-11-14 09:00 PM,2018,11,14,21,75.9,162,Unhealthy,78.0,UG/M3,1 Hr,Valid
Embassy Kathmandu,PM2.5 - Principal,2018-11-14 10:00 PM,2018,11,14,22,66.4,157,Unhealthy,57.0,UG/M3,1 Hr,Valid
Embassy Kathmandu,PM2.5 - Principal,2018-11-14 11:00 PM,2018,11,14,23,65.2,156,Unhealthy,64.0,UG/M3,1 Hr,Valid
Embassy Kathmandu,PM2.5 - Principal,2018-11-15 12:00 AM,2018,11,15,0,62.6,155,Unhealthy,60.0,UG/M3,1 Hr,Valid
Embassy Kathmandu,PM2.5 - Principal,2018-11-15 01:00 AM,2018,11,15,1,59.3,153,Unhealthy,56.0,UG/M3,1 Hr,Valid
Embassy Kathmandu,PM2.5 - Principal,2018-11-15 02:00 AM,2018,11,15,2,54.1,147,Unhealthy for Sensitive Groups,49.0,UG/M3,1 Hr,Valid
Embassy Kathmandu,PM2.5 - Principal,2018-11-15 03:00 AM,2018,11,15,3,48.5,133,Unhealthy for Sensitive Groups,43.0,UG/M3,1 Hr,Valid
Embassy Kathmandu,PM2.5 - Principal,2018-11-15 04:00 AM,2018,11,15,4,46.2,127,Unhealthy for Sensitive Groups,44.0,UG/M3,1 Hr,Valid
Embassy Kathmandu,PM2.5 - Principal,2018-11-15 05:00 AM,2018,11,15,5,49.6,136,Unhealthy for Sensitive Groups,53.0,UG/M3,1 Hr,Valid
Embassy Kathmandu,PM2.5 - Principal,2018-11-15 06:00 AM,2018,11,15,6,54.8,149,Unhealthy for Sensitive Groups,60.0,UG/M3,1 Hr,Valid
Embassy Kathmandu,PM2.5 - Principal,2018-11-15 07:00 AM,2018,11,15,7,59.4,153,Unhealthy,64.0,UG/M3,1 Hr,Valid
Embassy Kathmandu,PM2.5 - Principal,2018-11-15 08:00 AM,2018,11,15,8,67.3,157,Unhealthy,78.0,UG/M3,1 Hr,Valid
Embassy Kathmandu,PM2.5 - Principal,2018-11-15 09:00 AM,2018,11,15,9,81.8,165,Unhealthy,95.0,UG/M3,1 Hr,Valid
Embassy Kathmandu,PM2.5 - Principal,2018-11-15 10:00 AM,2018,11,15,10,85.9,167,Unhealthy,90.0,UG/M3,1 Hr,Valid
Embassy Kathmandu,PM2.5 - Principal,2018-11-15 11:00 AM,2018,11,15,11,74.9,161,Unhealthy,64.0,UG/M3,1 Hr,Valid
Embassy Kathmandu,PM2.5 - Principal,2018-11-15 12:00 PM,2018,11,15,12,68.9,158,Unhealthy,63.0,UG/M3,1 Hr,Valid
Embassy Kathmandu,PM2.5 - Principal,2018-11-15 01:00 PM,2018,11,15,13,48.4,133,Unhealthy for Sensitive Groups,28.0,UG/M3,1 Hr,Valid
Embassy Kathmandu,PM2.5 - Principal,2018-11-15 02:00 PM,2018,11,15,14,48.4,133,Unhealthy for Sensitive Groups,-999.0,UG/M3,1 Hr,Missing
Embassy Kathmandu,PM2.5 - Principal,2018-11-15 04:00 PM,2018,11,15,16,-999.0,-999,,37.0,UG/M3,1 Hr,Valid
Embassy Kathmandu,PM2.5 - Principal,2018-11-15 05:00 PM,2018,11,15,17,39.1,110,Unhealthy for Sensitive Groups,39.0,UG/M3,1 Hr,Valid
Embassy Kathmandu,PM2.5 - Principal,2018-11-15 06:00 PM,2018,11,15,18,45.1,125,Unhealthy for Sensitive Groups,50.0,UG/M3,1 Hr,Valid
Embassy Kathmandu,PM2.5 - Principal,2018-11-15 07:00 PM,2018,11,15,19,55.5,151,Unhealthy,65.0,UG/M3,1 Hr,Valid
Embassy Kathmandu,PM2.5 - Principal,2018-11-15 08:00 PM,2018,11,15,20,58.3,152,Unhealthy,61.0,UG/M3,1 Hr,Valid
Embassy Kathmandu,PM2.5 - Principal,2018-11-15 09:00 PM,2018,11,15,21,60.6,154,Unhealthy,63.0,UG/M3,1 Hr,Valid
Embassy Kathmandu,PM2.5 - Principal,2018-11-15 10:00 PM,2018,11,15,22,55.8,151,Unhealthy,51.0,UG/M3,1 Hr,Valid
Embassy Kathmandu,PM2.5 - Principal,2018-11-15 11:00 PM,2018,11,15,23,69.9,158,Unhealthy,84.0,UG/M3,1 Hr,Valid
Embassy Kathmandu,PM2.5 - Principal,2018-11-16 12:00 AM,2018,11,16,0,62.4,155,Unhealthy,55.0,UG/M3,1 Hr,Valid
Embassy Kathmandu,PM2.5 - Principal,2018-11-16 01:00 AM,2018,11,16,1,60.7,154,Unhealthy,59.0,UG/M3,1 Hr,Valid
Embassy Kathmandu,PM2.5 - Principal,2018-11-16 02:00 AM,2018,11,16,2,57.8,152,Unhealthy,55.0,UG/M3,1 Hr,Valid
Embassy Kathmandu,PM2.5 - Principal,2018-11-16 03:00 AM,2018,11,16,3,54.9,149,Unhealthy for Sensitive Groups,52.0,UG/M3,1 Hr,Valid
Embassy Kathmandu,PM2.5 - Principal,2018-11-16 04:00 AM,2018,11,16,4,56.4,151,Unhealthy,58.0,UG/M3,1 Hr,Valid
Embassy Kathmandu,PM2.5 - Principal,2018-11-16 05:00 AM,2018,11,16,5,55.2,150,Unhealthy for Sensitive Groups,53.0,UG/M3,1 Hr,Valid
Embassy Kathmandu,PM2.5 - Principal,2018-11-16 06:00 AM,2018,11,16,6,52.6,143,Unhealthy for Sensitive Groups,49.0,UG/M3,1 Hr,Valid
Embassy Kathmandu,PM2.5 - Principal,2018-11-16 07:00 AM,2018,11,16,7,53.1,144,Unhealthy for Sensitive Groups,54.0,UG/M3,1 Hr,Valid
Embassy Kathmandu,PM2.5 - Principal,2018-11-16 08:00 AM,2018,11,16,8,74.7,161,Unhealthy,97.0,UG/M3,1 Hr,Valid
Embassy Kathmandu,PM2.5 - Principal,2018-11-16 09:00 AM,2018,11,16,9,87.9,168,Unhealthy,101.0,UG/M3,1 Hr,Valid
Embassy Kathmandu,PM2.5 - Principal,2018-11-16 10:00 AM,2018,11,16,10,89.4,169,Unhealthy,91.0,UG/M3,1 Hr,Valid
Embassy Kathmandu,PM2.5 - Principal,2018-11-16 11:00 AM,2018,11,16,11,84.7,166,Unhealthy,80.0,UG/M3,1 Hr,Valid
Embassy Kathmandu,PM2.5 - Principal,2018-11-16 12:00 PM,2018,11,16,12,62.8,155,Unhealthy,41.0,UG/M3,1 Hr,Valid
Embassy Kathmandu,PM2.5 - Principal,2018-11-16 01:00 PM,2018,11,16,13,48.4,133,Unhealthy for Sensitive Groups,34.0,UG/M3,1 Hr,Valid
Embassy Kathmandu,PM2.5 - Principal,2018-11-16 02:00 PM,2018,11,16,14,41.7,116,Unhealthy for Sensitive Groups,35.0,UG/M3,1 Hr,Valid
Embassy Kathmandu,PM2.5 - Principal,2018-11-16 03:00 PM,2018,11,16,15,37.3,105,Unhealthy for Sensitive Groups,33.0,UG/M3,1 Hr,Valid
Embassy Kathmandu,PM2.5 - Principal,2018-11-16 04:00 PM,2018,11,16,16,38.6,109,Unhealthy for Sensitive Groups,40.0,UG/M3,1 Hr,Valid
Embassy Kathmandu,PM2.5 - Principal,2018-11-16 05:00 PM,2018,11,16,17,40.8,114,Unhealthy for Sensitive Groups,43.0,UG/M3,1 Hr,Valid
Embassy Kathmandu,PM2.5 - Principal,2018-11-16 06:00 PM,2018,11,16,18,43.9,122,Unhealthy for Sensitive Groups,47.0,UG/M3,1 Hr,Valid
Embassy Kathmandu,PM2.5 - Principal,2018-11-16 07:00 PM,2018,11,16,19,42.9,119,Unhealthy for Sensitive Groups,42.0,UG/M3,1 Hr,Valid
Embassy Kathmandu,PM2.5 - Principal,2018-11-16 08:00 PM,2018,11,16,20,48.4,133,Unhealthy for Sensitive Groups,54.0,UG/M3,1 Hr,Valid
Embassy Kathmandu,PM2.5 - Principal,2018-11-16 09:00 PM,2018,11,16,21,53.2,145,Unhealthy for Sensitive Groups,58.0,UG/M3,1 Hr,Valid
Embassy Kathmandu,PM2.5 - Principal,2018-11-16 10:00 PM,2018,11,16,22,60.6,154,Unhealthy,68.0,UG/M3,1 Hr,Valid
Embassy Kathmandu,PM2.5 - Principal,2018-11-16 11:00 PM,2018,11,16,23,56.8,152,Unhealthy,53.0,UG/M3,1 Hr,Valid
Embassy Kathmandu,PM2.5 - Principal,2018-11-17 12:00 AM,2018,11,17,0,58.4,152,Unhealthy,60.0,UG/M3,1 Hr,Valid
Embassy Kathmandu,PM2.5 - Principal,2018-11-17 01:00 AM,2018,11,17,1,51.7,141,Unhealthy for Sensitive Groups,45.0,UG/M3,1 Hr,Valid
Embassy Kathmandu,PM2.5 - Principal,2018-11-17 02:00 AM,2018,11,17,2,49.8,136,Unhealthy for Sensitive Groups,48.0,UG/M3,1 Hr,Valid
Embassy Kathmandu,PM2.5 - Principal,2018-11-17 03:00 AM,2018,11,17,3,46.2,127,Unhealthy for Sensitive Groups,40.0,UG/M3,1 Hr,Valid
Embassy Kathmandu,PM2.5 - Principal,2018-11-17 04:00 AM,2018,11,17,4,48.6,133,Unhealthy for Sensitive Groups,52.0,UG/M3,1 Hr,Valid
Embassy Kathmandu,PM2.5 - Principal,2018-11-17 05:00 AM,2018,11,17,5,45.4,125,Unhealthy for Sensitive Groups,41.0,UG/M3,1 Hr,Valid
Embassy Kathmandu,PM2.5 - Principal,2018-11-17 06:00 AM,2018,11,17,6,47.3,130,Unhealthy for Sensitive Groups,50.0,UG/M3,1 Hr,Valid
Embassy Kathmandu,PM2.5 - Principal,2018-11-17 07:00 AM,2018,11,17,7,52.5,143,Unhealthy for Sensitive Groups,60.0,UG/M3,1 Hr,Valid
Embassy Kathmandu,PM2.5 - Principal,2018-11-17 08:00 AM,2018,11,17,8,68.8,158,Unhealthy,84.0,UG/M3,1 Hr,Valid
Embassy Kathmandu,PM2.5 - Principal,2018-11-17 09:00 AM,2018,11,17,9,78.9,163,Unhealthy,89.0,UG/M3,1 Hr,Valid
Embassy Kathmandu,PM2.5 - Principal,2018-11-17 10:00 AM,2018,11,17,10,79.9,164,Unhealthy,81.0,UG/M3,1 Hr,Valid
Embassy Kathmandu,PM2.5 - Principal,2018-11-17 11:00 AM,2018,11,17,11,68.4,158,Unhealthy,57.0,UG/M3,1 Hr,Valid
Embassy Kathmandu,PM2.5 - Principal,2018-11-17 12:00 PM,2018,11,17,12,57.7,152,Unhealthy,47.0,UG/M3,1 Hr,Valid
Embassy Kathmandu,PM2.5 - Principal,2018-11-17 01:00 PM,2018,11,17,13,53.3,145,Unhealthy for Sensitive Groups,49.0,UG/M3,1 Hr,Valid
Embassy Kathmandu,PM2.5 - Principal,2018-11-17 02:00 PM,2018,11,17,14,44.1,122,Unhealthy for Sensitive Groups,35.0,UG/M3,1 Hr,Valid
Embassy Kathmandu,PM2.5 - Principal,2018-11-17 03:00 PM,2018,11,17,15,41.0,115,Unhealthy for Sensitive Groups,38.0,UG/M3,1 Hr,Valid
Embassy Kathmandu,PM2.5 - Principal,2018-11-17 04:00 PM,2018,11,17,16,42.0,117,Unhealthy for Sensitive Groups,43.0,UG/M3,1 Hr,Valid
Embassy Kathmandu,PM2.5 - Principal,2018-11-17 05:00 PM,2018,11,17,17,46.5,128,Unhealthy for Sensitive Groups,51.0,UG/M3,1 Hr,Valid
Embassy Kathmandu,PM2.5 - Principal,2018-11-17 06:00 PM,2018,11,17,18,47.2,130,Unhealthy for Sensitive Groups,48.0,UG/M3,1 Hr,Valid
Embassy Kathmandu,PM2.5 - Principal,2018-11-17 07:00 PM,2018,11,17,19,47.6,131,Unhealthy for Sensitive Groups,48.0,UG/M3,1 Hr,Valid
Embassy Kathmandu,PM2.5 - Principal,2018-11-17 08:00 PM,2018,11,17,20,50.8,139,Unhealthy for Sensitive Groups,54.0,UG/M3,1 Hr,Valid
Embassy Kathmandu,PM2.5 - Principal,2018-11-17 09:00 PM,2018,11,17,21,60.9,154,Unhealthy,71.0,UG/M3,1 Hr,Valid
Embassy Kathmandu,PM2.5 - Principal,2018-11-17 10:00 PM,2018,11,17,22,60.4,154,Unhealthy,60.0,UG/M3,1 Hr,Valid
Embassy Kathmandu,PM2.5 - Principal,2018-11-17 11:00 PM,2018,11,17,23,58.7,153,Unhealthy,57.0,UG/M3,1 Hr,Valid
Embassy Kathmandu,PM2.5 - Principal,2018-11-18 12:00 AM,2018,11,18,0,57.3,152,Unhealthy,56.0,UG/M3,1 Hr,Valid
Embassy Kathmandu,PM2.5 - Principal,2018-11-18 01:00 AM,2018,11,18,1,53.6,146,Unhealthy for Sensitive Groups,50.0,UG/M3,1 Hr,Valid
Embassy Kathmandu,PM2.5 - Principal,2018-11-18 02:00 AM,2018,11,18,2,49.7,136,Unhealthy for Sensitive Groups,45.0,UG/M3,1 Hr,Valid
Embassy Kathmandu,PM2.5 - Principal,2018-11-18 03:00 AM,2018,11,18,3,49.6,136,Unhealthy for Sensitive Groups,48.0,UG/M3,1 Hr,Valid
Embassy Kathmandu,PM2.5 - Principal,2018-11-18 04:00 AM,2018,11,18,4,48.5,133,Unhealthy for Sensitive Groups,46.0,UG/M3,1 Hr,Valid
Embassy Kathmandu,PM2.5 - Principal,2018-11-18 05:00 AM,2018,11,18,5,45.5,126,Unhealthy for Sensitive Groups,42.0,UG/M3,1 Hr,Valid
Embassy Kathmandu,PM2.5 - Principal,2018-11-18 06:00 AM,2018,11,18,6,50.6,138,Unhealthy for Sensitive Groups,58.0,UG/M3,1 Hr,Valid
Embassy Kathmandu,PM2.5 - Principal,2018-11-18 07:00 AM,2018,11,18,7,53.6,146,Unhealthy for Sensitive Groups,58.0,UG/M3,1 Hr,Valid
Embassy Kathmandu,PM2.5 - Principal,2018-11-18 08:00 AM,2018,11,18,8,65.2,156,Unhealthy,78.0,UG/M3,1 Hr,Valid
Embassy Kathmandu,PM2.5 - Principal,2018-11-18 09:00 AM,2018,11,18,9,69.7,158,Unhealthy,75.0,UG/M3,1 Hr,Valid
Embassy Kathmandu,PM2.5 - Principal,2018-11-18 10:00 AM,2018,11,18,10,74.7,161,Unhealthy,80.0,UG/M3,1 Hr,Valid
Embassy Kathmandu,PM2.5 - Principal,2018-11-18 11:00 AM,2018,11,18,11,75.3,161,Unhealthy,76.0,UG/M3,1 Hr,Valid
Embassy Kathmandu,PM2.5 - Principal,2018-11-18 12:00 PM,2018,11,18,12,59.5,153,Unhealthy,42.0,UG/M3,1 Hr,Valid
Embassy Kathmandu,PM2.5 - Principal,2018-11-18 01:00 PM,2018,11,18,13,45.9,127,Unhealthy for Sensitive Groups,33.0,UG/M3,1 Hr,Valid
Embassy Kathmandu,PM2.5 - Principal,2018-11-18 02:00 PM,2018,11,18,14,45.4,125,Unhealthy for Sensitive Groups,45.0,UG/M3,1 Hr,Valid
Embassy Kathmandu,PM2.5 - Principal,2018-11-18 03:00 PM,2018,11,18,15,45.2,125,Unhealthy for Sensitive Groups,45.0,UG/M3,1 Hr,Valid
Embassy Kathmandu,PM2.5 - Principal,2018-11-18 04:00 PM,2018,11,18,16,45.1,125,Unhealthy for Sensitive Groups,45.0,UG/M3,1 Hr,Valid
Embassy Kathmandu,PM2.5 - Principal,2018-11-18 05:00 PM,2018,11,18,17,47.5,131,Unhealthy for Sensitive Groups,50.0,UG/M3,1 Hr,Valid
Embassy Kathmandu,PM2.5 - Principal,2018-11-18 06:00 PM,2018,11,18,18,56.7,152,Unhealthy,66.0,UG/M3,1 Hr,Valid
Embassy Kathmandu,PM2.5 - Principal,2018-11-18 07:00 PM,2018,11,18,19,61.8,154,Unhealthy,67.0,UG/M3,1 Hr,Valid
Embassy Kathmandu,PM2.5 - Principal,2018-11-18 08:00 PM,2018,11,18,20,67.4,157,Unhealthy,73.0,UG/M3,1 Hr,Valid
Embassy Kathmandu,PM2.5 - Principal,2018-11-18 09:00 PM,2018,11,18,21,70.7,159,Unhealthy,74.0,UG/M3,1 Hr,Valid
Embassy Kathmandu,PM2.5 - Principal,2018-11-18 10:00 PM,2018,11,18,22,76.3,162,Unhealthy,82.0,UG/M3,1 Hr,Valid
Embassy Kathmandu,PM2.5 - Principal,2018-11-18 11:00 PM,2018,11,18,23,78.1,163,Unhealthy,80.0,UG/M3,1 Hr,Valid
Embassy Kathmandu,PM2.5 - Principal,2018-11-19 12:00 AM,2018,11,19,0,80.0,164,Unhealthy,82.0,UG/M3,1 Hr,Valid
Embassy Kathmandu,PM2.5 - Principal,2018-11-19 01:00 AM,2018,11,19,1,77.0,162,Unhealthy,74.0,UG/M3,1 Hr,Valid
Embassy Kathmandu,PM2.5 - Principal,2018-11-19 02:00 AM,2018,11,19,2,75.2,161,Unhealthy,73.0,UG/M3,1 Hr,Valid
Embassy Kathmandu,PM2.5 - Principal,2018-11-19 03:00 AM,2018,11,19,3,70.6,159,Unhealthy,65.0,UG/M3,1 Hr,Valid
Embassy Kathmandu,PM2.5 - Principal,2018-11-19 04:00 AM,2018,11,19,4,70.0,158,Unhealthy,68.0,UG/M3,1 Hr,Valid
Embassy Kathmandu,PM2.5 - Principal,2018-11-19 05:00 AM,2018,11,19,5,72.2,160,Unhealthy,73.0,UG/M3,1 Hr,Valid
Embassy Kathmandu,PM2.5 - Principal,2018-11-19 06:00 AM,2018,11,19,6,73.8,160,Unhealthy,79.0,UG/M3,1 Hr,Valid
Embassy Kathmandu,PM2.5 - Principal,2018-11-19 07:00 AM,2018,11,19,7,76.6,162,Unhealthy,85.0,UG/M3,1 Hr,Valid
Embassy Kathmandu,PM2.5 - Principal,2018-11-19 08:00 AM,2018,11,19,8,89.1,168,Unhealthy,106.0,UG/M3,1 Hr,Valid
Embassy Kathmandu,PM2.5 - Principal,2018-11-19 09:00 AM,2018,11,19,9,99.4,174,Unhealthy,112.0,UG/M3,1 Hr,Valid
Embassy Kathmandu,PM2.5 - Principal,2018-11-19 10:00 AM,2018,11,19,10,106.5,177,Unhealthy,115.0,UG/M3,1 Hr,Valid
Embassy Kathmandu,PM2.5 - Principal,2018-11-19 11:00 AM,2018,11,19,11,102.8,175,Unhealthy,98.0,UG/M3,1 Hr,Valid
Embassy Kathmandu,PM2.5 - Principal,2018-11-19 12:00 PM,2018,11,19,12,95.9,172,Unhealthy,87.0,UG/M3,1 Hr,Valid
Embassy Kathmandu,PM2.5 - Principal,2018-11-19 01:00 PM,2018,11,19,13,92.9,170,Unhealthy,89.0,UG/M3,1 Hr,Valid
Embassy Kathmandu,PM2.5 - Principal,2018-11-19 02:00 PM,2018,11,19,14,80.7,164,Unhealthy,65.0,UG/M3,1 Hr,Valid
Embassy Kathmandu,PM2.5 - Principal,2018-11-19 03:00 PM,2018,11,19,15,64.7,156,Unhealthy,51.0,UG/M3,1 Hr,Valid
Embassy Kathmandu,PM2.5 - Principal,2018-11-19 04:00 PM,2018,11,19,16,60.3,153,Unhealthy,56.0,UG/M3,1 Hr,Valid
Embassy Kathmandu,PM2.5 - Principal,2018-11-19 05:00 PM,2018,11,19,17,61.6,154,Unhealthy,63.0,UG/M3,1 Hr,Valid
Embassy Kathmandu,PM2.5 - Principal,2018-11-19 06:00 PM,2018,11,19,18,67.3,157,Unhealthy,73.0,UG/M3,1 Hr,Valid
Embassy Kathmandu,PM2.5 - Principal,2018-11-19 07:00 PM,2018,11,19,19,69.6,158,Unhealthy,72.0,UG/M3,1 Hr,Valid
Embassy Kathmandu,PM2.5 - Principal,2018-11-19 08:00 PM,2018,11,19,20,76.8,162,Unhealthy,84.0,UG/M3,1 Hr,Valid
Embassy Kathmandu,PM2.5 - Principal,2018-11-19 09:00 PM,2018,11,19,21,79.9,164,Unhealthy,83.0,UG/M3,1 Hr,Valid
Embassy Kathmandu,PM2.5 - Principal,2018-11-19 10:00 PM,2018,11,19,22,83.6,166,Unhealthy,88.0,UG/M3,1 Hr,Valid
Embassy Kathmandu,PM2.5 - Principal,2018-11-19 11:00 PM,2018,11,19,23,90.5,169,Unhealthy,98.0,UG/M3,1 Hr,Valid
Embassy Kathmandu,PM2.5 - Principal,2018-11-20 12:00 AM,2018,11,20,0,86.4,167,Unhealthy,82.0,UG/M3,1 Hr,Valid
Embassy Kathmandu,PM2.5 - Principal,2018-11-20 01:00 AM,2018,11,20,1,81.9,165,Unhealthy,77.0,UG/M3,1 Hr,Valid
Embassy Kathmandu,PM2.5 - Principal,2018-11-20 02:00 AM,2018,11,20,2,71.8,159,Unhealthy,61.0,UG/M3,1 Hr,Valid
Embassy Kathmandu,PM2.5 - Principal,2018-11-20 03:00 AM,2018,11,20,3,70.0,158,Unhealthy,66.0,UG/M3,1 Hr,Valid
Embassy Kathmandu,PM2.5 - Principal,2018-11-20 04:00 AM,2018,11,20,4,67.7,157,Unhealthy,62.0,UG/M3,1 Hr,Valid
Embassy Kathmandu,PM2.5 - Principal,2018-11-20 05:00 AM,2018,11,20,5,65.1,156,Unhealthy,61.0,UG/M3,1 Hr,Valid
Embassy Kathmandu,PM2.5 - Principal,2018-11-20 06:00 AM,2018,11,20,6,66.6,157,Unhealthy,69.0,UG/M3,1 Hr,Valid
Embassy Kathmandu,PM2.5 - Principal,2018-11-20 07:00 AM,2018,11,20,7,75.4,161,Unhealthy,90.0,UG/M3,1 Hr,Valid
Embassy Kathmandu,PM2.5 - Principal,2018-11-20 08:00 AM,2018,11,20,8,85.7,167,Unhealthy,101.0,UG/M3,1 Hr,Valid
Embassy Kathmandu,PM2.5 - Principal,2018-11-20 09:00 AM,2018,11,20,9,107.7,178,Unhealthy,126.0,UG/M3,1 Hr,Valid
Embassy Kathmandu,PM2.5 - Principal,2018-11-20 10:00 AM,2018,11,20,10,113.3,181,Unhealthy,119.0,UG/M3,1 Hr,Valid
Embassy Kathmandu,PM2.5 - Principal,2018-11-20 11:00 AM,2018,11,20,11,98.6,173,Unhealthy,84.0,UG/M3,1 Hr,Valid
Embassy Kathmandu,PM2.5 - Principal,2018-11-20 12:00 PM,2018,11,20,12,78.8,163,Unhealthy,59.0,UG/M3,1 Hr,Valid
Embassy Kathmandu,PM2.5 - Principal,2018-11-20 01:00 PM,2018,11,20,13,66.4,157,Unhealthy,54.0,UG/M3,1 Hr,Valid
Embassy Kathmandu,PM2.5 - Principal,2018-11-20 02:00 PM,2018,11,20,14,60.2,153,Unhealthy,54.0,UG/M3,1 Hr,Valid
Embassy Kathmandu,PM2.5 - Principal,2018-11-20 03:00 PM,2018,11,20,15,58.1,152,Unhealthy,56.0,UG/M3,1 Hr,Valid
Embassy Kathmandu,PM2.5 - Principal,2018-11-20 04:00 PM,2018,11,20,16,68.0,157,Unhealthy,78.0,UG/M3,1 Hr,Valid
Embassy Kathmandu,PM2.5 - Principal,2018-11-20 05:00 PM,2018,11,20,17,82.5,165,Unhealthy,97.0,UG/M3,1 Hr,Valid
Embassy Kathmandu,PM2.5 - Principal,2018-11-20 06:00 PM,2018,11,20,18,97.7,173,Unhealthy,113.0,UG/M3,1 Hr,Valid
Embassy Kathmandu,PM2.5 - Principal,2018-11-20 07:00 PM,2018,11,20,19,114.3,181,Unhealthy,131.0,UG/M3,1 Hr,Valid
Embassy Kathmandu,PM2.5 - Principal,2018-11-20 08:00 PM,2018,11,20,20,122.1,185,Unhealthy,130.0,UG/M3,1 Hr,Valid
Embassy Kathmandu,PM2.5 - Principal,2018-11-20 09:00 PM,2018,11,20,21,135.1,192,Unhealthy,148.0,UG/M3,1 Hr,Valid
Embassy Kathmandu,PM2.5 - Principal,2018-11-20 10:00 PM,2018,11,20,22,135.5,192,Unhealthy,136.0,UG/M3,1 Hr,Valid
Embassy Kathmandu,PM2.5 - Principal,2018-11-20 11:00 PM,2018,11,20,23,130.7,190,Unhealthy,126.0,UG/M3,1 Hr,Valid
Embassy Kathmandu,PM2.5 - Principal,2018-11-21 12:00 AM,2018,11,21,0,115.8,182,Unhealthy,101.0,UG/M3,1 Hr,Valid
Embassy Kathmandu,PM2.5 - Principal,2018-11-21 01:00 AM,2018,11,21,1,108.9,179,Unhealthy,102.0,UG/M3,1 Hr,Valid
Embassy Kathmandu,PM2.5 - Principal,2018-11-21 02:00 AM,2018,11,21,2,107.9,178,Unhealthy,107.0,UG/M3,1 Hr,Valid
Embassy Kathmandu,PM2.5 - Principal,2018-11-21 03:00 AM,2018,11,21,3,104.9,177,Unhealthy,101.0,UG/M3,1 Hr,Valid
Embassy Kathmandu,PM2.5 - Principal,2018-11-21 04:00 AM,2018,11,21,4,105.4,177,Unhealthy,101.0,UG/M3,1 Hr,Valid
Embassy Kathmandu,PM2.5 - Principal,2018-11-21 05:00 AM,2018,11,21,5,107.1,178,Unhealthy,109.0,UG/M3,1 Hr,Valid
Embassy Kathmandu,PM2.5 - Principal,2018-11-21 06:00 AM,2018,11,21,6,103.7,176,Unhealthy,98.0,UG/M3,1 Hr,Valid
Embassy Kathmandu,PM2.5 - Principal,2018-11-21 07:00 AM,2018,11,21,7,106.1,177,Unhealthy,111.0,UG/M3,1 Hr,Valid
Embassy Kathmandu,PM2.5 - Principal,2018-11-21 08:00 AM,2018,11,21,8,117.9,183,Unhealthy,141.0,UG/M3,1 Hr,Valid
Embassy Kathmandu,PM2.5 - Principal,2018-11-21 09:00 AM,2018,11,21,9,134.0,192,Unhealthy,158.0,UG/M3,1 Hr,Valid
Embassy Kathmandu,PM2.5 - Principal,2018-11-21 10:00 AM,2018,11,21,10,144.4,197,Unhealthy,160.0,UG/M3,1 Hr,Valid
Embassy Kathmandu,PM2.5 - Principal,2018-11-21 11:00 AM,2018,11,21,11,129.5,189,Unhealthy,106.0,UG/M3,1 Hr,Valid
Embassy Kathmandu,PM2.5 - Principal,2018-11-21 12:00 PM,2018,11,21,12,99.1,174,Unhealthy,70.0,UG/M3,1 Hr,Valid
Embassy Kathmandu,PM2.5 - Principal,2018-11-21 01:00 PM,2018,11,21,13,77.0,162,Unhealthy,55.0,UG/M3,1 Hr,Valid
Embassy Kathmandu,PM2.5 - Principal,2018-11-21 02:00 PM,2018,11,21,14,68.5,158,Unhealthy,60.0,UG/M3,1 Hr,Valid
Embassy Kathmandu,PM2.5 - Principal,2018-11-21 03:00 PM,2018,11,21,15,76.2,162,Unhealthy,84.0,UG/M3,1 Hr,Valid
Embassy Kathmandu,PM2.5 - Principal,2018-11-21 04:00 PM,2018,11,21,16,81.1,164,Unhealthy,86.0,UG/M3,1 Hr,Valid
Embassy Kathmandu,PM2.5 - Principal,2018-11-21 05:00 PM,2018,11,21,17,86.0,167,Unhealthy,91.0,UG/M3,1 Hr,Valid
Embassy Kathmandu,PM2.5 - Principal,2018-11-21 06:00 PM,2018,11,21,18,93.0,170,Unhealthy,100.0,UG/M3,1 Hr,Valid
Embassy Kathmandu,PM2.5 - Principal,2018-11-21 07:00 PM,2018,11,21,19,100.0,174,Unhealthy,107.0,UG/M3,1 Hr,Valid
Embassy Kathmandu,PM2.5 - Principal,2018-11-21 08:00 PM,2018,11,21,20,109.0,179,Unhealthy,118.0,UG/M3,1 Hr,Valid
Embassy Kathmandu,PM2.5 - Principal,2018-11-21 09:00 PM,2018,11,21,21,116.4,182,Unhealthy,124.0,UG/M3,1 Hr,Valid
Embassy Kathmandu,PM2.5 - Principal,2018-11-21 10:00 PM,2018,11,21,22,112.7,181,Unhealthy,109.0,UG/M3,1 Hr,Valid
Embassy Kathmandu,PM2.5 - Principal,2018-11-21 11:00 PM,2018,11,21,23,112.3,180,Unhealthy,112.0,UG/M3,1 Hr,Valid
Embassy Kathmandu,PM2.5 - Principal,2018-11-22 12:00 AM,2018,11,22,0,106.6,177,Unhealthy,101.0,UG/M3,1 Hr,Valid
Embassy Kathmandu,PM2.5 - Principal,2018-11-22 01:00 AM,2018,11,22,1,106.3,177,Unhealthy,106.0,UG/M3,1 Hr,Valid
Embassy Kathmandu,PM2.5 - Principal,2018-11-22 02:00 AM,2018,11,22,2,103.9,176,Unhealthy,97.0,UG/M3,1 Hr,Valid
Embassy Kathmandu,PM2.5 - Principal,2018-11-22 03:00 AM,2018,11,22,3,102.2,175,Unhealthy,98.0,UG/M3,1 Hr,Valid
Embassy Kathmandu,PM2.5 - Principal,2018-11-22 04:00 AM,2018,11,22,4,101.0,174,Unhealthy,96.0,UG/M3,1 Hr,Valid
Embassy Kathmandu,PM2.5 - Principal,2018-11-22 05:00 AM,2018,11,22,5,102.6,175,Unhealthy,105.0,UG/M3,1 Hr,Valid
Embassy Kathmandu,PM2.5 - Principal,2018-11-22 06:00 AM,2018,11,22,6,103.4,176,Unhealthy,106.0,UG/M3,1 Hr,Valid
Embassy Kathmandu,PM2.5 - Principal,2018-11-22 07:00 AM,2018,11,22,7,104.9,177,Unhealthy,110.0,UG/M3,1 Hr,Valid
Embassy Kathmandu,PM2.5 - Principal,2018-11-22 08:00 AM,2018,11,22,8,112.9,181,Unhealthy,133.0,UG/M3,1 Hr,Valid
Embassy Kathmandu,PM2.5 - Principal,2018-11-22 09:00 AM,2018,11,22,9,117.7,183,Unhealthy,130.0,UG/M3,1 Hr,Valid
Embassy Kathmandu,PM2.5 - Principal,2018-11-22 10:00 AM,2018,11,22,10,135.4,192,Unhealthy,157.0,UG/M3,1 Hr,Valid
Embassy Kathmandu,PM2.5 - Principal,2018-11-22 11:00 AM,2018,11,22,11,123.6,186,Unhealthy,105.0,UG/M3,1 Hr,Valid
Embassy Kathmandu,PM2.5 - Principal,2018-11-22 12:00 PM,2018,11,22,12,86.4,167,Unhealthy,50.0,UG/M3,1 Hr,Valid
Embassy Kathmandu,PM2.5 - Principal,2018-11-22 01:00 PM,2018,11,22,13,67.7,157,Unhealthy,49.0,UG/M3,1 Hr,Valid
Embassy Kathmandu,PM2.5 - Principal,2018-11-22 02:00 PM,2018,11,22,14,57.3,152,Unhealthy,47.0,UG/M3,1 Hr,Valid
Embassy Kathmandu,PM2.5 - Principal,2018-11-22 03:00 PM,2018,11,22,15,53.6,146,Unhealthy for Sensitive Groups,50.0,UG/M3,1 Hr,Valid
Embassy Kathmandu,PM2.5 - Principal,2018-11-22 04:00 PM,2018,11,22,16,62.8,155,Unhealthy,72.0,UG/M3,1 Hr,Valid
Embassy Kathmandu,PM2.5 - Principal,2018-11-22 05:00 PM,2018,11,22,17,62.4,155,Unhealthy,62.0,UG/M3,1 Hr,Valid
Embassy Kathmandu,PM2.5 - Principal,2018-11-22 06:00 PM,2018,11,22,18,66.2,157,Unhealthy,70.0,UG/M3,1 Hr,Valid
Embassy Kathmandu,PM2.5 - Principal,2018-11-22 07:00 PM,2018,11,22,19,71.5,159,Unhealthy,77.0,UG/M3,1 Hr,Valid
Embassy Kathmandu,PM2.5 - Principal,2018-11-22 08:00 PM,2018,11,22,20,76.7,162,Unhealthy,82.0,UG/M3,1 Hr,Valid
Embassy Kathmandu,PM2.5 - Principal,2018-11-22 09:00 PM,2018,11,22,21,79.3,163,Unhealthy,82.0,UG/M3,1 Hr,Valid
Embassy Kathmandu,PM2.5 - Principal,2018-11-22 10:00 PM,2018,11,22,22,80.1,164,Unhealthy,81.0,UG/M3,1 Hr,Valid
Embassy Kathmandu,PM2.5 - Principal,2018-11-22 11:00 PM,2018,11,22,23,90.5,169,Unhealthy,101.0,UG/M3,1 Hr,Valid
Embassy Kathmandu,PM2.5 - Principal,2018-11-23 12:00 AM,2018,11,23,0,98.3,173,Unhealthy,106.0,UG/M3,1 Hr,Valid
Embassy Kathmandu,PM2.5 - Principal,2018-11-23 01:00 AM,2018,11,23,1,118.1,183,Unhealthy,138.0,UG/M3,1 Hr,Valid
Embassy Kathmandu,PM2.5 - Principal,2018-11-23 02:00 AM,2018,11,23,2,103.5,176,Unhealthy,89.0,UG/M3,1 Hr,Valid
Embassy Kathmandu,PM2.5 - Principal,2018-11-23 03:00 AM,2018,11,23,3,83.2,165,Unhealthy,63.0,UG/M3,1 Hr,Valid
Embassy Kathmandu,PM2.5 - Principal,2018-11-23 04:00 AM,2018,11,23,4,72.1,160,Unhealthy,61.0,UG/M3,1 Hr,Valid
Embassy Kathmandu,PM2.5 - Principal,2018-11-23 05:00 AM,2018,11,23,5,70.5,159,Unhealthy,69.0,UG/M3,1 Hr,Valid
Embassy Kathmandu,PM2.5 - Principal,2018-11-23 06:00 AM,2018,11,23,6,65.7,156,Unhealthy,61.0,UG/M3,1 Hr,Valid
Embassy Kathmandu,PM2.5 - Principal,2018-11-23 07:00 AM,2018,11,23,7,70.3,159,Unhealthy,75.0,UG/M3,1 Hr,Valid
Embassy Kathmandu,PM2.5 - Principal,2018-11-23 08:00 AM,2018,11,23,8,86.1,167,Unhealthy,102.0,UG/M3,1 Hr,Valid
Embassy Kathmandu,PM2.5 - Principal,2018-11-23 09:00 AM,2018,11,23,9,99.1,174,Unhealthy,112.0,UG/M3,1 Hr,Valid
Embassy Kathmandu,PM2.5 - Principal,2018-11-23 10:00 AM,2018,11,23,10,110.0,179,Unhealthy,121.0,UG/M3,1 Hr,Valid
Embassy Kathmandu,PM2.5 - Principal,2018-11-23 11:00 AM,2018,11,23,11,102.0,175,Unhealthy,94.0,UG/M3,1 Hr,Valid
Embassy Kathmandu,PM2.5 - Principal,2018-11-23 12:00 PM,2018,11,23,12,71.0,159,Unhealthy,40.0,UG/M3,1 Hr,Valid
Embassy Kathmandu,PM2.5 - Principal,2018-11-23 01:00 PM,2018,11,23,13,51.4,140,Unhealthy for Sensitive Groups,32.0,UG/M3,1 Hr,Valid
Embassy Kathmandu,PM2.5 - Principal,2018-11-23 02:00 PM,2018,11,23,14,41.7,116,Unhealthy for Sensitive Groups,32.0,UG/M3,1 Hr,Valid
Embassy Kathmandu,PM2.5 - Principal,2018-11-23 03:00 PM,2018,11,23,15,38.8,109,Unhealthy for Sensitive Groups,36.0,UG/M3,1 Hr,Valid
Embassy Kathmandu,PM2.5 - Principal,2018-11-23 04:00 PM,2018,11,23,16,38.4,108,Unhealthy for Sensitive Groups,38.0,UG/M3,1 Hr,Valid
Embassy Kathmandu,PM2.5 - Principal,2018-11-23 05:00 PM,2018,11,23,17,43.2,120,Unhealthy for Sensitive Groups,48.0,UG/M3,1 Hr,Valid
Embassy Kathmandu,PM2.5 - Principal,2018-11-23 06:00 PM,2018,11,23,18,47.6,131,Unhealthy for Sensitive Groups,52.0,UG/M3,1 Hr,Valid
Embassy Kathmandu,PM2.5 - Principal,2018-11-23 07:00 PM,2018,11,23,19,54.3,147,Unhealthy for Sensitive Groups,61.0,UG/M3,1 Hr,Valid
Embassy Kathmandu,PM2.5 - Principal,2018-11-23 08:00 PM,2018,11,23,20,59.6,153,Unhealthy,65.0,UG/M3,1 Hr,Valid
Embassy Kathmandu,PM2.5 - Principal,2018-11-23 09:00 PM,2018,11,23,21,64.3,156,Unhealthy,69.0,UG/M3,1 Hr,Valid
Embassy Kathmandu,PM2.5 - Principal,2018-11-23 10:00 PM,2018,11,23,22,76.6,162,Unhealthy,89.0,UG/M3,1 Hr,Valid
Embassy Kathmandu,PM2.5 - Principal,2018-11-23 11:00 PM,2018,11,23,23,78.8,163,Unhealthy,81.0,UG/M3,1 Hr,Valid
Embassy Kathmandu,PM2.5 - Principal,2018-11-24 12:00 AM,2018,11,24,0,78.9,163,Unhealthy,79.0,UG/M3,1 Hr,Valid
Embassy Kathmandu,PM2.5 - Principal,2018-11-24 01:00 AM,2018,11,24,1,68.9,158,Unhealthy,59.0,UG/M3,1 Hr,Valid
Embassy Kathmandu,PM2.5 - Principal,2018-11-24 02:00 AM,2018,11,24,2,65.4,156,Unhealthy,62.0,UG/M3,1 Hr,Valid
Embassy Kathmandu,PM2.5 - Principal,2018-11-24 03:00 AM,2018,11,24,3,64.2,155,Unhealthy,63.0,UG/M3,1 Hr,Valid
Embassy Kathmandu,PM2.5 - Principal,2018-11-24 04:00 AM,2018,11,24,4,62.9,155,Unhealthy,61.0,UG/M3,1 Hr,Valid
Embassy Kathmandu,PM2.5 - Principal,2018-11-24 05:00 AM,2018,11,24,5,61.5,154,Unhealthy,59.0,UG/M3,1 Hr,Valid
Embassy Kathmandu,PM2.5 - Principal,2018-11-24 06:00 AM,2018,11,24,6,60.8,154,Unhealthy,58.0,UG/M3,1 Hr,Valid
Embassy Kathmandu,PM2.5 - Principal,2018-11-24 07:00 AM,2018,11,24,7,72.2,160,Unhealthy,92.0,UG/M3,1 Hr,Valid
Embassy Kathmandu,PM2.5 - Principal,2018-11-24 08:00 AM,2018,11,24,8,81.4,164,Unhealthy,95.0,UG/M3,1 Hr,Valid
Embassy Kathmandu,PM2.5 - Principal,2018-11-24 09:00 AM,2018,11,24,9,93.8,171,Unhealthy,106.0,UG/M3,1 Hr,Valid
Embassy Kathmandu,PM2.5 - Principal,2018-11-24 10:00 AM,2018,11,24,10,108.8,179,Unhealthy,122.0,UG/M3,1 Hr,Valid
Embassy Kathmandu,PM2.5 - Principal,2018-11-24 11:00 AM,2018,11,24,11,94.4,171,Unhealthy,80.0,UG/M3,1 Hr,Valid
Embassy Kathmandu,PM2.5 - Principal,2018-11-24 12:00 PM,2018,11,24,12,71.2,159,Unhealthy,48.0,UG/M3,1 Hr,Valid
Embassy Kathmandu,PM2.5 - Principal,2018-11-24 01:00 PM,2018,11,24,13,55.1,149,Unhealthy for Sensitive Groups,39.0,UG/M3,1 Hr,Valid
Embassy Kathmandu,PM2.5 - Principal,2018-11-24 02:00 PM,2018,11,24,14,48.5,133,Unhealthy for Sensitive Groups,42.0,UG/M3,1 Hr,Valid
Embassy Kathmandu,PM2.5 - Principal,2018-11-24 03:00 PM,2018,11,24,15,48.7,134,Unhealthy for Sensitive Groups,49.0,UG/M3,1 Hr,Valid
Embassy Kathmandu,PM2.5 - Principal,2018-11-24 04:00 PM,2018,11,24,16,43.3,120,Unhealthy for Sensitive Groups,38.0,UG/M3,1 Hr,Valid
Embassy Kathmandu,PM2.5 - Principal,2018-11-24 05:00 PM,2018,11,24,17,44.1,122,Unhealthy for Sensitive Groups,45.0,UG/M3,1 Hr,Valid
Embassy Kathmandu,PM2.5 - Principal,2018-11-24 06:00 PM,2018,11,24,18,49.0,134,Unhealthy for Sensitive Groups,54.0,UG/M3,1 Hr,Valid
Embassy Kathmandu,PM2.5 - Principal,2018-11-24 07:00 PM,2018,11,24,19,55.5,151,Unhealthy,62.0,UG/M3,1 Hr,Valid
Embassy Kathmandu,PM2.5 - Principal,2018-11-24 08:00 PM,2018,11,24,20,59.2,153,Unhealthy,63.0,UG/M3,1 Hr,Valid
Embassy Kathmandu,PM2.5 - Principal,2018-11-24 09:00 PM,2018,11,24,21,65.6,156,Unhealthy,72.0,UG/M3,1 Hr,Valid
Embassy Kathmandu,PM2.5 - Principal,2018-11-24 10:00 PM,2018,11,24,22,74.8,161,Unhealthy,84.0,UG/M3,1 Hr,Valid
Embassy Kathmandu,PM2.5 - Principal,2018-11-24 11:00 PM,2018,11,24,23,73.4,160,Unhealthy,72.0,UG/M3,1 Hr,Valid
Embassy Kathmandu,PM2.5 - Principal,2018-11-25 12:00 AM,2018,11,25,0,72.7,160,Unhealthy,72.0,UG/M3,1 Hr,Valid
Embassy Kathmandu,PM2.5 - Principal,2018-11-25 01:00 AM,2018,11,25,1,67.3,157,Unhealthy,62.0,UG/M3,1 Hr,Valid
Embassy Kathmandu,PM2.5 - Principal,2018-11-25 02:00 AM,2018,11,25,2,65.1,156,Unhealthy,63.0,UG/M3,1 Hr,Valid
Embassy Kathmandu,PM2.5 - Principal,2018-11-25 03:00 AM,2018,11,25,3,61.0,154,Unhealthy,57.0,UG/M3,1 Hr,Valid
Embassy Kathmandu,PM2.5 - Principal,2018-11-25 04:00 AM,2018,11,25,4,57.5,152,Unhealthy,53.0,UG/M3,1 Hr,Valid
Embassy Kathmandu,PM2.5 - Principal,2018-11-25 05:00 AM,2018,11,25,5,58.7,153,Unhealthy,58.0,UG/M3,1 Hr,Valid
Embassy Kathmandu,PM2.5 - Principal,2018-11-25 06:00 AM,2018,11,25,6,62.2,154,Unhealthy,68.0,UG/M3,1 Hr,Valid
Embassy Kathmandu,PM2.5 - Principal,2018-11-25 07:00 AM,2018,11,25,7,73.1,160,Unhealthy,89.0,UG/M3,1 Hr,Valid
Embassy Kathmandu,PM2.5 - Principal,2018-11-25 08:00 AM,2018,11,25,8,84.0,166,Unhealthy,96.0,UG/M3,1 Hr,Valid
Embassy Kathmandu,PM2.5 - Principal,2018-11-25 09:00 AM,2018,11,25,9,100.4,174,Unhealthy,115.0,UG/M3,1 Hr,Valid
Embassy Kathmandu,PM2.5 - Principal,2018-11-25 10:00 AM,2018,11,25,10,106.2,177,Unhealthy,112.0,UG/M3,1 Hr,Valid
Embassy Kathmandu,PM2.5 - Principal,2018-11-25 11:00 AM,2018,11,25,11,91.1,169,Unhealthy,76.0,UG/M3,1 Hr,Valid
Embassy Kathmandu,PM2.5 - Principal,2018-11-25 12:00 PM,2018,11,25,12,71.5,159,Unhealthy,52.0,UG/M3,1 Hr,Valid
Embassy Kathmandu,PM2.5 - Principal,2018-11-25 01:00 PM,2018,11,25,13,48.7,134,Unhealthy for Sensitive Groups,26.0,UG/M3,1 Hr,Valid
Embassy Kathmandu,PM2.5 - Principal,2018-11-25 02:00 PM,2018,11,25,14,36.3,103,Unhealthy for Sensitive Groups,24.0,UG/M3,1 Hr,Valid
Embassy Kathmandu,PM2.5 - Principal,2018-11-25 03:00 PM,2018,11,25,15,39.6,111,Unhealthy for Sensitive Groups,43.0,UG/M3,1 Hr,Valid
Embassy Kathmandu,PM2.5 - Principal,2018-11-25 04:00 PM,2018,11,25,16,39.3,110,Unhealthy for Sensitive Groups,39.0,UG/M3,1 Hr,Valid
Embassy Kathmandu,PM2.5 - Principal,2018-11-25 05:00 PM,2018,11,25,17,40.6,114,Unhealthy for Sensitive Groups,42.0,UG/M3,1 Hr,Valid
Embassy Kathmandu,PM2.5 - Principal,2018-11-25 06:00 PM,2018,11,25,18,42.3,118,Unhealthy for Sensitive Groups,44.0,UG/M3,1 Hr,Valid
Embassy Kathmandu,PM2.5 - Principal,2018-11-25 07:00 PM,2018,11,25,19,47.6,131,Unhealthy for Sensitive Groups,53.0,UG/M3,1 Hr,Valid
Embassy Kathmandu,PM2.5 - Principal,2018-11-25 08:00 PM,2018,11,25,20,77.8,163,Unhealthy,108.0,UG/M3,1 Hr,Valid
Embassy Kathmandu,PM2.5 - Principal,2018-11-25 09:00 PM,2018,11,25,21,88.9,168,Unhealthy,100.0,UG/M3,1 Hr,Valid
Embassy Kathmandu,PM2.5 - Principal,2018-11-25 10:00 PM,2018,11,25,22,110.9,180,Unhealthy,133.0,UG/M3,1 Hr,Valid
Embassy Kathmandu,PM2.5 - Principal,2018-11-25 11:00 PM,2018,11,25,23,101.9,175,Unhealthy,93.0,UG/M3,1 Hr,Valid
Embassy Kathmandu,PM2.5 - Principal,2018-11-26 12:00 AM,2018,11,26,0,95.4,172,Unhealthy,89.0,UG/M3,1 Hr,Valid
Embassy Kathmandu,PM2.5 - Principal,2018-11-26 01:00 AM,2018,11,26,1,85.2,166,Unhealthy,75.0,UG/M3,1 Hr,Valid
Embassy Kathmandu,PM2.5 - Principal,2018-11-26 02:00 AM,2018,11,26,2,73.6,160,Unhealthy,62.0,UG/M3,1 Hr,Valid
Embassy Kathmandu,PM2.5 - Principal,2018-11-26 03:00 AM,2018,11,26,3,66.3,157,Unhealthy,59.0,UG/M3,1 Hr,Valid
Embassy Kathmandu,PM2.5 - Principal,2018-11-26 04:00 AM,2018,11,26,4,62.1,154,Unhealthy,58.0,UG/M3,1 Hr,Valid
Embassy Kathmandu,PM2.5 - Principal,2018-11-26 05:00 AM,2018,11,26,5,56.5,152,Unhealthy,51.0,UG/M3,1 Hr,Valid
Embassy Kathmandu,PM2.5 - Principal,2018-11-26 06:00 AM,2018,11,26,6,57.2,152,Unhealthy,58.0,UG/M3,1 Hr,Valid
Embassy Kathmandu,PM2.5 - Principal,2018-11-26 07:00 AM,2018,11,26,7,65.6,156,Unhealthy,74.0,UG/M3,1 Hr,Valid
Embassy Kathmandu,PM2.5 - Principal,2018-11-26 08:00 AM,2018,11,26,8,78.8,163,Unhealthy,92.0,UG/M3,1 Hr,Valid
Embassy Kathmandu,PM2.5 - Principal,2018-11-26 09:00 AM,2018,11,26,9,74.9,161,Unhealthy,71.0,UG/M3,1 Hr,Valid
Embassy Kathmandu,PM2.5 - Principal,2018-11-26 10:00 AM,2018,11,26,10,81.0,164,Unhealthy,89.0,UG/M3,1 Hr,Valid
Embassy Kathmandu,PM2.5 - Principal,2018-11-26 11:00 AM,2018,11,26,11,71.5,159,Unhealthy,60.0,UG/M3,1 Hr,Valid
Embassy Kathmandu,PM2.5 - Principal,2018-11-26 12:00 PM,2018,11,26,12,53.4,145,Unhealthy for Sensitive Groups,36.0,UG/M3,1 Hr,Valid
Embassy Kathmandu,PM2.5 - Principal,2018-11-26 01:00 PM,2018,11,26,13,46.7,129,Unhealthy for Sensitive Groups,40.0,UG/M3,1 Hr,Valid
Embassy Kathmandu,PM2.5 - Principal,2018-11-26 02:00 PM,2018,11,26,14,42.3,118,Unhealthy for Sensitive Groups,38.0,UG/M3,1 Hr,Valid
Embassy Kathmandu,PM2.5 - Principal,2018-11-26 03:00 PM,2018,11,26,15,39.6,111,Unhealthy for Sensitive Groups,37.0,UG/M3,1 Hr,Valid
Embassy Kathmandu,PM2.5 - Principal,2018-11-26 04:00 PM,2018,11,26,16,34.8,99,Moderate,30.0,UG/M3,1 Hr,Valid
Embassy Kathmandu,PM2.5 - Principal,2018-11-26 05:00 PM,2018,11,26,17,36.9,104,Unhealthy for Sensitive Groups,39.0,UG/M3,1 Hr,Valid
Embassy Kathmandu,PM2.5 - Principal,2018-11-26 06:00 PM,2018,11,26,18,38.4,108,Unhealthy for Sensitive Groups,40.0,UG/M3,1 Hr,Valid
Embassy Kathmandu,PM2.5 - Principal,2018-11-26 07:00 PM,2018,11,26,19,41.7,116,Unhealthy for Sensitive Groups,45.0,UG/M3,1 Hr,Valid
Embassy Kathmandu,PM2.5 - Principal,2018-11-26 08:00 PM,2018,11,26,20,42.3,118,Unhealthy for Sensitive Groups,43.0,UG/M3,1 Hr,Valid
Embassy Kathmandu,PM2.5 - Principal,2018-11-26 09:00 PM,2018,11,26,21,50.6,138,Unhealthy for Sensitive Groups,59.0,UG/M3,1 Hr,Valid
Embassy Kathmandu,PM2.5 - Principal,2018-11-26 10:00 PM,2018,11,26,22,54.8,149,Unhealthy for Sensitive Groups,59.0,UG/M3,1 Hr,Valid
Embassy Kathmandu,PM2.5 - Principal,2018-11-26 11:00 PM,2018,11,26,23,54.3,147,Unhealthy for Sensitive Groups,54.0,UG/M3,1 Hr,Valid
Embassy Kathmandu,PM2.5 - Principal,2018-11-27 12:00 AM,2018,11,27,0,51.7,141,Unhealthy for Sensitive Groups,49.0,UG/M3,1 Hr,Valid
Embassy Kathmandu,PM2.5 - Principal,2018-11-27 01:00 AM,2018,11,27,1,49.8,136,Unhealthy for Sensitive Groups,48.0,UG/M3,1 Hr,Valid
Embassy Kathmandu,PM2.5 - Principal,2018-11-27 02:00 AM,2018,11,27,2,43.5,121,Unhealthy for Sensitive Groups,37.0,UG/M3,1 Hr,Valid
Embassy Kathmandu,PM2.5 - Principal,2018-11-27 03:00 AM,2018,11,27,3,43.2,120,Unhealthy for Sensitive Groups,43.0,UG/M3,1 Hr,Valid
Embassy Kathmandu,PM2.5 - Principal,2018-11-27 04:00 AM,2018,11,27,4,43.9,122,Unhealthy for Sensitive Groups,43.0,UG/M3,1 Hr,Valid
Embassy Kathmandu,PM2.5 - Principal,2018-11-27 05:00 AM,2018,11,27,5,42.4,118,Unhealthy for Sensitive Groups,40.0,UG/M3,1 Hr,Valid
Embassy Kathmandu,PM2.5 - Principal,2018-11-27 06:00 AM,2018,11,27,6,44.5,123,Unhealthy for Sensitive Groups,48.0,UG/M3,1 Hr,Valid
Embassy Kathmandu,PM2.5 - Principal,2018-11-27 07:00 AM,2018,11,27,7,52.7,143,Unhealthy for Sensitive Groups,64.0,UG/M3,1 Hr,Valid
Embassy Kathmandu,PM2.5 - Principal,2018-11-27 08:00 AM,2018,11,27,8,69.2,158,Unhealthy,84.0,UG/M3,1 Hr,Valid
Embassy Kathmandu,PM2.5 - Principal,2018-11-27 09:00 AM,2018,11,27,9,88.6,168,Unhealthy,108.0,UG/M3,1 Hr,Valid
Embassy Kathmandu,PM2.5 - Principal,2018-11-27 10:00 AM,2018,11,27,10,87.3,167,Unhealthy,86.0,UG/M3,1 Hr,Valid
Embassy Kathmandu,PM2.5 - Principal,2018-11-27 11:00 AM,2018,11,27,11,78.6,163,Unhealthy,70.0,UG/M3,1 Hr,Valid
Embassy Kathmandu,PM2.5 - Principal,2018-11-27 12:00 PM,2018,11,27,12,65.3,156,Unhealthy,52.0,UG/M3,1 Hr,Valid
Embassy Kathmandu,PM2.5 - Principal,2018-11-27 01:00 PM,2018,11,27,13,56.6,152,Unhealthy,48.0,UG/M3,1 Hr,Valid
Embassy Kathmandu,PM2.5 - Principal,2018-11-27 02:00 PM,2018,11,27,14,50.8,139,Unhealthy for Sensitive Groups,45.0,UG/M3,1 Hr,Valid
Embassy Kathmandu,PM2.5 - Principal,2018-11-27 03:00 PM,2018,11,27,15,42.9,119,Unhealthy for Sensitive Groups,35.0,UG/M3,1 Hr,Valid
Embassy Kathmandu,PM2.5 - Principal,2018-11-27 04:00 PM,2018,11,27,16,36.4,103,Unhealthy for Sensitive Groups,30.0,UG/M3,1 Hr,Valid
Embassy Kathmandu,PM2.5 - Principal,2018-11-27 05:00 PM,2018,11,27,17,34.7,99,Moderate,33.0,UG/M3,1 Hr,Valid
Embassy Kathmandu,PM2.5 - Principal,2018-11-27 06:00 PM,2018,11,27,18,33.3,96,Moderate,32.0,UG/M3,1 Hr,Valid
Embassy Kathmandu,PM2.5 - Principal,2018-11-27 07:00 PM,2018,11,27,19,44.1,122,Unhealthy for Sensitive Groups,55.0,UG/M3,1 Hr,Valid
Embassy Kathmandu,PM2.5 - Principal,2018-11-27 08:00 PM,2018,11,27,20,58.5,153,Unhealthy,73.0,UG/M3,1 Hr,Valid
Embassy Kathmandu,PM2.5 - Principal,2018-11-27 09:00 PM,2018,11,27,21,64.2,155,Unhealthy,70.0,UG/M3,1 Hr,Valid
Embassy Kathmandu,PM2.5 - Principal,2018-11-27 10:00 PM,2018,11,27,22,108.6,178,Unhealthy,153.0,UG/M3,1 Hr,Valid
Embassy Kathmandu,PM2.5 - Principal,2018-11-27 11:00 PM,2018,11,27,23,91.8,170,Unhealthy,75.0,UG/M3,1 Hr,Valid
Embassy Kathmandu,PM2.5 - Principal,2018-11-28 12:00 AM,2018,11,28,0,84.4,166,Unhealthy,77.0,UG/M3,1 Hr,Valid
Embassy Kathmandu,PM2.5 - Principal,2018-11-28 01:00 AM,2018,11,28,1,79.2,163,Unhealthy,74.0,UG/M3,1 Hr,Valid
Embassy Kathmandu,PM2.5 - Principal,2018-11-28 02:00 AM,2018,11,28,2,73.6,160,Unhealthy,68.0,UG/M3,1 Hr,Valid
Embassy Kathmandu,PM2.5 - Principal,2018-11-28 03:00 AM,2018,11,28,3,65.8,156,Unhealthy,58.0,UG/M3,1 Hr,Valid
Embassy Kathmandu,PM2.5 - Principal,2018-11-28 04:00 AM,2018,11,28,4,59.9,153,Unhealthy,54.0,UG/M3,1 Hr,Valid
Embassy Kathmandu,PM2.5 - Principal,2018-11-28 05:00 AM,2018,11,28,5,56.4,151,Unhealthy,53.0,UG/M3,1 Hr,Valid
Embassy Kathmandu,PM2.5 - Principal,2018-11-28 06:00 AM,2018,11,28,6,61.7,154,Unhealthy,67.0,UG/M3,1 Hr,Valid
Embassy Kathmandu,PM2.5 - Principal,2018-11-28 07:00 AM,2018,11,28,7,68.3,158,Unhealthy,75.0,UG/M3,1 Hr,Valid
Embassy Kathmandu,PM2.5 - Principal,2018-11-28 08:00 AM,2018,11,28,8,83.6,166,Unhealthy,99.0,UG/M3,1 Hr,Valid
Embassy Kathmandu,PM2.5 - Principal,2018-11-28 09:00 AM,2018,11,28,9,93.3,171,Unhealthy,103.0,UG/M3,1 Hr,Valid
Embassy Kathmandu,PM2.5 - Principal,2018-11-28 10:00 AM,2018,11,28,10,110.1,179,Unhealthy,127.0,UG/M3,1 Hr,Valid
Embassy Kathmandu,PM2.5 - Principal,2018-11-28 11:00 AM,2018,11,28,11,105.0,177,Unhealthy,100.0,UG/M3,1 Hr,Valid
Embassy Kathmandu,PM2.5 - Principal,2018-11-28 12:00 PM,2018,11,28,12,93.5,171,Unhealthy,82.0,UG/M3,1 Hr,Valid
Embassy Kathmandu,PM2.5 - Principal,2018-11-28 01:00 PM,2018,11,28,13,72.2,160,Unhealthy,51.0,UG/M3,1 Hr,Valid
Embassy Kathmandu,PM2.5 - Principal,2018-11-28 02:00 PM,2018,11,28,14,58.1,152,Unhealthy,44.0,UG/M3,1 Hr,Valid
Embassy Kathmandu,PM2.5 - Principal,2018-11-28 03:00 PM,2018,11,28,15,46.5,128,Unhealthy for Sensitive Groups,35.0,UG/M3,1 Hr,Valid
Embassy Kathmandu,PM2.5 - Principal,2018-11-28 04:00 PM,2018,11,28,16,40.7,114,Unhealthy for Sensitive Groups,35.0,UG/M3,1 Hr,Valid
Embassy Kathmandu,PM2.5 - Principal,2018-11-28 05:00 PM,2018,11,28,17,37.8,107,Unhealthy for Sensitive Groups,35.0,UG/M3,1 Hr,Valid
Embassy Kathmandu,PM2.5 - Principal,2018-11-28 06:00 PM,2018,11,28,18,44.4,123,Unhealthy for Sensitive Groups,51.0,UG/M3,1 Hr,Valid
Embassy Kathmandu,PM2.5 - Principal,2018-11-28 07:00 PM,2018,11,28,19,52.7,143,Unhealthy for Sensitive Groups,61.0,UG/M3,1 Hr,Valid
Embassy Kathmandu,PM2.5 - Principal,2018-11-28 08:00 PM,2018,11,28,20,70.8,159,Unhealthy,89.0,UG/M3,1 Hr,Valid
Embassy Kathmandu,PM2.5 - Principal,2018-11-28 09:00 PM,2018,11,28,21,97.4,173,Unhealthy,124.0,UG/M3,1 Hr,Valid
Embassy Kathmandu,PM2.5 - Principal,2018-11-28 10:00 PM,2018,11,28,22,111.7,180,Unhealthy,126.0,UG/M3,1 Hr,Valid
Embassy Kathmandu,PM2.5 - Principal,2018-11-28 11:00 PM,2018,11,28,23,106.3,177,Unhealthy,101.0,UG/M3,1 Hr,Valid
Embassy Kathmandu,PM2.5 - Principal,2018-11-29 12:00 AM,2018,11,29,0,95.1,171,Unhealthy,84.0,UG/M3,1 Hr,Valid
Embassy Kathmandu,PM2.5 - Principal,2018-11-29 01:00 AM,2018,11,29,1,86.5,167,Unhealthy,78.0,UG/M3,1 Hr,Valid
Embassy Kathmandu,PM2.5 - Principal,2018-11-29 02:00 AM,2018,11,29,2,82.3,165,Unhealthy,78.0,UG/M3,1 Hr,Valid
Embassy Kathmandu,PM2.5 - Principal,2018-11-29 03:00 AM,2018,11,29,3,75.6,161,Unhealthy,69.0,UG/M3,1 Hr,Valid
Embassy Kathmandu,PM2.5 - Principal,2018-11-29 04:00 AM,2018,11,29,4,69.8,158,Unhealthy,64.0,UG/M3,1 Hr,Valid
Embassy Kathmandu,PM2.5 - Principal,2018-11-29 05:00 AM,2018,11,29,5,71.9,159,Unhealthy,74.0,UG/M3,1 Hr,Valid
Embassy Kathmandu,PM2.5 - Principal,2018-11-29 06:00 AM,2018,11,29,6,68.4,158,Unhealthy,65.0,UG/M3,1 Hr,Valid
Embassy Kathmandu,PM2.5 - Principal,2018-11-29 07:00 AM,2018,11,29,7,74.6,161,Unhealthy,81.0,UG/M3,1 Hr,Valid
Embassy Kathmandu,PM2.5 - Principal,2018-11-29 08:00 AM,2018,11,29,8,84.1,166,Unhealthy,94.0,UG/M3,1 Hr,Valid
Embassy Kathmandu,PM2.5 - Principal,2018-11-29 09:00 AM,2018,11,29,9,104.2,176,Unhealthy,125.0,UG/M3,1 Hr,Valid
Embassy Kathmandu,PM2.5 - Principal,2018-11-29 10:00 AM,2018,11,29,10,107.9,178,Unhealthy,112.0,UG/M3,1 Hr,Valid
Embassy Kathmandu,PM2.5 - Principal,2018-11-29 11:00 AM,2018,11,29,11,83.6,166,Unhealthy,59.0,UG/M3,1 Hr,Valid
Embassy Kathmandu,PM2.5 - Principal,2018-11-29 12:00 PM,2018,11,29,12,67.3,157,Unhealthy,51.0,UG/M3,1 Hr,Valid
Embassy Kathmandu,PM2.5 - Principal,2018-11-29 01:00 PM,2018,11,29,13,58.6,153,Unhealthy,50.0,UG/M3,1 Hr,Valid
Embassy Kathmandu,PM2.5 - Principal,2018-11-29 02:00 PM,2018,11,29,14,47.8,131,Unhealthy for Sensitive Groups,37.0,UG/M3,1 Hr,Valid
Embassy Kathmandu,PM2.5 - Principal,2018-11-29 03:00 PM,2018,11,29,15,36.9,104,Unhealthy for Sensitive Groups,26.0,UG/M3,1 Hr,Valid
Embassy Kathmandu,PM2.5 - Principal,2018-11-29 04:00 PM,2018,11,29,16,32.9,95,Moderate,29.0,UG/M3,1 Hr,Valid
Embassy Kathmandu,PM2.5 - Principal,2018-11-29 05:00 PM,2018,11,29,17,31.4,92,Moderate,30.0,UG/M3,1 Hr,Valid
Embassy Kathmandu,PM2.5 - Principal,2018-11-29 06:00 PM,2018,11,29,18,32.7,94,Moderate,34.0,UG/M3,1 Hr,Valid
Embassy Kathmandu,PM2.5 - Principal,2018-11-29 07:00 PM,2018,11,29,19,37.3,105,Unhealthy for Sensitive Groups,42.0,UG/M3,1 Hr,Valid
Embassy Kathmandu,PM2.5 - Principal,2018-11-29 08:00 PM,2018,11,29,20,46.6,128,Unhealthy for Sensitive Groups,56.0,UG/M3,1 Hr,Valid
Embassy Kathmandu,PM2.5 - Principal,2018-11-29 09:00 PM,2018,11,29,21,55.8,151,Unhealthy,65.0,UG/M3,1 Hr,Valid
Embassy Kathmandu,PM2.5 - Principal,2018-11-29 10:00 PM,2018,11,29,22,60.9,154,Unhealthy,66.0,UG/M3,1 Hr,Valid
Embassy Kathmandu,PM2.5 - Principal,2018-11-29 11:00 PM,2018,11,29,23,64.9,156,Unhealthy,69.0,UG/M3,1 Hr,Valid
Embassy Kathmandu,PM2.5 - Principal,2018-11-30 12:00 AM,2018,11,30,0,69.9,158,Unhealthy,75.0,UG/M3,1 Hr,Valid
Embassy Kathmandu,PM2.5 - Principal,2018-11-30 01:00 AM,2018,11,30,1,60.4,154,Unhealthy,51.0,UG/M3,1 Hr,Valid
Embassy Kathmandu,PM2.5 - Principal,2018-11-30 02:00 AM,2018,11,30,2,54.7,148,Unhealthy for Sensitive Groups,49.0,UG/M3,1 Hr,Valid
Embassy Kathmandu,PM2.5 - Principal,2018-11-30 03:00 AM,2018,11,30,3,46.3,128,Unhealthy for Sensitive Groups,38.0,UG/M3,1 Hr,Valid
Embassy Kathmandu,PM2.5 - Principal,2018-11-30 04:00 AM,2018,11,30,4,48.1,132,Unhealthy for Sensitive Groups,50.0,UG/M3,1 Hr,Valid
Embassy Kathmandu,PM2.5 - Principal,2018-11-30 05:00 AM,2018,11,30,5,49.5,135,Unhealthy for Sensitive Groups,51.0,UG/M3,1 Hr,Valid
Embassy Kathmandu,PM2.5 - Principal,2018-11-30 06:00 AM,2018,11,30,6,48.8,134,Unhealthy for Sensitive Groups,48.0,UG/M3,1 Hr,Valid
Embassy Kathmandu,PM2.5 - Principal,2018-11-30 07:00 AM,2018,11,30,7,53.8,146,Unhealthy for Sensitive Groups,59.0,UG/M3,1 Hr,Valid
Embassy Kathmandu,PM2.5 - Principal,2018-11-30 08:00 AM,2018,11,30,8,70.4,159,Unhealthy,87.0,UG/M3,1 Hr,Valid
Embassy Kathmandu,PM2.5 - Principal,2018-11-30 09:00 AM,2018,11,30,9,84.2,166,Unhealthy,98.0,UG/M3,1 Hr,Valid
Embassy Kathmandu,PM2.5 - Principal,2018-11-30 10:00 AM,2018,11,30,10,99.6,174,Unhealthy,115.0,UG/M3,1 Hr,Valid
Embassy Kathmandu,PM2.5 - Principal,2018-11-30 11:00 AM,2018,11,30,11,69.8,158,Unhealthy,40.0,UG/M3,1 Hr,Valid
Embassy Kathmandu,PM2.5 - Principal,2018-11-30 12:00 PM,2018,11,30,12,56.8,152,Unhealthy,44.0,UG/M3,1 Hr,Valid
Embassy Kathmandu,PM2.5 - Principal,2018-11-30 01:00 PM,2018,11,30,13,49.4,135,Unhealthy for Sensitive Groups,42.0,UG/M3,1 Hr,Valid
Embassy Kathmandu,PM2.5 - Principal,2018-11-30 02:00 PM,2018,11,30,14,40.7,114,Unhealthy for Sensitive Groups,32.0,UG/M3,1 Hr,Valid
Embassy Kathmandu,PM2.5 - Principal,2018-11-30 03:00 PM,2018,11,30,15,34.3,98,Moderate,28.0,UG/M3,1 Hr,Valid
Embassy Kathmandu,PM2.5 - Principal,2018-11-30 04:00 PM,2018,11,30,16,32.1,93,Moderate,30.0,UG/M3,1 Hr,Valid
Embassy Kathmandu,PM2.5 - Principal,2018-11-30 05:00 PM,2018,11,30,17,35.0,99,Moderate,38.0,UG/M3,1 Hr,Valid
Embassy Kathmandu,PM2.5 - Principal,2018-11-30 06:00 PM,2018,11,30,18,38.5,108,Unhealthy for Sensitive Groups,42.0,UG/M3,1 Hr,Valid
Embassy Kathmandu,PM2.5 - Principal,2018-11-30 07:00 PM,2018,11,30,19,41.2,115,Unhealthy for Sensitive Groups,44.0,UG/M3,1 Hr,Valid
Embassy Kathmandu,PM2.5 - Principal,2018-11-30 08:00 PM,2018,11,30,20,42.1,117,Unhealthy for Sensitive Groups,43.0,UG/M3,1 Hr,Valid
Embassy Kathmandu,PM2.5 - Principal,2018-11-30 09:00 PM,2018,11,30,21,51.0,139,Unhealthy for Sensitive Groups,60.0,UG/M3,1 Hr,Valid
Embassy Kathmandu,PM2.5 - Principal,2018-11-30 10:00 PM,2018,11,30,22,75.5,161,Unhealthy,100.0,UG/M3,1 Hr,Valid
Embassy Kathmandu,PM2.5 - Principal,2018-11-30 11:00 PM,2018,11,30,23,80.2,164,Unhealthy,85.0,UG/M3,1 Hr,Valid
Embassy Kathmandu,PM2.5 - Principal,2018-12-01 12:00 AM,2018,12,1,0,69.6,158,Unhealthy,59.0,UG/M3,1 Hr,Valid
Embassy Kathmandu,PM2.5 - Principal,2018-12-01 01:00 AM,2018,12,1,1,73.3,160,Unhealthy,77.0,UG/M3,1 Hr,Valid
Embassy Kathmandu,PM2.5 - Principal,2018-12-01 02:00 AM,2018,12,1,2,63.1,155,Unhealthy,53.0,UG/M3,1 Hr,Valid
Embassy Kathmandu,PM2.5 - Principal,2018-12-01 03:00 AM,2018,12,1,3,55.0,149,Unhealthy for Sensitive Groups,47.0,UG/M3,1 Hr,Valid
Embassy Kathmandu,PM2.5 - Principal,2018-12-01 04:00 AM,2018,12,1,4,46.0,127,Unhealthy for Sensitive Groups,37.0,UG/M3,1 Hr,Valid
Embassy Kathmandu,PM2.5 - Principal,2018-12-01 05:00 AM,2018,12,1,5,44.0,122,Unhealthy for Sensitive Groups,42.0,UG/M3,1 Hr,Valid
Embassy Kathmandu,PM2.5 - Principal,2018-12-01 06:00 AM,2018,12,1,6,47.5,131,Unhealthy for Sensitive Groups,51.0,UG/M3,1 Hr,Valid
Embassy Kathmandu,PM2.5 - Principal,2018-12-01 07:00 AM,2018,12,1,7,56.2,151,Unhealthy,65.0,UG/M3,1 Hr,Valid
Embassy Kathmandu,PM2.5 - Principal,2018-12-01 08:00 AM,2018,12,1,8,64.6,156,Unhealthy,73.0,UG/M3,1 Hr,Valid
Embassy Kathmandu,PM2.5 - Principal,2018-12-01 09:00 AM,2018,12,1,9,76.8,162,Unhealthy,89.0,UG/M3,1 Hr,Valid
Embassy Kathmandu,PM2.5 - Principal,2018-12-01 10:00 AM,2018,12,1,10,87.9,168,Unhealthy,99.0,UG/M3,1 Hr,Valid
Embassy Kathmandu,PM2.5 - Principal,2018-12-01 11:00 AM,2018,12,1,11,70.9,159,Unhealthy,54.0,UG/M3,1 Hr,Valid
Embassy Kathmandu,PM2.5 - Principal,2018-12-01 12:00 PM,2018,12,1,12,56.9,152,Unhealthy,43.0,UG/M3,1 Hr,Valid
Embassy Kathmandu,PM2.5 - Principal,2018-12-01 01:00 PM,2018,12,1,13,51.9,141,Unhealthy for Sensitive Groups,47.0,UG/M3,1 Hr,Valid
Embassy Kathmandu,PM2.5 - Principal,2018-12-01 02:00 PM,2018,12,1,14,46.4,128,Unhealthy for Sensitive Groups,41.0,UG/M3,1 Hr,Valid
Embassy Kathmandu,PM2.5 - Principal,2018-12-01 03:00 PM,2018,12,1,15,40.7,114,Unhealthy for Sensitive Groups,35.0,UG/M3,1 Hr,Valid
Embassy Kathmandu,PM2.5 - Principal,2018-12-01 04:00 PM,2018,12,1,16,33.8,97,Moderate,27.0,UG/M3,1 Hr,Valid
Embassy Kathmandu,PM2.5 - Principal,2018-12-01 05:00 PM,2018,12,1,17,36.9,104,Unhealthy for Sensitive Groups,40.0,UG/M3,1 Hr,Valid
Embassy Kathmandu,PM2.5 - Principal,2018-12-01 06:00 PM,2018,12,1,18,43.4,120,Unhealthy for Sensitive Groups,50.0,UG/M3,1 Hr,Valid
Embassy Kathmandu,PM2.5 - Principal,2018-12-01 07:00 PM,2018,12,1,19,51.2,140,Unhealthy for Sensitive Groups,59.0,UG/M3,1 Hr,Valid
Embassy Kathmandu,PM2.5 - Principal,2018-12-01 08:00 PM,2018,12,1,20,60.6,154,Unhealthy,70.0,UG/M3,1 Hr,Valid
Embassy Kathmandu,PM2.5 - Principal,2018-12-01 09:00 PM,2018,12,1,21,69.8,158,Unhealthy,79.0,UG/M3,1 Hr,Valid
Embassy Kathmandu,PM2.5 - Principal,2018-12-01 10:00 PM,2018,12,1,22,75.4,161,Unhealthy,81.0,UG/M3,1 Hr,Valid
Embassy Kathmandu,PM2.5 - Principal,2018-12-01 11:00 PM,2018,12,1,23,68.2,158,Unhealthy,61.0,UG/M3,1 Hr,Valid
Embassy Kathmandu,PM2.5 - Principal,2018-12-02 12:00 AM,2018,12,2,0,64.1,155,Unhealthy,60.0,UG/M3,1 Hr,Valid
Embassy Kathmandu,PM2.5 - Principal,2018-12-02 01:00 AM,2018,12,2,1,58.0,152,Unhealthy,52.0,UG/M3,1 Hr,Valid
Embassy Kathmandu,PM2.5 - Principal,2018-12-02 02:00 AM,2018,12,2,2,67.5,157,Unhealthy,77.0,UG/M3,1 Hr,Valid
Embassy Kathmandu,PM2.5 - Principal,2018-12-02 03:00 AM,2018,12,2,3,65.2,156,Unhealthy,63.0,UG/M3,1 Hr,Valid
Embassy Kathmandu,PM2.5 - Principal,2018-12-02 04:00 AM,2018,12,2,4,51.1,139,Unhealthy for Sensitive Groups,37.0,UG/M3,1 Hr,Valid
Embassy Kathmandu,PM2.5 - Principal,2018-12-02 05:00 AM,2018,12,2,5,49.5,135,Unhealthy for Sensitive Groups,48.0,UG/M3,1 Hr,Valid
Embassy Kathmandu,PM2.5 - Principal,2018-12-02 06:00 AM,2018,12,2,6,50.2,137,Unhealthy for Sensitive Groups,51.0,UG/M3,1 Hr,Valid
Embassy Kathmandu,PM2.5 - Principal,2018-12-02 07:00 AM,2018,12,2,7,52.1,142,Unhealthy for Sensitive Groups,54.0,UG/M3,1 Hr,Valid
Embassy Kathmandu,PM2.5 - Principal,2018-12-02 08:00 AM,2018,12,2,8,56.5,152,Unhealthy,61.0,UG/M3,1 Hr,Valid
Embassy Kathmandu,PM2.5 - Principal,2018-12-02 09:00 AM,2018,12,2,9,66.7,157,Unhealthy,77.0,UG/M3,1 Hr,Valid
Embassy Kathmandu,PM2.5 - Principal,2018-12-02 10:00 AM,2018,12,2,10,76.3,162,Unhealthy,86.0,UG/M3,1 Hr,Valid
Embassy Kathmandu,PM2.5 - Principal,2018-12-02 11:00 AM,2018,12,2,11,80.1,164,Unhealthy,84.0,UG/M3,1 Hr,Valid
Embassy Kathmandu,PM2.5 - Principal,2018-12-02 12:00 PM,2018,12,2,12,59.5,153,Unhealthy,39.0,UG/M3,1 Hr,Valid
Embassy Kathmandu,PM2.5 - Principal,2018-12-02 01:00 PM,2018,12,2,13,49.2,135,Unhealthy for Sensitive Groups,39.0,UG/M3,1 Hr,Valid
Embassy Kathmandu,PM2.5 - Principal,2018-12-02 02:00 PM,2018,12,2,14,46.6,128,Unhealthy for Sensitive Groups,44.0,UG/M3,1 Hr,Valid
Embassy Kathmandu,PM2.5 - Principal,2018-12-02 03:00 PM,2018,12,2,15,46.8,129,Unhealthy for Sensitive Groups,47.0,UG/M3,1 Hr,Valid
Embassy Kathmandu,PM2.5 - Principal,2018-12-02 04:00 PM,2018,12,2,16,41.9,117,Unhealthy for Sensitive Groups,37.0,UG/M3,1 Hr,Valid
Embassy Kathmandu,PM2.5 - Principal,2018-12-02 05:00 PM,2018,12,2,17,43.4,120,Unhealthy for Sensitive Groups,45.0,UG/M3,1 Hr,Valid
Embassy Kathmandu,PM2.5 - Principal,2018-12-02 06:00 PM,2018,12,2,18,48.7,134,Unhealthy for Sensitive Groups,54.0,UG/M3,1 Hr,Valid
Embassy Kathmandu,PM2.5 - Principal,2018-12-02 07:00 PM,2018,12,2,19,53.8,146,Unhealthy for Sensitive Groups,59.0,UG/M3,1 Hr,Valid
Embassy Kathmandu,PM2.5 - Principal,2018-12-02 08:00 PM,2018,12,2,20,62.9,155,Unhealthy,72.0,UG/M3,1 Hr,Valid
Embassy Kathmandu,PM2.5 - Principal,2018-12-02 09:00 PM,2018,12,2,21,71.9,159,Unhealthy,81.0,UG/M3,1 Hr,Valid
Embassy Kathmandu,PM2.5 - Principal,2018-12-02 10:00 PM,2018,12,2,22,74.4,161,Unhealthy,77.0,UG/M3,1 Hr,Valid
Embassy Kathmandu,PM2.5 - Principal,2018-12-02 11:00 PM,2018,12,2,23,71.7,159,Unhealthy,69.0,UG/M3,1 Hr,Valid
Embassy Kathmandu,PM2.5 - Principal,2018-12-03 12:00 AM,2018,12,3,0,68.8,158,Unhealthy,66.0,UG/M3,1 Hr,Valid
Embassy Kathmandu,PM2.5 - Principal,2018-12-03 01:00 AM,2018,12,3,1,67.4,157,Unhealthy,66.0,UG/M3,1 Hr,Valid
Embassy Kathmandu,PM2.5 - Principal,2018-12-03 02:00 AM,2018,12,3,2,68.2,158,Unhealthy,69.0,UG/M3,1 Hr,Valid
Embassy Kathmandu,PM2.5 - Principal,2018-12-03 03:00 AM,2018,12,3,3,66.6,157,Unhealthy,65.0,UG/M3,1 Hr,Valid
Embassy Kathmandu,PM2.5 - Principal,2018-12-03 04:00 AM,2018,12,3,4,60.6,154,Unhealthy,53.0,UG/M3,1 Hr,Valid
Embassy Kathmandu,PM2.5 - Principal,2018-12-03 05:00 AM,2018,12,3,5,61.8,154,Unhealthy,61.0,UG/M3,1 Hr,Valid
Embassy Kathmandu,PM2.5 - Principal,2018-12-03 06:00 AM,2018,12,3,6,63.3,155,Unhealthy,66.0,UG/M3,1 Hr,Valid
Embassy Kathmandu,PM2.5 - Principal,2018-12-03 07:00 AM,2018,12,3,7,69.9,158,Unhealthy,82.0,UG/M3,1 Hr,Valid
Embassy Kathmandu,PM2.5 - Principal,2018-12-03 08:00 AM,2018,12,3,8,81.2,164,Unhealthy,94.0,UG/M3,1 Hr,Valid
Embassy Kathmandu,PM2.5 - Principal,2018-12-03 09:00 AM,2018,12,3,9,93.3,171,Unhealthy,104.0,UG/M3,1 Hr,Valid
Embassy Kathmandu,PM2.5 - Principal,2018-12-03 10:00 AM,2018,12,3,10,97.5,173,Unhealthy,102.0,UG/M3,1 Hr,Valid
Embassy Kathmandu,PM2.5 - Principal,2018-12-03 11:00 AM,2018,12,3,11,104.9,177,Unhealthy,112.0,UG/M3,1 Hr,Valid
Embassy Kathmandu,PM2.5 - Principal,2018-12-03 12:00 PM,2018,12,3,12,80.4,164,Unhealthy,56.0,UG/M3,1 Hr,Valid
Embassy Kathmandu,PM2.5 - Principal,2018-12-03 01:00 PM,2018,12,3,13,64.7,156,Unhealthy,49.0,UG/M3,1 Hr,Valid
Embassy Kathmandu,PM2.5 - Principal,2018-12-03 02:00 PM,2018,12,3,14,61.8,154,Unhealthy,59.0,UG/M3,1 Hr,Valid
Embassy Kathmandu,PM2.5 - Principal,2018-12-03 03:00 PM,2018,12,3,15,53.4,145,Unhealthy for Sensitive Groups,45.0,UG/M3,1 Hr,Valid
Embassy Kathmandu,PM2.5 - Principal,2018-12-03 04:00 PM,2018,12,3,16,45.2,125,Unhealthy for Sensitive Groups,37.0,UG/M3,1 Hr,Valid
Embassy Kathmandu,PM2.5 - Principal,2018-12-03 05:00 PM,2018,12,3,17,51.6,141,Unhealthy for Sensitive Groups,58.0,UG/M3,1 Hr,Valid
Embassy Kathmandu,PM2.5 - Principal,2018-12-03 06:00 PM,2018,12,3,18,61.8,154,Unhealthy,72.0,UG/M3,1 Hr,Valid
Embassy Kathmandu,PM2.5 - Principal,2018-12-03 07:00 PM,2018,12,3,19,68.9,158,Unhealthy,76.0,UG/M3,1 Hr,Valid
Embassy Kathmandu,PM2.5 - Principal,2018-12-03 08:00 PM,2018,12,3,20,76.4,162,Unhealthy,84.0,UG/M3,1 Hr,Valid
Embassy Kathmandu,PM2.5 - Principal,2018-12-03 09:00 PM,2018,12,3,21,81.2,164,Unhealthy,86.0,UG/M3,1 Hr,Valid
Embassy Kathmandu,PM2.5 - Principal,2018-12-03 10:00 PM,2018,12,3,22,78.1,163,Unhealthy,75.0,UG/M3,1 Hr,Valid
Embassy Kathmandu,PM2.5 - Principal,2018-12-03 11:00 PM,2018,12,3,23,78.5,163,Unhealthy,79.0,UG/M3,1 Hr,Valid
Embassy Kathmandu,PM2.5 - Principal,2018-12-04 12:00 AM,2018,12,4,0,77.2,162,Unhealthy,76.0,UG/M3,1 Hr,Valid
Embassy Kathmandu,PM2.5 - Principal,2018-12-04 01:00 AM,2018,12,4,1,79.6,163,Unhealthy,82.0,UG/M3,1 Hr,Valid
Embassy Kathmandu,PM2.5 - Principal,2018-12-04 02:00 AM,2018,12,4,2,72.3,160,Unhealthy,65.0,UG/M3,1 Hr,Valid
Embassy Kathmandu,PM2.5 - Principal,2018-12-04 03:00 AM,2018,12,4,3,67.1,157,Unhealthy,62.0,UG/M3,1 Hr,Valid
Embassy Kathmandu,PM2.5 - Principal,2018-12-04 04:00 AM,2018,12,4,4,67.5,157,Unhealthy,62.0,UG/M3,1 Hr,Valid
Embassy Kathmandu,PM2.5 - Principal,2018-12-04 05:00 AM,2018,12,4,5,66.7,157,Unhealthy,62.0,UG/M3,1 Hr,Valid
Embassy Kathmandu,PM2.5 - Principal,2018-12-04 06:00 AM,2018,12,4,6,69.6,158,Unhealthy,77.0,UG/M3,1 Hr,Valid
Embassy Kathmandu,PM2.5 - Principal,2018-12-04 07:00 AM,2018,12,4,7,77.8,163,Unhealthy,94.0,UG/M3,1 Hr,Valid
Embassy Kathmandu,PM2.5 - Principal,2018-12-04 08:00 AM,2018,12,4,8,89.3,168,Unhealthy,104.0,UG/M3,1 Hr,Valid
Embassy Kathmandu,PM2.5 - Principal,2018-12-04 09:00 AM,2018,12,4,9,119.0,184,Unhealthy,145.0,UG/M3,1 Hr,Valid
Embassy Kathmandu,PM2.5 - Principal,2018-12-04 10:00 AM,2018,12,4,10,131.5,190,Unhealthy,144.0,UG/M3,1 Hr,Valid
Embassy Kathmandu,PM2.5 - Principal,2018-12-04 11:00 AM,2018,12,4,11,134.2,192,Unhealthy,137.0,UG/M3,1 Hr,Valid
Embassy Kathmandu,PM2.5 - Principal,2018-12-04 12:00 PM,2018,12,4,12,126.1,187,Unhealthy,118.0,UG/M3,1 Hr,Valid
Embassy Kathmandu,PM2.5 - Principal,2018-12-04 01:00 PM,2018,12,4,13,105.5,177,Unhealthy,85.0,UG/M3,1 Hr,Valid
Embassy Kathmandu,PM2.5 - Principal,2018-12-04 02:00 PM,2018,12,4,14,83.7,166,Unhealthy,62.0,UG/M3,1 Hr,Valid
Embassy Kathmandu,PM2.5 - Principal,2018-12-04 03:00 PM,2018,12,4,15,64.8,156,Unhealthy,46.0,UG/M3,1 Hr,Valid
Embassy Kathmandu,PM2.5 - Principal,2018-12-04 04:00 PM,2018,12,4,16,53.9,146,Unhealthy for Sensitive Groups,43.0,UG/M3,1 Hr,Valid
Embassy Kathmandu,PM2.5 - Principal,2018-12-04 05:00 PM,2018,12,4,17,48.9,134,Unhealthy for Sensitive Groups,44.0,UG/M3,1 Hr,Valid
Embassy Kathmandu,PM2.5 - Principal,2018-12-04 06:00 PM,2018,12,4,18,53.4,145,Unhealthy for Sensitive Groups,58.0,UG/M3,1 Hr,Valid
Embassy Kathmandu,PM2.5 - Principal,2018-12-04 07:00 PM,2018,12,4,19,57.2,152,Unhealthy,61.0,UG/M3,1 Hr,Valid
Embassy Kathmandu,PM2.5 - Principal,2018-12-04 08:00 PM,2018,12,4,20,75.6,161,Unhealthy,94.0,UG/M3,1 Hr,Valid
Embassy Kathmandu,PM2.5 - Principal,2018-12-04 09:00 PM,2018,12,4,21,86.8,167,Unhealthy,98.0,UG/M3,1 Hr,Valid
Embassy Kathmandu,PM2.5 - Principal,2018-12-04 10:00 PM,2018,12,4,22,91.3,169,Unhealthy,96.0,UG/M3,1 Hr,Valid
Embassy Kathmandu,PM2.5 - Principal,2018-12-04 11:00 PM,2018,12,4,23,98.1,173,Unhealthy,105.0,UG/M3,1 Hr,Valid
Embassy Kathmandu,PM2.5 - Principal,2018-12-05 12:00 AM,2018,12,5,0,89.0,168,Unhealthy,80.0,UG/M3,1 Hr,Valid
Embassy Kathmandu,PM2.5 - Principal,2018-12-05 01:00 AM,2018,12,5,1,82.0,165,Unhealthy,75.0,UG/M3,1 Hr,Valid
Embassy Kathmandu,PM2.5 - Principal,2018-12-05 02:00 AM,2018,12,5,2,71.0,159,Unhealthy,60.0,UG/M3,1 Hr,Valid
Embassy Kathmandu,PM2.5 - Principal,2018-12-05 03:00 AM,2018,12,5,3,66.5,157,Unhealthy,62.0,UG/M3,1 Hr,Valid
Embassy Kathmandu,PM2.5 - Principal,2018-12-05 04:00 AM,2018,12,5,4,72.2,160,Unhealthy,78.0,UG/M3,1 Hr,Valid
Embassy Kathmandu,PM2.5 - Principal,2018-12-05 05:00 AM,2018,12,5,5,70.8,159,Unhealthy,69.0,UG/M3,1 Hr,Valid
Embassy Kathmandu,PM2.5 - Principal,2018-12-05 06:00 AM,2018,12,5,6,72.7,160,Unhealthy,75.0,UG/M3,1 Hr,Valid
Embassy Kathmandu,PM2.5 - Principal,2018-12-05 07:00 AM,2018,12,5,7,78.0,163,Unhealthy,85.0,UG/M3,1 Hr,Valid
Embassy Kathmandu,PM2.5 - Principal,2018-12-05 08:00 AM,2018,12,5,8,98.0,173,Unhealthy,118.0,UG/M3,1 Hr,Valid
Embassy Kathmandu,PM2.5 - Principal,2018-12-05 09:00 AM,2018,12,5,9,110.7,180,Unhealthy,123.0,UG/M3,1 Hr,Valid
Embassy Kathmandu,PM2.5 - Principal,2018-12-05 10:00 AM,2018,12,5,10,116.8,183,Unhealthy,123.0,UG/M3,1 Hr,Valid
Embassy Kathmandu,PM2.5 - Principal,2018-12-05 11:00 AM,2018,12,5,11,139.9,195,Unhealthy,163.0,UG/M3,1 Hr,Valid
Embassy Kathmandu,PM2.5 - Principal,2018-12-05 12:00 PM,2018,12,5,12,146.9,198,Unhealthy,154.0,UG/M3,1 Hr,Valid
Embassy Kathmandu,PM2.5 - Principal,2018-12-05 01:00 PM,2018,12,5,13,114.9,182,Unhealthy,83.0,UG/M3,1 Hr,Valid
Embassy Kathmandu,PM2.5 - Principal,2018-12-05 02:00 PM,2018,12,5,14,79.9,164,Unhealthy,45.0,UG/M3,1 Hr,Valid
Embassy Kathmandu,PM2.5 - Principal,2018-12-05 03:00 PM,2018,12,5,15,64.4,156,Unhealthy,49.0,UG/M3,1 Hr,Valid
Embassy Kathmandu,PM2.5 - Principal,2018-12-05 04:00 PM,2018,12,5,16,64.2,155,Unhealthy,64.0,UG/M3,1 Hr,Valid
Embassy Kathmandu,PM2.5 - Principal,2018-12-05 05:00 PM,2018,12,5,17,61.6,154,Unhealthy,59.0,UG/M3,1 Hr,Valid
Embassy Kathmandu,PM2.5 - Principal,2018-12-05 06:00 PM,2018,12,5,18,65.3,156,Unhealthy,69.0,UG/M3,1 Hr,Valid
Embassy Kathmandu,PM2.5 - Principal,2018-12-05 07:00 PM,2018,12,5,19,68.1,158,Unhealthy,71.0,UG/M3,1 Hr,Valid
Embassy Kathmandu,PM2.5 - Principal,2018-12-05 08:00 PM,2018,12,5,20,75.0,161,Unhealthy,82.0,UG/M3,1 Hr,Valid
Embassy Kathmandu,PM2.5 - Principal,2018-12-05 09:00 PM,2018,12,5,21,79.0,163,Unhealthy,83.0,UG/M3,1 Hr,Valid
Embassy Kathmandu,PM2.5 - Principal,2018-12-05 10:00 PM,2018,12,5,22,83.5,165,Unhealthy,88.0,UG/M3,1 Hr,Valid
Embassy Kathmandu,PM2.5 - Principal,2018-12-05 11:00 PM,2018,12,5,23,80.2,164,Unhealthy,77.0,UG/M3,1 Hr,Valid
Embassy Kathmandu,PM2.5 - Principal,2018-12-06 12:00 AM,2018,12,6,0,76.1,162,Unhealthy,72.0,UG/M3,1 Hr,Valid
Embassy Kathmandu,PM2.5 - Principal,2018-12-06 01:00 AM,2018,12,6,1,65.3,156,Unhealthy,54.0,UG/M3,1 Hr,Valid
Embassy Kathmandu,PM2.5 - Principal,2018-12-06 02:00 AM,2018,12,6,2,62.2,154,Unhealthy,57.0,UG/M3,1 Hr,Valid
Embassy Kathmandu,PM2.5 - Principal,2018-12-06 03:00 AM,2018,12,6,3,57.1,152,Unhealthy,50.0,UG/M3,1 Hr,Valid
Embassy Kathmandu,PM2.5 - Principal,2018-12-06 04:00 AM,2018,12,6,4,58.3,152,Unhealthy,60.0,UG/M3,1 Hr,Valid
Embassy Kathmandu,PM2.5 - Principal,2018-12-06 05:00 AM,2018,12,6,5,60.8,154,Unhealthy,64.0,UG/M3,1 Hr,Valid
Embassy Kathmandu,PM2.5 - Principal,2018-12-06 06:00 AM,2018,12,6,6,73.1,160,Unhealthy,89.0,UG/M3,1 Hr,Valid
Embassy Kathmandu,PM2.5 - Principal,2018-12-06 07:00 AM,2018,12,6,7,93.4,171,Unhealthy,112.0,UG/M3,1 Hr,Valid
Embassy Kathmandu,PM2.5 - Principal,2018-12-06 08:00 AM,2018,12,6,8,98.7,173,Unhealthy,104.0,UG/M3,1 Hr,Valid
Embassy Kathmandu,PM2.5 - Principal,2018-12-06 09:00 AM,2018,12,6,9,114.3,181,Unhealthy,130.0,UG/M3,1 Hr,Valid
Embassy Kathmandu,PM2.5 - Principal,2018-12-06 10:00 AM,2018,12,6,10,114.1,181,Unhealthy,114.0,UG/M3,1 Hr,Valid
Embassy Kathmandu,PM2.5 - Principal,2018-12-06 11:00 AM,2018,12,6,11,108.5,178,Unhealthy,103.0,UG/M3,1 Hr,Valid
Embassy Kathmandu,PM2.5 - Principal,2018-12-06 12:00 PM,2018,12,6,12,78.2,163,Unhealthy,48.0,UG/M3,1 Hr,Valid
Embassy Kathmandu,PM2.5 - Principal,2018-12-06 01:00 PM,2018,12,6,13,56.1,151,Unhealthy,34.0,UG/M3,1 Hr,Valid
Embassy Kathmandu,PM2.5 - Principal,2018-12-06 02:00 PM,2018,12,6,14,50.5,138,Unhealthy for Sensitive Groups,45.0,UG/M3,1 Hr,Valid
Embassy Kathmandu,PM2.5 - Principal,2018-12-06 03:00 PM,2018,12,6,15,43.2,120,Unhealthy for Sensitive Groups,36.0,UG/M3,1 Hr,Valid
Embassy Kathmandu,PM2.5 - Principal,2018-12-06 04:00 PM,2018,12,6,16,47.6,131,Unhealthy for Sensitive Groups,52.0,UG/M3,1 Hr,Valid
Embassy Kathmandu,PM2.5 - Principal,2018-12-06 05:00 PM,2018,12,6,17,47.8,131,Unhealthy for Sensitive Groups,48.0,UG/M3,1 Hr,Valid
Embassy Kathmandu,PM2.5 - Principal,2018-12-06 06:00 PM,2018,12,6,18,47.9,132,Unhealthy for Sensitive Groups,48.0,UG/M3,1 Hr,Valid
Embassy Kathmandu,PM2.5 - Principal,2018-12-06 07:00 PM,2018,12,6,19,49.4,135,Unhealthy for Sensitive Groups,51.0,UG/M3,1 Hr,Valid
Embassy Kathmandu,PM2.5 - Principal,2018-12-06 08:00 PM,2018,12,6,20,47.2,130,Unhealthy for Sensitive Groups,45.0,UG/M3,1 Hr,Valid
Embassy Kathmandu,PM2.5 - Principal,2018-12-06 09:00 PM,2018,12,6,21,61.6,154,Unhealthy,76.0,UG/M3,1 Hr,Valid
Embassy Kathmandu,PM2.5 - Principal,2018-12-06 10:00 PM,2018,12,6,22,69.2,158,Unhealthy,77.0,UG/M3,1 Hr,Valid
Embassy Kathmandu,PM2.5 - Principal,2018-12-06 11:00 PM,2018,12,6,23,74.1,161,Unhealthy,79.0,UG/M3,1 Hr,Valid
Embassy Kathmandu,PM2.5 - Principal,2018-12-07 12:00 AM,2018,12,7,0,68.5,158,Unhealthy,63.0,UG/M3,1 Hr,Valid
Embassy Kathmandu,PM2.5 - Principal,2018-12-07 01:00 AM,2018,12,7,1,58.2,152,Unhealthy,48.0,UG/M3,1 Hr,Valid
Embassy Kathmandu,PM2.5 - Principal,2018-12-07 02:00 AM,2018,12,7,2,60.1,153,Unhealthy,62.0,UG/M3,1 Hr,Valid
Embassy Kathmandu,PM2.5 - Principal,2018-12-07 03:00 AM,2018,12,7,3,59.9,153,Unhealthy,59.0,UG/M3,1 Hr,Valid
Embassy Kathmandu,PM2.5 - Principal,2018-12-07 04:00 AM,2018,12,7,4,58.6,153,Unhealthy,57.0,UG/M3,1 Hr,Valid
Embassy Kathmandu,PM2.5 - Principal,2018-12-07 05:00 AM,2018,12,7,5,67.4,157,Unhealthy,79.0,UG/M3,1 Hr,Valid
Embassy Kathmandu,PM2.5 - Principal,2018-12-07 06:00 AM,2018,12,7,6,66.8,157,Unhealthy,66.0,UG/M3,1 Hr,Valid
Embassy Kathmandu,PM2.5 - Principal,2018-12-07 07:00 AM,2018,12,7,7,68.2,158,Unhealthy,70.0,UG/M3,1 Hr,Valid
Embassy Kathmandu,PM2.5 - Principal,2018-12-07 08:00 AM,2018,12,7,8,83.8,166,Unhealthy,99.0,UG/M3,1 Hr,Valid
Embassy Kathmandu,PM2.5 - Principal,2018-12-07 09:00 AM,2018,12,7,9,97.9,173,Unhealthy,112.0,UG/M3,1 Hr,Valid
Embassy Kathmandu,PM2.5 - Principal,2018-12-07 10:00 AM,2018,12,7,10,101.4,175,Unhealthy,105.0,UG/M3,1 Hr,Valid
Embassy Kathmandu,PM2.5 - Principal,2018-12-07 11:00 AM,2018,12,7,11,83.2,165,Unhealthy,65.0,UG/M3,1 Hr,Valid
Embassy Kathmandu,PM2.5 - Principal,2018-12-07 12:00 PM,2018,12,7,12,69.1,158,Unhealthy,55.0,UG/M3,1 Hr,Valid
Embassy Kathmandu,PM2.5 - Principal,2018-12-07 01:00 PM,2018,12,7,13,50.0,137,Unhealthy for Sensitive Groups,31.0,UG/M3,1 Hr,Valid
Embassy Kathmandu,PM2.5 - Principal,2018-12-07 02:00 PM,2018,12,7,14,43.5,121,Unhealthy for Sensitive Groups,37.0,UG/M3,1 Hr,Valid
Embassy Kathmandu,PM2.5 - Principal,2018-12-07 03:00 PM,2018,12,7,15,41.2,115,Unhealthy for Sensitive Groups,39.0,UG/M3,1 Hr,Valid
Embassy Kathmandu,PM2.5 - Principal,2018-12-07 04:00 PM,2018,12,7,16,39.1,110,Unhealthy for Sensitive Groups,37.0,UG/M3,1 Hr,Valid
Embassy Kathmandu,PM2.5 - Principal,2018-12-07 05:00 PM,2018,12,7,17,43.0,119,Unhealthy for Sensitive Groups,47.0,UG/M3,1 Hr,Valid
Embassy Kathmandu,PM2.5 - Principal,2018-12-07 06:00 PM,2018,12,7,18,48.5,133,Unhealthy for Sensitive Groups,54.0,UG/M3,1 Hr,Valid
Embassy Kathmandu,PM2.5 - Principal,2018-12-07 07:00 PM,2018,12,7,19,54.7,148,Unhealthy for Sensitive Groups,61.0,UG/M3,1 Hr,Valid
Embassy Kathmandu,PM2.5 - Principal,2018-12-07 08:00 PM,2018,12,7,20,61.8,154,Unhealthy,69.0,UG/M3,1 Hr,Valid
Embassy Kathmandu,PM2.5 - Principal,2018-12-07 09:00 PM,2018,12,7,21,74.9,161,Unhealthy,88.0,UG/M3,1 Hr,Valid
Embassy Kathmandu,PM2.5 - Principal,2018-12-07 10:00 PM,2018,12,7,22,76.9,162,Unhealthy,79.0,UG/M3,1 Hr,Valid
Embassy Kathmandu,PM2.5 - Principal,2018-12-07 11:00 PM,2018,12,7,23,78.9,163,Unhealthy,81.0,UG/M3,1 Hr,Valid
Embassy Kathmandu,PM2.5 - Principal,2018-12-08 12:00 AM,2018,12,8,0,82.9,165,Unhealthy,87.0,UG/M3,1 Hr,Valid
Embassy Kathmandu,PM2.5 - Principal,2018-12-08 01:00 AM,2018,12,8,1,81.5,164,Unhealthy,80.0,UG/M3,1 Hr,Valid
Embassy Kathmandu,PM2.5 - Principal,2018-12-08 02:00 AM,2018,12,8,2,70.2,159,Unhealthy,59.0,UG/M3,1 Hr,Valid
Embassy Kathmandu,PM2.5 - Principal,2018-12-08 03:00 AM,2018,12,8,3,61.6,154,Unhealthy,53.0,UG/M3,1 Hr,Valid
Embassy Kathmandu,PM2.5 - Principal,2018-12-08 04:00 AM,2018,12,8,4,60.9,154,Unhealthy,59.0,UG/M3,1 Hr,Valid
Embassy Kathmandu,PM2.5 - Principal,2018-12-08 05:00 AM,2018,12,8,5,59.0,153,Unhealthy,54.0,UG/M3,1 Hr,Valid
Embassy Kathmandu,PM2.5 - Principal,2018-12-08 06:00 AM,2018,12,8,6,63.3,155,Unhealthy,70.0,UG/M3,1 Hr,Valid
Embassy Kathmandu,PM2.5 - Principal,2018-12-08 07:00 AM,2018,12,8,7,69.6,158,Unhealthy,79.0,UG/M3,1 Hr,Valid
Embassy Kathmandu,PM2.5 - Principal,2018-12-08 08:00 AM,2018,12,8,8,80.5,164,Unhealthy,94.0,UG/M3,1 Hr,Valid
Embassy Kathmandu,PM2.5 - Principal,2018-12-08 09:00 AM,2018,12,8,9,90.2,169,Unhealthy,100.0,UG/M3,1 Hr,Valid
Embassy Kathmandu,PM2.5 - Principal,2018-12-08 10:00 AM,2018,12,8,10,106.1,177,Unhealthy,121.0,UG/M3,1 Hr,Valid
Embassy Kathmandu,PM2.5 - Principal,2018-12-08 11:00 AM,2018,12,8,11,126.0,187,Unhealthy,146.0,UG/M3,1 Hr,Valid
Embassy Kathmandu,PM2.5 - Principal,2018-12-08 12:00 PM,2018,12,8,12,98.0,173,Unhealthy,70.0,UG/M3,1 Hr,Valid
Embassy Kathmandu,PM2.5 - Principal,2018-12-08 01:00 PM,2018,12,8,13,73.5,160,Unhealthy,49.0,UG/M3,1 Hr,Valid
Embassy Kathmandu,PM2.5 - Principal,2018-12-08 02:00 PM,2018,12,8,14,56.2,151,Unhealthy,39.0,UG/M3,1 Hr,Valid
Embassy Kathmandu,PM2.5 - Principal,2018-12-08 03:00 PM,2018,12,8,15,42.6,118,Unhealthy for Sensitive Groups,29.0,UG/M3,1 Hr,Valid
Embassy Kathmandu,PM2.5 - Principal,2018-12-08 04:00 PM,2018,12,8,16,37.3,105,Unhealthy for Sensitive Groups,32.0,UG/M3,1 Hr,Valid
Embassy Kathmandu,PM2.5 - Principal,2018-12-08 05:00 PM,2018,12,8,17,37.6,106,Unhealthy for Sensitive Groups,38.0,UG/M3,1 Hr,Valid
Embassy Kathmandu,PM2.5 - Principal,2018-12-08 06:00 PM,2018,12,8,18,42.8,119,Unhealthy for Sensitive Groups,48.0,UG/M3,1 Hr,Valid
Embassy Kathmandu,PM2.5 - Principal,2018-12-08 07:00 PM,2018,12,8,19,44.4,123,Unhealthy for Sensitive Groups,46.0,UG/M3,1 Hr,Valid
Embassy Kathmandu,PM2.5 - Principal,2018-12-08 08:00 PM,2018,12,8,20,51.6,141,Unhealthy for Sensitive Groups,59.0,UG/M3,1 Hr,Valid
Embassy Kathmandu,PM2.5 - Principal,2018-12-08 09:00 PM,2018,12,8,21,66.8,157,Unhealthy,82.0,UG/M3,1 Hr,Valid
Embassy Kathmandu,PM2.5 - Principal,2018-12-08 10:00 PM,2018,12,8,22,75.9,162,Unhealthy,85.0,UG/M3,1 Hr,Valid
Embassy Kathmandu,PM2.5 - Principal,2018-12-08 11:00 PM,2018,12,8,23,80.4,164,Unhealthy,85.0,UG/M3,1 Hr,Valid
Embassy Kathmandu,PM2.5 - Principal,2018-12-09 12:00 AM,2018,12,9,0,85.7,167,Unhealthy,91.0,UG/M3,1 Hr,Valid
Embassy Kathmandu,PM2.5 - Principal,2018-12-09 01:00 AM,2018,12,9,1,75.3,161,Unhealthy,65.0,UG/M3,1 Hr,Valid
Embassy Kathmandu,PM2.5 - Principal,2018-12-09 02:00 AM,2018,12,9,2,62.1,154,Unhealthy,49.0,UG/M3,1 Hr,Valid
Embassy Kathmandu,PM2.5 - Principal,2018-12-09 03:00 AM,2018,12,9,3,53.5,145,Unhealthy for Sensitive Groups,45.0,UG/M3,1 Hr,Valid
Embassy Kathmandu,PM2.5 - Principal,2018-12-09 04:00 AM,2018,12,9,4,50.7,138,Unhealthy for Sensitive Groups,48.0,UG/M3,1 Hr,Valid
Embassy Kathmandu,PM2.5 - Principal,2018-12-09 05:00 AM,2018,12,9,5,52.4,143,Unhealthy for Sensitive Groups,54.0,UG/M3,1 Hr,Valid
Embassy Kathmandu,PM2.5 - Principal,2018-12-09 06:00 AM,2018,12,9,6,56.2,151,Unhealthy,60.0,UG/M3,1 Hr,Valid
Embassy Kathmandu,PM2.5 - Principal,2018-12-09 07:00 AM,2018,12,9,7,61.6,154,Unhealthy,67.0,UG/M3,1 Hr,Valid
Embassy Kathmandu,PM2.5 - Principal,2018-12-09 08:00 AM,2018,12,9,8,82.3,165,Unhealthy,103.0,UG/M3,1 Hr,Valid
Embassy Kathmandu,PM2.5 - Principal,2018-12-09 09:00 AM,2018,12,9,9,98.1,173,Unhealthy,114.0,UG/M3,1 Hr,Valid
Embassy Kathmandu,PM2.5 - Principal,2018-12-09 10:00 AM,2018,12,9,10,115.0,182,Unhealthy,132.0,UG/M3,1 Hr,Valid
Embassy Kathmandu,PM2.5 - Principal,2018-12-09 11:00 AM,2018,12,9,11,107.5,178,Unhealthy,100.0,UG/M3,1 Hr,Valid
Embassy Kathmandu,PM2.5 - Principal,2018-12-09 12:00 PM,2018,12,9,12,93.2,170,Unhealthy,79.0,UG/M3,1 Hr,Valid
Embassy Kathmandu,PM2.5 - Principal,2018-12-09 01:00 PM,2018,12,9,13,62.1,154,Unhealthy,31.0,UG/M3,1 Hr,Valid
Embassy Kathmandu,PM2.5 - Principal,2018-12-09 02:00 PM,2018,12,9,14,47.0,129,Unhealthy for Sensitive Groups,32.0,UG/M3,1 Hr,Valid
Embassy Kathmandu,PM2.5 - Principal,2018-12-09 03:00 PM,2018,12,9,15,50.0,137,Unhealthy for Sensitive Groups,53.0,UG/M3,1 Hr,Valid
Embassy Kathmandu,PM2.5 - Principal,2018-12-09 04:00 PM,2018,12,9,16,45.5,126,Unhealthy for Sensitive Groups,41.0,UG/M3,1 Hr,Valid
Embassy Kathmandu,PM2.5 - Principal,2018-12-09 05:00 PM,2018,12,9,17,41.7,116,Unhealthy for Sensitive Groups,38.0,UG/M3,1 Hr,Valid
Embassy Kathmandu,PM2.5 - Principal,2018-12-09 06:00 PM,2018,12,9,18,41.8,117,Unhealthy for Sensitive Groups,42.0,UG/M3,1 Hr,Valid
Embassy Kathmandu,PM2.5 - Principal,2018-12-09 07:00 PM,2018,12,9,19,41.9,117,Unhealthy for Sensitive Groups,42.0,UG/M3,1 Hr,Valid
Embassy Kathmandu,PM2.5 - Principal,2018-12-09 08:00 PM,2018,12,9,20,44.9,124,Unhealthy for Sensitive Groups,48.0,UG/M3,1 Hr,Valid
Embassy Kathmandu,PM2.5 - Principal,2018-12-09 09:00 PM,2018,12,9,21,57.9,152,Unhealthy,71.0,UG/M3,1 Hr,Valid
Embassy Kathmandu,PM2.5 - Principal,2018-12-09 10:00 PM,2018,12,9,22,74.4,161,Unhealthy,91.0,UG/M3,1 Hr,Valid
Embassy Kathmandu,PM2.5 - Principal,2018-12-09 11:00 PM,2018,12,9,23,85.7,167,Unhealthy,97.0,UG/M3,1 Hr,Valid
Embassy Kathmandu,PM2.5 - Principal,2018-12-10 12:00 AM,2018,12,10,0,78.3,163,Unhealthy,71.0,UG/M3,1 Hr,Valid
Embassy Kathmandu,PM2.5 - Principal,2018-12-10 01:00 AM,2018,12,10,1,72.1,160,Unhealthy,66.0,UG/M3,1 Hr,Valid
Embassy Kathmandu,PM2.5 - Principal,2018-12-10 02:00 AM,2018,12,10,2,63.0,155,Unhealthy,54.0,UG/M3,1 Hr,Valid
Embassy Kathmandu,PM2.5 - Principal,2018-12-10 03:00 AM,2018,12,10,3,56.0,151,Unhealthy,49.0,UG/M3,1 Hr,Valid
Embassy Kathmandu,PM2.5 - Principal,2018-12-10 04:00 AM,2018,12,10,4,53.5,145,Unhealthy for Sensitive Groups,51.0,UG/M3,1 Hr,Valid
Embassy Kathmandu,PM2.5 - Principal,2018-12-10 05:00 AM,2018,12,10,5,55.7,151,Unhealthy,58.0,UG/M3,1 Hr,Valid
Embassy Kathmandu,PM2.5 - Principal,2018-12-10 06:00 AM,2018,12,10,6,58.3,152,Unhealthy,61.0,UG/M3,1 Hr,Valid
Embassy Kathmandu,PM2.5 - Principal,2018-12-10 07:00 AM,2018,12,10,7,63.6,155,Unhealthy,69.0,UG/M3,1 Hr,Valid
Embassy Kathmandu,PM2.5 - Principal,2018-12-10 08:00 AM,2018,12,10,8,90.3,169,Unhealthy,117.0,UG/M3,1 Hr,Valid
Embassy Kathmandu,PM2.5 - Principal,2018-12-10 09:00 AM,2018,12,10,9,111.6,180,Unhealthy,133.0,UG/M3,1 Hr,Valid
Embassy Kathmandu,PM2.5 - Principal,2018-12-10 10:00 AM,2018,12,10,10,111.6,180,Unhealthy,906.0,UG/M3,1 Hr,Invalid
Embassy Kathmandu,PM2.5 - Principal,2018-12-10 11:00 AM,2018,12,10,11,85.2,166,Unhealthy,72.0,UG/M3,1 Hr,Valid
Embassy Kathmandu,PM2.5 - Principal,2018-12-10 12:00 PM,2018,12,10,12,54.8,149,Unhealthy for Sensitive Groups,32.0,UG/M3,1 Hr,Valid
Embassy Kathmandu,PM2.5 - Principal,2018-12-10 01:00 PM,2018,12,10,13,38.3,108,Unhealthy for Sensitive Groups,24.0,UG/M3,1 Hr,Valid
Embassy Kathmandu,PM2.5 - Principal,2018-12-10 02:00 PM,2018,12,10,14,30.9,91,Moderate,24.0,UG/M3,1 Hr,Valid
Embassy Kathmandu,PM2.5 - Principal,2018-12-10 03:00 PM,2018,12,10,15,37.5,106,Unhealthy for Sensitive Groups,44.0,UG/M3,1 Hr,Valid
Embassy Kathmandu,PM2.5 - Principal,2018-12-10 04:00 PM,2018,12,10,16,35.2,100,Moderate,33.0,UG/M3,1 Hr,Valid
Embassy Kathmandu,PM2.5 - Principal,2018-12-10 05:00 PM,2018,12,10,17,35.6,101,Unhealthy for Sensitive Groups,36.0,UG/M3,1 Hr,Valid
Embassy Kathmandu,PM2.5 - Principal,2018-12-10 06:00 PM,2018,12,10,18,39.8,112,Unhealthy for Sensitive Groups,44.0,UG/M3,1 Hr,Valid
Embassy Kathmandu,PM2.5 - Principal,2018-12-10 07:00 PM,2018,12,10,19,50.9,139,Unhealthy for Sensitive Groups,62.0,UG/M3,1 Hr,Valid
Embassy Kathmandu,PM2.5 - Principal,2018-12-10 08:00 PM,2018,12,10,20,75.9,162,Unhealthy,101.0,UG/M3,1 Hr,Valid
Embassy Kathmandu,PM2.5 - Principal,2018-12-10 09:00 PM,2018,12,10,21,86.4,167,Unhealthy,97.0,UG/M3,1 Hr,Valid
Embassy Kathmandu,PM2.5 - Principal,2018-12-10 10:00 PM,2018,12,10,22,100.7,174,Unhealthy,115.0,UG/M3,1 Hr,Valid
Embassy Kathmandu,PM2.5 - Principal,2018-12-10 11:00 PM,2018,12,10,23,103.3,176,Unhealthy,106.0,UG/M3,1 Hr,Valid
Embassy Kathmandu,PM2.5 - Principal,2018-12-11 12:00 AM,2018,12,11,0,94.1,171,Unhealthy,85.0,UG/M3,1 Hr,Valid
Embassy Kathmandu,PM2.5 - Principal,2018-12-11 01:00 AM,2018,12,11,1,77.6,162,Unhealthy,61.0,UG/M3,1 Hr,Valid
Embassy Kathmandu,PM2.5 - Principal,2018-12-11 02:00 AM,2018,12,11,2,69.3,158,Unhealthy,61.0,UG/M3,1 Hr,Valid
Embassy Kathmandu,PM2.5 - Principal,2018-12-11 03:00 AM,2018,12,11,3,59.1,153,Unhealthy,49.0,UG/M3,1 Hr,Valid
Embassy Kathmandu,PM2.5 - Principal,2018-12-11 04:00 AM,2018,12,11,4,58.5,153,Unhealthy,58.0,UG/M3,1 Hr,Valid
Embassy Kathmandu,PM2.5 - Principal,2018-12-11 05:00 AM,2018,12,11,5,57.2,152,Unhealthy,56.0,UG/M3,1 Hr,Valid
Embassy Kathmandu,PM2.5 - Principal,2018-12-11 06:00 AM,2018,12,11,6,56.1,151,Unhealthy,55.0,UG/M3,1 Hr,Valid
Embassy Kathmandu,PM2.5 - Principal,2018-12-11 07:00 AM,2018,12,11,7,68.0,157,Unhealthy,80.0,UG/M3,1 Hr,Valid
Embassy Kathmandu,PM2.5 - Principal,2018-12-11 08:00 AM,2018,12,11,8,78.0,163,Unhealthy,88.0,UG/M3,1 Hr,Valid
Embassy Kathmandu,PM2.5 - Principal,2018-12-11 09:00 AM,2018,12,11,9,98.5,173,Unhealthy,119.0,UG/M3,1 Hr,Valid
Embassy Kathmandu,PM2.5 - Principal,2018-12-11 10:00 AM,2018,12,11,10,98.7,173,Unhealthy,99.0,UG/M3,1 Hr,Valid
Embassy Kathmandu,PM2.5 - Principal,2018-12-11 11:00 AM,2018,12,11,11,73.8,160,Unhealthy,49.0,UG/M3,1 Hr,Valid
Embassy Kathmandu,PM2.5 - Principal,2018-12-11 12:00 PM,2018,12,11,12,53.4,145,Unhealthy for Sensitive Groups,33.0,UG/M3,1 Hr,Valid
Embassy Kathmandu,PM2.5 - Principal,2018-12-11 01:00 PM,2018,12,11,13,40.2,113,Unhealthy for Sensitive Groups,27.0,UG/M3,1 Hr,Valid
Embassy Kathmandu,PM2.5 - Principal,2018-12-11 02:00 PM,2018,12,11,14,37.1,105,Unhealthy for Sensitive Groups,34.0,UG/M3,1 Hr,Valid
Embassy Kathmandu,PM2.5 - Principal,2018-12-11 03:00 PM,2018,12,11,15,32.5,94,Moderate,28.0,UG/M3,1 Hr,Valid
Embassy Kathmandu,PM2.5 - Principal,2018-12-11 04:00 PM,2018,12,11,16,33.2,95,Moderate,34.0,UG/M3,1 Hr,Valid
Embassy Kathmandu,PM2.5 - Principal,2018-12-11 05:00 PM,2018,12,11,17,33.6,96,Moderate,34.0,UG/M3,1 Hr,Valid
Embassy Kathmandu,PM2.5 - Principal,2018-12-11 06:00 PM,2018,12,11,18,38.8,109,Unhealthy for Sensitive Groups,44.0,UG/M3,1 Hr,Valid
Embassy Kathmandu,PM2.5 - Principal,2018-12-11 07:00 PM,2018,12,11,19,38.4,108,Unhealthy for Sensitive Groups,38.0,UG/M3,1 Hr,Valid
Embassy Kathmandu,PM2.5 - Principal,2018-12-11 08:00 PM,2018,12,11,20,57.6,152,Unhealthy,77.0,UG/M3,1 Hr,Valid
Embassy Kathmandu,PM2.5 - Principal,2018-12-11 09:00 PM,2018,12,11,21,70.8,159,Unhealthy,84.0,UG/M3,1 Hr,Valid
Embassy Kathmandu,PM2.5 - Principal,2018-12-11 10:00 PM,2018,12,11,22,76.4,162,Unhealthy,82.0,UG/M3,1 Hr,Valid
Embassy Kathmandu,PM2.5 - Principal,2018-12-11 11:00 PM,2018,12,11,23,90.7,169,Unhealthy,105.0,UG/M3,1 Hr,Valid
Embassy Kathmandu,PM2.5 - Principal,2018-12-12 12:00 AM,2018,12,12,0,73.3,160,Unhealthy,56.0,UG/M3,1 Hr,Valid
Embassy Kathmandu,PM2.5 - Principal,2018-12-12 01:00 AM,2018,12,12,1,67.1,157,Unhealthy,61.0,UG/M3,1 Hr,Valid
Embassy Kathmandu,PM2.5 - Principal,2018-12-12 02:00 AM,2018,12,12,2,58.5,153,Unhealthy,50.0,UG/M3,1 Hr,Valid
Embassy Kathmandu,PM2.5 - Principal,2018-12-12 03:00 AM,2018,12,12,3,61.3,154,Unhealthy,64.0,UG/M3,1 Hr,Valid
Embassy Kathmandu,PM2.5 - Principal,2018-12-12 04:00 AM,2018,12,12,4,51.6,141,Unhealthy for Sensitive Groups,42.0,UG/M3,1 Hr,Valid
Embassy Kathmandu,PM2.5 - Principal,2018-12-12 05:00 AM,2018,12,12,5,47.8,131,Unhealthy for Sensitive Groups,44.0,UG/M3,1 Hr,Valid
Embassy Kathmandu,PM2.5 - Principal,2018-12-12 06:00 AM,2018,12,12,6,48.4,133,Unhealthy for Sensitive Groups,49.0,UG/M3,1 Hr,Valid
Embassy Kathmandu,PM2.5 - Principal,2018-12-12 07:00 AM,2018,12,12,7,55.7,151,Unhealthy,63.0,UG/M3,1 Hr,Valid
Embassy Kathmandu,PM2.5 - Principal,2018-12-12 08:00 AM,2018,12,12,8,72.8,160,Unhealthy,90.0,UG/M3,1 Hr,Valid
Embassy Kathmandu,PM2.5 - Principal,2018-12-12 09:00 AM,2018,12,12,9,99.4,174,Unhealthy,126.0,UG/M3,1 Hr,Valid
Embassy Kathmandu,PM2.5 - Principal,2018-12-12 10:00 AM,2018,12,12,10,100.7,174,Unhealthy,102.0,UG/M3,1 Hr,Valid
Embassy Kathmandu,PM2.5 - Principal,2018-12-12 11:00 AM,2018,12,12,11,85.8,167,Unhealthy,71.0,UG/M3,1 Hr,Valid
Embassy Kathmandu,PM2.5 - Principal,2018-12-12 12:00 PM,2018,12,12,12,60.9,154,Unhealthy,36.0,UG/M3,1 Hr,Valid
Embassy Kathmandu,PM2.5 - Principal,2018-12-12 01:00 PM,2018,12,12,13,39.4,111,Unhealthy for Sensitive Groups,18.0,UG/M3,1 Hr,Valid
Embassy Kathmandu,PM2.5 - Principal,2018-12-12 02:00 PM,2018,12,12,14,29.7,88,Moderate,20.0,UG/M3,1 Hr,Valid
Embassy Kathmandu,PM2.5 - Principal,2018-12-12 03:00 PM,2018,12,12,15,21.3,70,Moderate,13.0,UG/M3,1 Hr,Valid
Embassy Kathmandu,PM2.5 - Principal,2018-12-12 04:00 PM,2018,12,12,16,23.6,75,Moderate,26.0,UG/M3,1 Hr,Valid
Embassy Kathmandu,PM2.5 - Principal,2018-12-12 05:00 PM,2018,12,12,17,29.3,87,Moderate,35.0,UG/M3,1 Hr,Valid
Embassy Kathmandu,PM2.5 - Principal,2018-12-12 06:00 PM,2018,12,12,18,31.1,91,Moderate,33.0,UG/M3,1 Hr,Valid
Embassy Kathmandu,PM2.5 - Principal,2018-12-12 07:00 PM,2018,12,12,19,32.0,93,Moderate,33.0,UG/M3,1 Hr,Valid
Embassy Kathmandu,PM2.5 - Principal,2018-12-12 08:00 PM,2018,12,12,20,47.5,131,Unhealthy for Sensitive Groups,63.0,UG/M3,1 Hr,Valid
Embassy Kathmandu,PM2.5 - Principal,2018-12-12 09:00 PM,2018,12,12,21,61.7,154,Unhealthy,76.0,UG/M3,1 Hr,Valid
Embassy Kathmandu,PM2.5 - Principal,2018-12-12 10:00 PM,2018,12,12,22,71.8,159,Unhealthy,82.0,UG/M3,1 Hr,Valid
Embassy Kathmandu,PM2.5 - Principal,2018-12-12 11:00 PM,2018,12,12,23,80.9,164,Unhealthy,90.0,UG/M3,1 Hr,Valid
Embassy Kathmandu,PM2.5 - Principal,2018-12-13 12:00 AM,2018,12,13,0,68.4,158,Unhealthy,56.0,UG/M3,1 Hr,Valid
Embassy Kathmandu,PM2.5 - Principal,2018-12-13 01:00 AM,2018,12,13,1,56.7,152,Unhealthy,45.0,UG/M3,1 Hr,Valid
Embassy Kathmandu,PM2.5 - Principal,2018-12-13 02:00 AM,2018,12,13,2,50.3,137,Unhealthy for Sensitive Groups,44.0,UG/M3,1 Hr,Valid
Embassy Kathmandu,PM2.5 - Principal,2018-12-13 03:00 AM,2018,12,13,3,52.6,143,Unhealthy for Sensitive Groups,55.0,UG/M3,1 Hr,Valid
Embassy Kathmandu,PM2.5 - Principal,2018-12-13 04:00 AM,2018,12,13,4,47.8,131,Unhealthy for Sensitive Groups,43.0,UG/M3,1 Hr,Valid
Embassy Kathmandu,PM2.5 - Principal,2018-12-13 05:00 AM,2018,12,13,5,44.9,124,Unhealthy for Sensitive Groups,42.0,UG/M3,1 Hr,Valid
Embassy Kathmandu,PM2.5 - Principal,2018-12-13 06:00 AM,2018,12,13,6,48.4,133,Unhealthy for Sensitive Groups,52.0,UG/M3,1 Hr,Valid
Embassy Kathmandu,PM2.5 - Principal,2018-12-13 07:00 AM,2018,12,13,7,57.7,152,Unhealthy,67.0,UG/M3,1 Hr,Valid
Embassy Kathmandu,PM2.5 - Principal,2018-12-13 08:00 AM,2018,12,13,8,75.3,161,Unhealthy,93.0,UG/M3,1 Hr,Valid
Embassy Kathmandu,PM2.5 - Principal,2018-12-13 09:00 AM,2018,12,13,9,98.6,173,Unhealthy,122.0,UG/M3,1 Hr,Valid
Embassy Kathmandu,PM2.5 - Principal,2018-12-13 10:00 AM,2018,12,13,10,107.8,178,Unhealthy,117.0,UG/M3,1 Hr,Valid
Embassy Kathmandu,PM2.5 - Principal,2018-12-13 11:00 AM,2018,12,13,11,97.9,173,Unhealthy,88.0,UG/M3,1 Hr,Valid
Embassy Kathmandu,PM2.5 - Principal,2018-12-13 12:00 PM,2018,12,13,12,61.4,154,Unhealthy,25.0,UG/M3,1 Hr,Valid
Embassy Kathmandu,PM2.5 - Principal,2018-12-13 01:00 PM,2018,12,13,13,41.2,115,Unhealthy for Sensitive Groups,21.0,UG/M3,1 Hr,Valid
Embassy Kathmandu,PM2.5 - Principal,2018-12-13 02:00 PM,2018,12,13,14,30.6,90,Moderate,20.0,UG/M3,1 Hr,Valid
Embassy Kathmandu,PM2.5 - Principal,2018-12-13 03:00 PM,2018,12,13,15,28.8,86,Moderate,27.0,UG/M3,1 Hr,Valid
Embassy Kathmandu,PM2.5 - Principal,2018-12-13 04:00 PM,2018,12,13,16,33.4,96,Moderate,38.0,UG/M3,1 Hr,Valid
Embassy Kathmandu,PM2.5 - Principal,2018-12-13 05:00 PM,2018,12,13,17,32.1,93,Moderate,31.0,UG/M3,1 Hr,Valid
Embassy Kathmandu,PM2.5 - Principal,2018-12-13 06:00 PM,2018,12,13,18,38.0,107,Unhealthy for Sensitive Groups,44.0,UG/M3,1 Hr,Valid
Embassy Kathmandu,PM2.5 - Principal,2018-12-13 07:00 PM,2018,12,13,19,56.5,152,Unhealthy,75.0,UG/M3,1 Hr,Valid
Embassy Kathmandu,PM2.5 - Principal,2018-12-13 08:00 PM,2018,12,13,20,123.7,186,Unhealthy,191.0,UG/M3,1 Hr,Valid
Embassy Kathmandu,PM2.5 - Principal,2018-12-13 09:00 PM,2018,12,13,21,124.8,187,Unhealthy,126.0,UG/M3,1 Hr,Valid
Embassy Kathmandu,PM2.5 - Principal,2018-12-13 10:00 PM,2018,12,13,22,145.9,198,Unhealthy,167.0,UG/M3,1 Hr,Valid
Embassy Kathmandu,PM2.5 - Principal,2018-12-13 11:00 PM,2018,12,13,23,164.9,215,Very Unhealthy,184.0,UG/M3,1 Hr,Valid
Embassy Kathmandu,PM2.5 - Principal,2018-12-14 12:00 AM,2018,12,14,0,169.5,220,Very Unhealthy,174.0,UG/M3,1 Hr,Valid
Embassy Kathmandu,PM2.5 - Principal,2018-12-14 01:00 AM,2018,12,14,1,150.2,200,Unhealthy,131.0,UG/M3,1 Hr,Valid
Embassy Kathmandu,PM2.5 - Principal,2018-12-14 02:00 AM,2018,12,14,2,115.1,182,Unhealthy,80.0,UG/M3,1 Hr,Valid
Embassy Kathmandu,PM2.5 - Principal,2018-12-14 03:00 AM,2018,12,14,3,98.5,173,Unhealthy,82.0,UG/M3,1 Hr,Valid
Embassy Kathmandu,PM2.5 - Principal,2018-12-14 04:00 AM,2018,12,14,4,88.7,168,Unhealthy,79.0,UG/M3,1 Hr,Valid
Embassy Kathmandu,PM2.5 - Principal,2018-12-14 05:00 AM,2018,12,14,5,81.4,164,Unhealthy,74.0,UG/M3,1 Hr,Valid
Embassy Kathmandu,PM2.5 - Principal,2018-12-14 06:00 AM,2018,12,14,6,68.7,158,Unhealthy,56.0,UG/M3,1 Hr,Valid
Embassy Kathmandu,PM2.5 - Principal,2018-12-14 07:00 AM,2018,12,14,7,68.8,158,Unhealthy,69.0,UG/M3,1 Hr,Valid
Embassy Kathmandu,PM2.5 - Principal,2018-12-14 08:00 AM,2018,12,14,8,82.4,165,Unhealthy,96.0,UG/M3,1 Hr,Valid
Embassy Kathmandu,PM2.5 - Principal,2018-12-14 09:00 AM,2018,12,14,9,205.2,255,Very Unhealthy,328.0,UG/M3,1 Hr,Valid
Embassy Kathmandu,PM2.5 - Principal,2018-12-14 10:00 AM,2018,12,14,10,138.1,194,Unhealthy,71.0,UG/M3,1 Hr,Valid
Embassy Kathmandu,PM2.5 - Principal,2018-12-14 11:00 AM,2018,12,14,11,88.5,168,Unhealthy,39.0,UG/M3,1 Hr,Valid
Embassy Kathmandu,PM2.5 - Principal,2018-12-14 12:00 PM,2018,12,14,12,75.2,161,Unhealthy,62.0,UG/M3,1 Hr,Valid
Embassy Kathmandu,PM2.5 - Principal,2018-12-14 01:00 PM,2018,12,14,13,49.1,134,Unhealthy for Sensitive Groups,23.0,UG/M3,1 Hr,Valid
Embassy Kathmandu,PM2.5 - Principal,2018-12-14 02:00 PM,2018,12,14,14,32.5,94,Moderate,16.0,UG/M3,1 Hr,Valid
Embassy Kathmandu,PM2.5 - Principal,2018-12-14 03:00 PM,2018,12,14,15,24.7,77,Moderate,17.0,UG/M3,1 Hr,Valid
Embassy Kathmandu,PM2.5 - Principal,2018-12-14 04:00 PM,2018,12,14,16,27.8,84,Moderate,31.0,UG/M3,1 Hr,Valid
Embassy Kathmandu,PM2.5 - Principal,2018-12-14 05:00 PM,2018,12,14,17,34.4,98,Moderate,41.0,UG/M3,1 Hr,Valid
Embassy Kathmandu,PM2.5 - Principal,2018-12-14 06:00 PM,2018,12,14,18,36.2,103,Unhealthy for Sensitive Groups,38.0,UG/M3,1 Hr,Valid
Embassy Kathmandu,PM2.5 - Principal,2018-12-14 07:00 PM,2018,12,14,19,41.6,116,Unhealthy for Sensitive Groups,47.0,UG/M3,1 Hr,Valid
Embassy Kathmandu,PM2.5 - Principal,2018-12-14 08:00 PM,2018,12,14,20,66.8,157,Unhealthy,92.0,UG/M3,1 Hr,Valid
Embassy Kathmandu,PM2.5 - Principal,2018-12-14 09:00 PM,2018,12,14,21,81.8,165,Unhealthy,97.0,UG/M3,1 Hr,Valid
Embassy Kathmandu,PM2.5 - Principal,2018-12-14 10:00 PM,2018,12,14,22,121.4,185,Unhealthy,161.0,UG/M3,1 Hr,Valid
Embassy Kathmandu,PM2.5 - Principal,2018-12-14 11:00 PM,2018,12,14,23,133.2,191,Unhealthy,145.0,UG/M3,1 Hr,Valid
Embassy Kathmandu,PM2.5 - Principal,2018-12-15 12:00 AM,2018,12,15,0,109.6,179,Unhealthy,86.0,UG/M3,1 Hr,Valid
Embassy Kathmandu,PM2.5 - Principal,2018-12-15 01:00 AM,2018,12,15,1,98.3,173,Unhealthy,87.0,UG/M3,1 Hr,Valid
Embassy Kathmandu,PM2.5 - Principal,2018-12-15 02:00 AM,2018,12,15,2,81.1,164,Unhealthy,64.0,UG/M3,1 Hr,Valid
Embassy Kathmandu,PM2.5 - Principal,2018-12-15 03:00 AM,2018,12,15,3,71.0,159,Unhealthy,61.0,UG/M3,1 Hr,Valid
Embassy Kathmandu,PM2.5 - Principal,2018-12-15 04:00 AM,2018,12,15,4,64.5,156,Unhealthy,58.0,UG/M3,1 Hr,Valid
Embassy Kathmandu,PM2.5 - Principal,2018-12-15 05:00 AM,2018,12,15,5,64.7,156,Unhealthy,65.0,UG/M3,1 Hr,Valid
Embassy Kathmandu,PM2.5 - Principal,2018-12-15 06:00 AM,2018,12,15,6,68.3,158,Unhealthy,72.0,UG/M3,1 Hr,Valid
Embassy Kathmandu,PM2.5 - Principal,2018-12-15 07:00 AM,2018,12,15,7,71.6,159,Unhealthy,75.0,UG/M3,1 Hr,Valid
Embassy Kathmandu,PM2.5 - Principal,2018-12-15 08:00 AM,2018,12,15,8,94.8,171,Unhealthy,118.0,UG/M3,1 Hr,Valid
Embassy Kathmandu,PM2.5 - Principal,2018-12-15 09:00 AM,2018,12,15,9,119.9,184,Unhealthy,145.0,UG/M3,1 Hr,Valid
Embassy Kathmandu,PM2.5 - Principal,2018-12-15 10:00 AM,2018,12,15,10,119.4,184,Unhealthy,119.0,UG/M3,1 Hr,Valid
Embassy Kathmandu,PM2.5 - Principal,2018-12-15 11:00 AM,2018,12,15,11,110.2,179,Unhealthy,101.0,UG/M3,1 Hr,Valid
Embassy Kathmandu,PM2.5 - Principal,2018-12-15 12:00 PM,2018,12,15,12,96.6,172,Unhealthy,83.0,UG/M3,1 Hr,Valid
Embassy Kathmandu,PM2.5 - Principal,2018-12-15 01:00 PM,2018,12,15,13,61.2,154,Unhealthy,26.0,UG/M3,1 Hr,Valid
Embassy Kathmandu,PM2.5 - Principal,2018-12-15 02:00 PM,2018,12,15,14,42.1,117,Unhealthy for Sensitive Groups,23.0,UG/M3,1 Hr,Valid
Embassy Kathmandu,PM2.5 - Principal,2018-12-15 03:00 PM,2018,12,15,15,37.0,105,Unhealthy for Sensitive Groups,32.0,UG/M3,1 Hr,Valid
Embassy Kathmandu,PM2.5 - Principal,2018-12-15 04:00 PM,2018,12,15,16,29.0,87,Moderate,21.0,UG/M3,1 Hr,Valid
Embassy Kathmandu,PM2.5 - Principal,2018-12-15 05:00 PM,2018,12,15,17,28.0,84,Moderate,27.0,UG/M3,1 Hr,Valid
Embassy Kathmandu,PM2.5 - Principal,2018-12-15 06:00 PM,2018,12,15,18,36.0,102,Unhealthy for Sensitive Groups,44.0,UG/M3,1 Hr,Valid
Embassy Kathmandu,PM2.5 - Principal,2018-12-15 07:00 PM,2018,12,15,19,55.5,151,Unhealthy,75.0,UG/M3,1 Hr,Valid
Embassy Kathmandu,PM2.5 - Principal,2018-12-15 08:00 PM,2018,12,15,20,80.2,164,Unhealthy,105.0,UG/M3,1 Hr,Valid
Embassy Kathmandu,PM2.5 - Principal,2018-12-15 09:00 PM,2018,12,15,21,114.1,181,Unhealthy,148.0,UG/M3,1 Hr,Valid
Embassy Kathmandu,PM2.5 - Principal,2018-12-15 10:00 PM,2018,12,15,22,105.5,177,Unhealthy,97.0,UG/M3,1 Hr,Valid
Embassy Kathmandu,PM2.5 - Principal,2018-12-15 11:00 PM,2018,12,15,23,136.7,193,Unhealthy,168.0,UG/M3,1 Hr,Valid
Embassy Kathmandu,PM2.5 - Principal,2018-12-16 12:00 AM,2018,12,16,0,129.8,189,Unhealthy,123.0,UG/M3,1 Hr,Valid
Embassy Kathmandu,PM2.5 - Principal,2018-12-16 01:00 AM,2018,12,16,1,105.4,177,Unhealthy,81.0,UG/M3,1 Hr,Valid
Embassy Kathmandu,PM2.5 - Principal,2018-12-16 02:00 AM,2018,12,16,2,88.2,168,Unhealthy,71.0,UG/M3,1 Hr,Valid
Embassy Kathmandu,PM2.5 - Principal,2018-12-16 03:00 AM,2018,12,16,3,78.6,163,Unhealthy,69.0,UG/M3,1 Hr,Valid
Embassy Kathmandu,PM2.5 - Principal,2018-12-16 04:00 AM,2018,12,16,4,68.8,158,Unhealthy,59.0,UG/M3,1 Hr,Valid
Embassy Kathmandu,PM2.5 - Principal,2018-12-16 05:00 AM,2018,12,16,5,68.4,158,Unhealthy,68.0,UG/M3,1 Hr,Valid
Embassy Kathmandu,PM2.5 - Principal,2018-12-16 06:00 AM,2018,12,16,6,64.7,156,Unhealthy,61.0,UG/M3,1 Hr,Valid
Embassy Kathmandu,PM2.5 - Principal,2018-12-16 07:00 AM,2018,12,16,7,78.8,163,Unhealthy,93.0,UG/M3,1 Hr,Valid
Embassy Kathmandu,PM2.5 - Principal,2018-12-16 08:00 AM,2018,12,16,8,92.4,170,Unhealthy,106.0,UG/M3,1 Hr,Valid
Embassy Kathmandu,PM2.5 - Principal,2018-12-16 09:00 AM,2018,12,16,9,101.2,175,Unhealthy,110.0,UG/M3,1 Hr,Valid
Embassy Kathmandu,PM2.5 - Principal,2018-12-16 10:00 AM,2018,12,16,10,107.1,178,Unhealthy,113.0,UG/M3,1 Hr,Valid
Embassy Kathmandu,PM2.5 - Principal,2018-12-16 11:00 AM,2018,12,16,11,85.0,166,Unhealthy,63.0,UG/M3,1 Hr,Valid
Embassy Kathmandu,PM2.5 - Principal,2018-12-16 12:00 PM,2018,12,16,12,59.5,153,Unhealthy,34.0,UG/M3,1 Hr,Valid
Embassy Kathmandu,PM2.5 - Principal,2018-12-16 01:00 PM,2018,12,16,13,40.7,114,Unhealthy for Sensitive Groups,22.0,UG/M3,1 Hr,Valid
Embassy Kathmandu,PM2.5 - Principal,2018-12-16 02:00 PM,2018,12,16,14,30.3,89,Moderate,20.0,UG/M3,1 Hr,Valid
Embassy Kathmandu,PM2.5 - Principal,2018-12-16 03:00 PM,2018,12,16,15,31.6,92,Moderate,33.0,UG/M3,1 Hr,Valid
Embassy Kathmandu,PM2.5 - Principal,2018-12-16 04:00 PM,2018,12,16,16,30.8,90,Moderate,30.0,UG/M3,1 Hr,Valid
Embassy Kathmandu,PM2.5 - Principal,2018-12-16 05:00 PM,2018,12,16,17,31.4,92,Moderate,32.0,UG/M3,1 Hr,Valid
Embassy Kathmandu,PM2.5 - Principal,2018-12-16 06:00 PM,2018,12,16,18,41.2,115,Unhealthy for Sensitive Groups,51.0,UG/M3,1 Hr,Valid
Embassy Kathmandu,PM2.5 - Principal,2018-12-16 07:00 PM,2018,12,16,19,60.6,154,Unhealthy,80.0,UG/M3,1 Hr,Valid
Embassy Kathmandu,PM2.5 - Principal,2018-12-16 08:00 PM,2018,12,16,20,88.8,168,Unhealthy,117.0,UG/M3,1 Hr,Valid
Embassy Kathmandu,PM2.5 - Principal,2018-12-16 09:00 PM,2018,12,16,21,121.4,185,Unhealthy,154.0,UG/M3,1 Hr,Valid
Embassy Kathmandu,PM2.5 - Principal,2018-12-16 10:00 PM,2018,12,16,22,157.2,208,Very Unhealthy,193.0,UG/M3,1 Hr,Valid
Embassy Kathmandu,PM2.5 - Principal,2018-12-16 11:00 PM,2018,12,16,23,156.6,207,Very Unhealthy,156.0,UG/M3,1 Hr,Valid
Embassy Kathmandu,PM2.5 - Principal,2018-12-17 12:00 AM,2018,12,17,0,130.3,190,Unhealthy,104.0,UG/M3,1 Hr,Valid
Embassy Kathmandu,PM2.5 - Principal,2018-12-17 01:00 AM,2018,12,17,1,115.1,182,Unhealthy,100.0,UG/M3,1 Hr,Valid
Embassy Kathmandu,PM2.5 - Principal,2018-12-17 02:00 AM,2018,12,17,2,96.5,172,Unhealthy,78.0,UG/M3,1 Hr,Valid
Embassy Kathmandu,PM2.5 - Principal,2018-12-17 03:00 AM,2018,12,17,3,85.8,167,Unhealthy,75.0,UG/M3,1 Hr,Valid
Embassy Kathmandu,PM2.5 - Principal,2018-12-17 04:00 AM,2018,12,17,4,77.9,163,Unhealthy,70.0,UG/M3,1 Hr,Valid
Embassy Kathmandu,PM2.5 - Principal,2018-12-17 05:00 AM,2018,12,17,5,71.9,159,Unhealthy,66.0,UG/M3,1 Hr,Valid
Embassy Kathmandu,PM2.5 - Principal,2018-12-17 06:00 AM,2018,12,17,6,69.9,158,Unhealthy,68.0,UG/M3,1 Hr,Valid
Embassy Kathmandu,PM2.5 - Principal,2018-12-17 07:00 AM,2018,12,17,7,108.9,179,Unhealthy,148.0,UG/M3,1 Hr,Valid
Embassy Kathmandu,PM2.5 - Principal,2018-12-17 08:00 AM,2018,12,17,8,109.4,179,Unhealthy,110.0,UG/M3,1 Hr,Valid
Embassy Kathmandu,PM2.5 - Principal,2018-12-17 09:00 AM,2018,12,17,9,131.2,190,Unhealthy,153.0,UG/M3,1 Hr,Valid
Embassy Kathmandu,PM2.5 - Principal,2018-12-17 10:00 AM,2018,12,17,10,134.6,192,Unhealthy,138.0,UG/M3,1 Hr,Valid
Embassy Kathmandu,PM2.5 - Principal,2018-12-17 11:00 AM,2018,12,17,11,154.3,205,Very Unhealthy,174.0,UG/M3,1 Hr,Valid
Embassy Kathmandu,PM2.5 - Principal,2018-12-17 12:00 PM,2018,12,17,12,128.1,188,Unhealthy,102.0,UG/M3,1 Hr,Valid
Embassy Kathmandu,PM2.5 - Principal,2018-12-17 01:00 PM,2018,12,17,13,117.0,183,Unhealthy,106.0,UG/M3,1 Hr,Valid
Embassy Kathmandu,PM2.5 - Principal,2018-12-17 02:00 PM,2018,12,17,14,88.0,168,Unhealthy,59.0,UG/M3,1 Hr,Valid
Embassy Kathmandu,PM2.5 - Principal,2018-12-17 03:00 PM,2018,12,17,15,96.0,172,Unhealthy,104.0,UG/M3,1 Hr,Valid
Embassy Kathmandu,PM2.5 - Principal,2018-12-17 04:00 PM,2018,12,17,16,117.5,183,Unhealthy,139.0,UG/M3,1 Hr,Valid
Embassy Kathmandu,PM2.5 - Principal,2018-12-17 05:00 PM,2018,12,17,17,125.2,187,Unhealthy,133.0,UG/M3,1 Hr,Valid
Embassy Kathmandu,PM2.5 - Principal,2018-12-17 06:00 PM,2018,12,17,18,131.6,190,Unhealthy,138.0,UG/M3,1 Hr,Valid
Embassy Kathmandu,PM2.5 - Principal,2018-12-17 07:00 PM,2018,12,17,19,175.8,226,Very Unhealthy,220.0,UG/M3,1 Hr,Valid
Embassy Kathmandu,PM2.5 - Principal,2018-12-17 08:00 PM,2018,12,17,20,201.9,252,Very Unhealthy,228.0,UG/M3,1 Hr,Valid
Embassy Kathmandu,PM2.5 - Principal,2018-12-17 09:00 PM,2018,12,17,21,217.9,268,Very Unhealthy,234.0,UG/M3,1 Hr,Valid
Embassy Kathmandu,PM2.5 - Principal,2018-12-17 10:00 PM,2018,12,17,22,204.4,254,Very Unhealthy,191.0,UG/M3,1 Hr,Valid
Embassy Kathmandu,PM2.5 - Principal,2018-12-17 11:00 PM,2018,12,17,23,183.2,233,Very Unhealthy,162.0,UG/M3,1 Hr,Valid
Embassy Kathmandu,PM2.5 - Principal,2018-12-18 12:00 AM,2018,12,18,0,143.1,196,Unhealthy,103.0,UG/M3,1 Hr,Valid
Embassy Kathmandu,PM2.5 - Principal,2018-12-18 01:00 AM,2018,12,18,1,132.0,190,Unhealthy,121.0,UG/M3,1 Hr,Valid
Embassy Kathmandu,PM2.5 - Principal,2018-12-18 02:00 AM,2018,12,18,2,118.5,184,Unhealthy,105.0,UG/M3,1 Hr,Valid
Embassy Kathmandu,PM2.5 - Principal,2018-12-18 03:00 AM,2018,12,18,3,110.7,180,Unhealthy,103.0,UG/M3,1 Hr,Valid
Embassy Kathmandu,PM2.5 - Principal,2018-12-18 04:00 AM,2018,12,18,4,111.8,180,Unhealthy,113.0,UG/M3,1 Hr,Valid
Embassy Kathmandu,PM2.5 - Principal,2018-12-18 05:00 AM,2018,12,18,5,101.4,175,Unhealthy,91.0,UG/M3,1 Hr,Valid
Embassy Kathmandu,PM2.5 - Principal,2018-12-18 06:00 AM,2018,12,18,6,97.2,173,Unhealthy,93.0,UG/M3,1 Hr,Valid
Embassy Kathmandu,PM2.5 - Principal,2018-12-18 07:00 AM,2018,12,18,7,102.5,175,Unhealthy,108.0,UG/M3,1 Hr,Valid
Embassy Kathmandu,PM2.5 - Principal,2018-12-18 08:00 AM,2018,12,18,8,117.2,183,Unhealthy,132.0,UG/M3,1 Hr,Valid
Embassy Kathmandu,PM2.5 - Principal,2018-12-18 09:00 AM,2018,12,18,9,139.6,194,Unhealthy,162.0,UG/M3,1 Hr,Valid
Embassy Kathmandu,PM2.5 - Principal,2018-12-18 10:00 AM,2018,12,18,10,124.5,187,Unhealthy,110.0,UG/M3,1 Hr,Valid
Embassy Kathmandu,PM2.5 - Principal,2018-12-18 11:00 AM,2018,12,18,11,115.9,182,Unhealthy,105.0,UG/M3,1 Hr,Valid
Embassy Kathmandu,PM2.5 - Principal,2018-12-18 12:00 PM,2018,12,18,12,100.1,174,Unhealthy,84.0,UG/M3,1 Hr,Valid
Embassy Kathmandu,PM2.5 - Principal,2018-12-18 01:00 PM,2018,12,18,13,75.7,161,Unhealthy,52.0,UG/M3,1 Hr,Valid
Embassy Kathmandu,PM2.5 - Principal,2018-12-18 02:00 PM,2018,12,18,14,57.8,152,Unhealthy,40.0,UG/M3,1 Hr,Valid
Embassy Kathmandu,PM2.5 - Principal,2018-12-18 03:00 PM,2018,12,18,15,48.4,133,Unhealthy for Sensitive Groups,39.0,UG/M3,1 Hr,Valid
Embassy Kathmandu,PM2.5 - Principal,2018-12-18 04:00 PM,2018,12,18,16,44.1,122,Unhealthy for Sensitive Groups,40.0,UG/M3,1 Hr,Valid
Embassy Kathmandu,PM2.5 - Principal,2018-12-18 05:00 PM,2018,12,18,17,44.5,123,Unhealthy for Sensitive Groups,45.0,UG/M3,1 Hr,Valid
Embassy Kathmandu,PM2.5 - Principal,2018-12-18 06:00 PM,2018,12,18,18,53.7,146,Unhealthy for Sensitive Groups,63.0,UG/M3,1 Hr,Valid
Embassy Kathmandu,PM2.5 - Principal,2018-12-18 07:00 PM,2018,12,18,19,60.3,153,Unhealthy,67.0,UG/M3,1 Hr,Valid
Embassy Kathmandu,PM2.5 - Principal,2018-12-18 08:00 PM,2018,12,18,20,62.6,155,Unhealthy,65.0,UG/M3,1 Hr,Valid
Embassy Kathmandu,PM2.5 - Principal,2018-12-18 09:00 PM,2018,12,18,21,64.3,156,Unhealthy,66.0,UG/M3,1 Hr,Valid
Embassy Kathmandu,PM2.5 - Principal,2018-12-18 10:00 PM,2018,12,18,22,67.6,157,Unhealthy,71.0,UG/M3,1 Hr,Valid
Embassy Kathmandu,PM2.5 - Principal,2018-12-18 11:00 PM,2018,12,18,23,67.8,157,Unhealthy,68.0,UG/M3,1 Hr,Valid
Embassy Kathmandu,PM2.5 - Principal,2018-12-19 12:00 AM,2018,12,19,0,68.1,158,Unhealthy,69.0,UG/M3,1 Hr,Valid
Embassy Kathmandu,PM2.5 - Principal,2018-12-19 01:00 AM,2018,12,19,1,73.7,160,Unhealthy,79.0,UG/M3,1 Hr,Valid
Embassy Kathmandu,PM2.5 - Principal,2018-12-19 02:00 AM,2018,12,19,2,76.8,162,Unhealthy,80.0,UG/M3,1 Hr,Valid
Embassy Kathmandu,PM2.5 - Principal,2018-12-19 03:00 AM,2018,12,19,3,71.9,159,Unhealthy,67.0,UG/M3,1 Hr,Valid
Embassy Kathmandu,PM2.5 - Principal,2018-12-19 04:00 AM,2018,12,19,4,71.6,159,Unhealthy,71.0,UG/M3,1 Hr,Valid
Embassy Kathmandu,PM2.5 - Principal,2018-12-19 05:00 AM,2018,12,19,5,78.1,163,Unhealthy,92.0,UG/M3,1 Hr,Valid
Embassy Kathmandu,PM2.5 - Principal,2018-12-19 06:00 AM,2018,12,19,6,89.8,169,Unhealthy,106.0,UG/M3,1 Hr,Valid
Embassy Kathmandu,PM2.5 - Principal,2018-12-19 07:00 AM,2018,12,19,7,110.5,179,Unhealthy,128.0,UG/M3,1 Hr,Valid
Embassy Kathmandu,PM2.5 - Principal,2018-12-19 08:00 AM,2018,12,19,8,115.4,182,Unhealthy,121.0,UG/M3,1 Hr,Valid
Embassy Kathmandu,PM2.5 - Principal,2018-12-19 09:00 AM,2018,12,19,9,135.5,192,Unhealthy,155.0,UG/M3,1 Hr,Valid
Embassy Kathmandu,PM2.5 - Principal,2018-12-19 10:00 AM,2018,12,19,10,128.7,189,Unhealthy,122.0,UG/M3,1 Hr,Valid
Embassy Kathmandu,PM2.5 - Principal,2018-12-19 11:00 AM,2018,12,19,11,102.8,175,Unhealthy,77.0,UG/M3,1 Hr,Valid
Embassy Kathmandu,PM2.5 - Principal,2018-12-19 12:00 PM,2018,12,19,12,95.4,172,Unhealthy,88.0,UG/M3,1 Hr,Valid
Embassy Kathmandu,PM2.5 - Principal,2018-12-19 01:00 PM,2018,12,19,13,80.7,164,Unhealthy,66.0,UG/M3,1 Hr,Valid
Embassy Kathmandu,PM2.5 - Principal,2018-12-19 02:00 PM,2018,12,19,14,73.3,160,Unhealthy,66.0,UG/M3,1 Hr,Valid
Embassy Kathmandu,PM2.5 - Principal,2018-12-19 03:00 PM,2018,12,19,15,71.1,159,Unhealthy,69.0,UG/M3,1 Hr,Valid
Embassy Kathmandu,PM2.5 - Principal,2018-12-19 04:00 PM,2018,12,19,16,69.0,158,Unhealthy,67.0,UG/M3,1 Hr,Valid
Embassy Kathmandu,PM2.5 - Principal,2018-12-19 05:00 PM,2018,12,19,17,63.0,155,Unhealthy,57.0,UG/M3,1 Hr,Valid
Embassy Kathmandu,PM2.5 - Principal,2018-12-19 06:00 PM,2018,12,19,18,75.5,161,Unhealthy,88.0,UG/M3,1 Hr,Valid
Embassy Kathmandu,PM2.5 - Principal,2018-12-19 07:00 PM,2018,12,19,19,87.2,167,Unhealthy,99.0,UG/M3,1 Hr,Valid
Embassy Kathmandu,PM2.5 - Principal,2018-12-19 08:00 PM,2018,12,19,20,117.6,183,Unhealthy,148.0,UG/M3,1 Hr,Valid
Embassy Kathmandu,PM2.5 - Principal,2018-12-19 09:00 PM,2018,12,19,21,168.8,219,Very Unhealthy,220.0,UG/M3,1 Hr,Valid
Embassy Kathmandu,PM2.5 - Principal,2018-12-19 10:00 PM,2018,12,19,22,160.4,211,Very Unhealthy,152.0,UG/M3,1 Hr,Valid
Embassy Kathmandu,PM2.5 - Principal,2018-12-19 11:00 PM,2018,12,19,23,130.7,190,Unhealthy,101.0,UG/M3,1 Hr,Valid
Embassy Kathmandu,PM2.5 - Principal,2018-12-20 12:00 AM,2018,12,20,0,110.3,179,Unhealthy,90.0,UG/M3,1 Hr,Valid
Embassy Kathmandu,PM2.5 - Principal,2018-12-20 01:00 AM,2018,12,20,1,106.1,177,Unhealthy,102.0,UG/M3,1 Hr,Valid
Embassy Kathmandu,PM2.5 - Principal,2018-12-20 02:00 AM,2018,12,20,2,90.5,169,Unhealthy,75.0,UG/M3,1 Hr,Valid
Embassy Kathmandu,PM2.5 - Principal,2018-12-20 03:00 AM,2018,12,20,3,79.7,163,Unhealthy,69.0,UG/M3,1 Hr,Valid
Embassy Kathmandu,PM2.5 - Principal,2018-12-20 04:00 AM,2018,12,20,4,76.3,162,Unhealthy,73.0,UG/M3,1 Hr,Valid
Embassy Kathmandu,PM2.5 - Principal,2018-12-20 05:00 AM,2018,12,20,5,78.2,163,Unhealthy,80.0,UG/M3,1 Hr,Valid
Embassy Kathmandu,PM2.5 - Principal,2018-12-20 06:00 AM,2018,12,20,6,80.6,164,Unhealthy,83.0,UG/M3,1 Hr,Valid
Embassy Kathmandu,PM2.5 - Principal,2018-12-20 07:00 AM,2018,12,20,7,100.3,174,Unhealthy,120.0,UG/M3,1 Hr,Valid
Embassy Kathmandu,PM2.5 - Principal,2018-12-20 08:00 AM,2018,12,20,8,101.1,175,Unhealthy,102.0,UG/M3,1 Hr,Valid
Embassy Kathmandu,PM2.5 - Principal,2018-12-20 09:00 AM,2018,12,20,9,122.0,185,Unhealthy,143.0,UG/M3,1 Hr,Valid
Embassy Kathmandu,PM2.5 - Principal,2018-12-20 10:00 AM,2018,12,20,10,152.5,203,Very Unhealthy,183.0,UG/M3,1 Hr,Valid
Embassy Kathmandu,PM2.5 - Principal,2018-12-20 11:00 AM,2018,12,20,11,157.7,208,Very Unhealthy,163.0,UG/M3,1 Hr,Valid
Embassy Kathmandu,PM2.5 - Principal,2018-12-20 12:00 PM,2018,12,20,12,137.8,193,Unhealthy,118.0,UG/M3,1 Hr,Valid
Embassy Kathmandu,PM2.5 - Principal,2018-12-20 01:00 PM,2018,12,20,13,115.9,182,Unhealthy,94.0,UG/M3,1 Hr,Valid
Embassy Kathmandu,PM2.5 - Principal,2018-12-20 02:00 PM,2018,12,20,14,103.4,176,Unhealthy,91.0,UG/M3,1 Hr,Valid
Embassy Kathmandu,PM2.5 - Principal,2018-12-20 03:00 PM,2018,12,20,15,87.7,168,Unhealthy,72.0,UG/M3,1 Hr,Valid
Embassy Kathmandu,PM2.5 - Principal,2018-12-20 04:00 PM,2018,12,20,16,78.8,163,Unhealthy,70.0,UG/M3,1 Hr,Valid
Embassy Kathmandu,PM2.5 - Principal,2018-12-20 05:00 PM,2018,12,20,17,80.4,164,Unhealthy,82.0,UG/M3,1 Hr,Valid
Embassy Kathmandu,PM2.5 - Principal,2018-12-20 06:00 PM,2018,12,20,18,85.7,167,Unhealthy,91.0,UG/M3,1 Hr,Valid
Embassy Kathmandu,PM2.5 - Principal,2018-12-20 07:00 PM,2018,12,20,19,95.8,172,Unhealthy,106.0,UG/M3,1 Hr,Valid
Embassy Kathmandu,PM2.5 - Principal,2018-12-20 08:00 PM,2018,12,20,20,107.4,178,Unhealthy,119.0,UG/M3,1 Hr,Valid
Embassy Kathmandu,PM2.5 - Principal,2018-12-20 09:00 PM,2018,12,20,21,139.7,194,Unhealthy,172.0,UG/M3,1 Hr,Valid
Embassy Kathmandu,PM2.5 - Principal,2018-12-20 10:00 PM,2018,12,20,22,160.3,211,Very Unhealthy,181.0,UG/M3,1 Hr,Valid
Embassy Kathmandu,PM2.5 - Principal,2018-12-20 11:00 PM,2018,12,20,23,156.6,207,Very Unhealthy,153.0,UG/M3,1 Hr,Valid
Embassy Kathmandu,PM2.5 - Principal,2018-12-21 12:00 AM,2018,12,21,0,133.8,191,Unhealthy,111.0,UG/M3,1 Hr,Valid
Embassy Kathmandu,PM2.5 - Principal,2018-12-21 01:00 AM,2018,12,21,1,112.9,181,Unhealthy,92.0,UG/M3,1 Hr,Valid
Embassy Kathmandu,PM2.5 - Principal,2018-12-21 02:00 AM,2018,12,21,2,107.4,178,Unhealthy,102.0,UG/M3,1 Hr,Valid
Embassy Kathmandu,PM2.5 - Principal,2018-12-21 03:00 AM,2018,12,21,3,105.2,177,Unhealthy,103.0,UG/M3,1 Hr,Valid
Embassy Kathmandu,PM2.5 - Principal,2018-12-21 04:00 AM,2018,12,21,4,104.6,176,Unhealthy,104.0,UG/M3,1 Hr,Valid
Embassy Kathmandu,PM2.5 - Principal,2018-12-21 05:00 AM,2018,12,21,5,98.8,173,Unhealthy,93.0,UG/M3,1 Hr,Valid
Embassy Kathmandu,PM2.5 - Principal,2018-12-21 06:00 AM,2018,12,21,6,94.4,171,Unhealthy,90.0,UG/M3,1 Hr,Valid
Embassy Kathmandu,PM2.5 - Principal,2018-12-21 07:00 AM,2018,12,21,7,101.7,175,Unhealthy,109.0,UG/M3,1 Hr,Valid
Embassy Kathmandu,PM2.5 - Principal,2018-12-21 08:00 AM,2018,12,21,8,107.8,178,Unhealthy,114.0,UG/M3,1 Hr,Valid
Embassy Kathmandu,PM2.5 - Principal,2018-12-21 09:00 AM,2018,12,21,9,106.4,177,Unhealthy,105.0,UG/M3,1 Hr,Valid
Embassy Kathmandu,PM2.5 - Principal,2018-12-21 10:00 AM,2018,12,21,10,112.9,181,Unhealthy,123.0,UG/M3,1 Hr,Valid
Embassy Kathmandu,PM2.5 - Principal,2018-12-21 11:00 AM,2018,12,21,11,91.7,170,Unhealthy,66.0,UG/M3,1 Hr,Valid
Embassy Kathmandu,PM2.5 - Principal,2018-12-21 12:00 PM,2018,12,21,12,79.7,163,Unhealthy,66.0,UG/M3,1 Hr,Valid
Embassy Kathmandu,PM2.5 - Principal,2018-12-21 01:00 PM,2018,12,21,13,76.1,162,Unhealthy,72.0,UG/M3,1 Hr,Valid
Embassy Kathmandu,PM2.5 - Principal,2018-12-21 02:00 PM,2018,12,21,14,72.8,160,Unhealthy,69.0,UG/M3,1 Hr,Valid
Embassy Kathmandu,PM2.5 - Principal,2018-12-21 03:00 PM,2018,12,21,15,72.4,160,Unhealthy,72.0,UG/M3,1 Hr,Valid
Embassy Kathmandu,PM2.5 - Principal,2018-12-21 04:00 PM,2018,12,21,16,69.4,158,Unhealthy,66.0,UG/M3,1 Hr,Valid
Embassy Kathmandu,PM2.5 - Principal,2018-12-21 05:00 PM,2018,12,21,17,69.6,158,Unhealthy,70.0,UG/M3,1 Hr,Valid
Embassy Kathmandu,PM2.5 - Principal,2018-12-21 06:00 PM,2018,12,21,18,75.8,161,Unhealthy,83.0,UG/M3,1 Hr,Valid
Embassy Kathmandu,PM2.5 - Principal,2018-12-21 07:00 PM,2018,12,21,19,79.6,163,Unhealthy,84.0,UG/M3,1 Hr,Valid
Embassy Kathmandu,PM2.5 - Principal,2018-12-21 08:00 PM,2018,12,21,20,87.2,167,Unhealthy,96.0,UG/M3,1 Hr,Valid
Embassy Kathmandu,PM2.5 - Principal,2018-12-21 09:00 PM,2018,12,21,21,88.9,168,Unhealthy,91.0,UG/M3,1 Hr,Valid
Embassy Kathmandu,PM2.5 - Principal,2018-12-21 10:00 PM,2018,12,21,22,98.4,173,Unhealthy,113.0,UG/M3,1 Hr,Valid
Embassy Kathmandu,PM2.5 - Principal,2018-12-21 11:00 PM,2018,12,21,23,101.6,175,Unhealthy,106.0,UG/M3,1 Hr,Valid
Embassy Kathmandu,PM2.5 - Principal,2018-12-22 12:00 AM,2018,12,22,0,97.6,173,Unhealthy,92.0,UG/M3,1 Hr,Valid
Embassy Kathmandu,PM2.5 - Principal,2018-12-22 01:00 AM,2018,12,22,1,99.0,173,Unhealthy,101.0,UG/M3,1 Hr,Valid
Embassy Kathmandu,PM2.5 - Principal,2018-12-22 02:00 AM,2018,12,22,2,95.3,172,Unhealthy,90.0,UG/M3,1 Hr,Valid
Embassy Kathmandu,PM2.5 - Principal,2018-12-22 03:00 AM,2018,12,22,3,92.2,170,Unhealthy,88.0,UG/M3,1 Hr,Valid
Embassy Kathmandu,PM2.5 - Principal,2018-12-22 04:00 AM,2018,12,22,4,89.7,169,Unhealthy,85.0,UG/M3,1 Hr,Valid
Embassy Kathmandu,PM2.5 - Principal,2018-12-22 05:00 AM,2018,12,22,5,88.7,168,Unhealthy,82.0,UG/M3,1 Hr,Valid
Embassy Kathmandu,PM2.5 - Principal,2018-12-22 06:00 AM,2018,12,22,6,89.6,169,Unhealthy,92.0,UG/M3,1 Hr,Valid
Embassy Kathmandu,PM2.5 - Principal,2018-12-22 07:00 AM,2018,12,22,7,93.4,171,Unhealthy,103.0,UG/M3,1 Hr,Valid
Embassy Kathmandu,PM2.5 - Principal,2018-12-22 08:00 AM,2018,12,22,8,105.7,177,Unhealthy,127.0,UG/M3,1 Hr,Valid
Embassy Kathmandu,PM2.5 - Principal,2018-12-22 09:00 AM,2018,12,22,9,125.9,187,Unhealthy,147.0,UG/M3,1 Hr,Valid
Embassy Kathmandu,PM2.5 - Principal,2018-12-22 10:00 AM,2018,12,22,10,117.9,183,Unhealthy,108.0,UG/M3,1 Hr,Valid
Embassy Kathmandu,PM2.5 - Principal,2018-12-22 11:00 AM,2018,12,22,11,86.7,167,Unhealthy,55.0,UG/M3,1 Hr,Valid
Embassy Kathmandu,PM2.5 - Principal,2018-12-22 12:00 PM,2018,12,22,12,60.8,154,Unhealthy,35.0,UG/M3,1 Hr,Valid
Embassy Kathmandu,PM2.5 - Principal,2018-12-22 01:00 PM,2018,12,22,13,48.9,134,Unhealthy for Sensitive Groups,37.0,UG/M3,1 Hr,Valid
Embassy Kathmandu,PM2.5 - Principal,2018-12-22 02:00 PM,2018,12,22,14,41.9,117,Unhealthy for Sensitive Groups,35.0,UG/M3,1 Hr,Valid
Embassy Kathmandu,PM2.5 - Principal,2018-12-22 03:00 PM,2018,12,22,15,34.4,98,Moderate,27.0,UG/M3,1 Hr,Valid
Embassy Kathmandu,PM2.5 - Principal,2018-12-22 04:00 PM,2018,12,22,16,35.7,101,Unhealthy for Sensitive Groups,37.0,UG/M3,1 Hr,Valid
Embassy Kathmandu,PM2.5 - Principal,2018-12-22 05:00 PM,2018,12,22,17,54.8,149,Unhealthy for Sensitive Groups,74.0,UG/M3,1 Hr,Valid
Embassy Kathmandu,PM2.5 - Principal,2018-12-22 06:00 PM,2018,12,22,18,77.9,163,Unhealthy,101.0,UG/M3,1 Hr,Valid
Embassy Kathmandu,PM2.5 - Principal,2018-12-22 07:00 PM,2018,12,22,19,92.4,170,Unhealthy,107.0,UG/M3,1 Hr,Valid
Embassy Kathmandu,PM2.5 - Principal,2018-12-22 08:00 PM,2018,12,22,20,97.2,173,Unhealthy,102.0,UG/M3,1 Hr,Valid
Embassy Kathmandu,PM2.5 - Principal,2018-12-22 09:00 PM,2018,12,22,21,118.6,184,Unhealthy,140.0,UG/M3,1 Hr,Valid
Embassy Kathmandu,PM2.5 - Principal,2018-12-22 10:00 PM,2018,12,22,22,120.8,185,Unhealthy,123.0,UG/M3,1 Hr,Valid
Embassy Kathmandu,PM2.5 - Principal,2018-12-22 11:00 PM,2018,12,22,23,130.9,190,Unhealthy,141.0,UG/M3,1 Hr,Valid
Embassy Kathmandu,PM2.5 - Principal,2018-12-23 12:00 AM,2018,12,23,0,102.9,175,Unhealthy,75.0,UG/M3,1 Hr,Valid
Embassy Kathmandu,PM2.5 - Principal,2018-12-23 01:00 AM,2018,12,23,1,86.4,167,Unhealthy,70.0,UG/M3,1 Hr,Valid
Embassy Kathmandu,PM2.5 - Principal,2018-12-23 02:00 AM,2018,12,23,2,80.2,164,Unhealthy,74.0,UG/M3,1 Hr,Valid
Embassy Kathmandu,PM2.5 - Principal,2018-12-23 03:00 AM,2018,12,23,3,80.1,164,Unhealthy,80.0,UG/M3,1 Hr,Valid
Embassy Kathmandu,PM2.5 - Principal,2018-12-23 04:00 AM,2018,12,23,4,74.5,161,Unhealthy,69.0,UG/M3,1 Hr,Valid
Embassy Kathmandu,PM2.5 - Principal,2018-12-23 05:00 AM,2018,12,23,5,71.7,159,Unhealthy,69.0,UG/M3,1 Hr,Valid
Embassy Kathmandu,PM2.5 - Principal,2018-12-23 06:00 AM,2018,12,23,6,69.8,158,Unhealthy,68.0,UG/M3,1 Hr,Valid
Embassy Kathmandu,PM2.5 - Principal,2018-12-23 07:00 AM,2018,12,23,7,81.4,164,Unhealthy,93.0,UG/M3,1 Hr,Valid
Embassy Kathmandu,PM2.5 - Principal,2018-12-23 08:00 AM,2018,12,23,8,95.2,171,Unhealthy,109.0,UG/M3,1 Hr,Valid
Embassy Kathmandu,PM2.5 - Principal,2018-12-23 09:00 AM,2018,12,23,9,125.1,187,Unhealthy,155.0,UG/M3,1 Hr,Valid
Embassy Kathmandu,PM2.5 - Principal,2018-12-23 10:00 AM,2018,12,23,10,137.5,193,Unhealthy,150.0,UG/M3,1 Hr,Valid
Embassy Kathmandu,PM2.5 - Principal,2018-12-23 11:00 AM,2018,12,23,11,128.2,189,Unhealthy,119.0,UG/M3,1 Hr,Valid
Embassy Kathmandu,PM2.5 - Principal,2018-12-23 12:00 PM,2018,12,23,12,86.6,167,Unhealthy,45.0,UG/M3,1 Hr,Valid
Embassy Kathmandu,PM2.5 - Principal,2018-12-23 01:00 PM,2018,12,23,13,65.8,156,Unhealthy,45.0,UG/M3,1 Hr,Valid
Embassy Kathmandu,PM2.5 - Principal,2018-12-23 02:00 PM,2018,12,23,14,47.4,130,Unhealthy for Sensitive Groups,29.0,UG/M3,1 Hr,Valid
Embassy Kathmandu,PM2.5 - Principal,2018-12-23 03:00 PM,2018,12,23,15,37.6,106,Unhealthy for Sensitive Groups,28.0,UG/M3,1 Hr,Valid
Embassy Kathmandu,PM2.5 - Principal,2018-12-23 04:00 PM,2018,12,23,16,47.3,130,Unhealthy for Sensitive Groups,57.0,UG/M3,1 Hr,Valid
Embassy Kathmandu,PM2.5 - Principal,2018-12-23 05:00 PM,2018,12,23,17,48.6,133,Unhealthy for Sensitive Groups,50.0,UG/M3,1 Hr,Valid
Embassy Kathmandu,PM2.5 - Principal,2018-12-23 06:00 PM,2018,12,23,18,48.8,134,Unhealthy for Sensitive Groups,49.0,UG/M3,1 Hr,Valid
Embassy Kathmandu,PM2.5 - Principal,2018-12-23 07:00 PM,2018,12,23,19,57.4,152,Unhealthy,66.0,UG/M3,1 Hr,Valid
Embassy Kathmandu,PM2.5 - Principal,2018-12-23 08:00 PM,2018,12,23,20,78.7,163,Unhealthy,100.0,UG/M3,1 Hr,Valid
Embassy Kathmandu,PM2.5 - Principal,2018-12-23 09:00 PM,2018,12,23,21,108.3,178,Unhealthy,138.0,UG/M3,1 Hr,Valid
Embassy Kathmandu,PM2.5 - Principal,2018-12-23 10:00 PM,2018,12,23,22,144.6,197,Unhealthy,181.0,UG/M3,1 Hr,Valid
Embassy Kathmandu,PM2.5 - Principal,2018-12-23 11:00 PM,2018,12,23,23,146.3,198,Unhealthy,148.0,UG/M3,1 Hr,Valid
Embassy Kathmandu,PM2.5 - Principal,2018-12-24 12:00 AM,2018,12,24,0,134.6,192,Unhealthy,123.0,UG/M3,1 Hr,Valid
Embassy Kathmandu,PM2.5 - Principal,2018-12-24 01:00 AM,2018,12,24,1,111.3,180,Unhealthy,88.0,UG/M3,1 Hr,Valid
Embassy Kathmandu,PM2.5 - Principal,2018-12-24 02:00 AM,2018,12,24,2,83.6,166,Unhealthy,56.0,UG/M3,1 Hr,Valid
Embassy Kathmandu,PM2.5 - Principal,2018-12-24 03:00 AM,2018,12,24,3,70.8,159,Unhealthy,58.0,UG/M3,1 Hr,Valid
Embassy Kathmandu,PM2.5 - Principal,2018-12-24 04:00 AM,2018,12,24,4,64.4,156,Unhealthy,58.0,UG/M3,1 Hr,Valid
Embassy Kathmandu,PM2.5 - Principal,2018-12-24 05:00 AM,2018,12,24,5,67.2,157,Unhealthy,70.0,UG/M3,1 Hr,Valid
Embassy Kathmandu,PM2.5 - Principal,2018-12-24 06:00 AM,2018,12,24,6,69.6,158,Unhealthy,72.0,UG/M3,1 Hr,Valid
Embassy Kathmandu,PM2.5 - Principal,2018-12-24 07:00 AM,2018,12,24,7,75.3,161,Unhealthy,81.0,UG/M3,1 Hr,Valid
Embassy Kathmandu,PM2.5 - Principal,2018-12-24 08:00 AM,2018,12,24,8,105.1,177,Unhealthy,135.0,UG/M3,1 Hr,Valid
Embassy Kathmandu,PM2.5 - Principal,2018-12-24 09:00 AM,2018,12,24,9,113.5,181,Unhealthy,122.0,UG/M3,1 Hr,Valid
Embassy Kathmandu,PM2.5 - Principal,2018-12-24 10:00 AM,2018,12,24,10,118.2,183,Unhealthy,123.0,UG/M3,1 Hr,Valid
Embassy Kathmandu,PM2.5 - Principal,2018-12-24 11:00 AM,2018,12,24,11,95.6,172,Unhealthy,73.0,UG/M3,1 Hr,Valid
Embassy Kathmandu,PM2.5 - Principal,2018-12-24 12:00 PM,2018,12,24,12,72.3,160,Unhealthy,49.0,UG/M3,1 Hr,Valid
Embassy Kathmandu,PM2.5 - Principal,2018-12-24 01:00 PM,2018,12,24,13,58.1,152,Unhealthy,44.0,UG/M3,1 Hr,Valid
Embassy Kathmandu,PM2.5 - Principal,2018-12-24 02:00 PM,2018,12,24,14,54.0,147,Unhealthy for Sensitive Groups,50.0,UG/M3,1 Hr,Valid
Embassy Kathmandu,PM2.5 - Principal,2018-12-24 03:00 PM,2018,12,24,15,49.5,135,Unhealthy for Sensitive Groups,45.0,UG/M3,1 Hr,Valid
Embassy Kathmandu,PM2.5 - Principal,2018-12-24 04:00 PM,2018,12,24,16,39.7,111,Unhealthy for Sensitive Groups,30.0,UG/M3,1 Hr,Valid
Embassy Kathmandu,PM2.5 - Principal,2018-12-24 05:00 PM,2018,12,24,17,37.8,107,Unhealthy for Sensitive Groups,36.0,UG/M3,1 Hr,Valid
Embassy Kathmandu,PM2.5 - Principal,2018-12-24 06:00 PM,2018,12,24,18,43.4,120,Unhealthy for Sensitive Groups,49.0,UG/M3,1 Hr,Valid
Embassy Kathmandu,PM2.5 - Principal,2018-12-24 07:00 PM,2018,12,24,19,53.7,146,Unhealthy for Sensitive Groups,64.0,UG/M3,1 Hr,Valid
Embassy Kathmandu,PM2.5 - Principal,2018-12-24 08:00 PM,2018,12,24,20,57.8,152,Unhealthy,62.0,UG/M3,1 Hr,Valid
Embassy Kathmandu,PM2.5 - Principal,2018-12-24 09:00 PM,2018,12,24,21,72.9,160,Unhealthy,88.0,UG/M3,1 Hr,Valid
Embassy Kathmandu,PM2.5 - Principal,2018-12-24 10:00 PM,2018,12,24,22,87.4,167,Unhealthy,102.0,UG/M3,1 Hr,Valid
Embassy Kathmandu,PM2.5 - Principal,2018-12-24 11:00 PM,2018,12,24,23,103.2,176,Unhealthy,119.0,UG/M3,1 Hr,Valid
Embassy Kathmandu,PM2.5 - Principal,2018-12-25 12:00 AM,2018,12,25,0,83.1,165,Unhealthy,63.0,UG/M3,1 Hr,Valid
Embassy Kathmandu,PM2.5 - Principal,2018-12-25 01:00 AM,2018,12,25,1,72.5,160,Unhealthy,62.0,UG/M3,1 Hr,Valid
Embassy Kathmandu,PM2.5 - Principal,2018-12-25 02:00 AM,2018,12,25,2,67.7,157,Unhealthy,63.0,UG/M3,1 Hr,Valid
Embassy Kathmandu,PM2.5 - Principal,2018-12-25 03:00 AM,2018,12,25,3,57.3,152,Unhealthy,47.0,UG/M3,1 Hr,Valid
Embassy Kathmandu,PM2.5 - Principal,2018-12-25 04:00 AM,2018,12,25,4,52.1,142,Unhealthy for Sensitive Groups,47.0,UG/M3,1 Hr,Valid
Embassy Kathmandu,PM2.5 - Principal,2018-12-25 05:00 AM,2018,12,25,5,52.1,142,Unhealthy for Sensitive Groups,52.0,UG/M3,1 Hr,Valid
Embassy Kathmandu,PM2.5 - Principal,2018-12-25 06:00 AM,2018,12,25,6,55.5,151,Unhealthy,59.0,UG/M3,1 Hr,Valid
Embassy Kathmandu,PM2.5 - Principal,2018-12-25 07:00 AM,2018,12,25,7,65.2,156,Unhealthy,75.0,UG/M3,1 Hr,Valid
Embassy Kathmandu,PM2.5 - Principal,2018-12-25 08:00 AM,2018,12,25,8,88.6,168,Unhealthy,112.0,UG/M3,1 Hr,Valid
Embassy Kathmandu,PM2.5 - Principal,2018-12-25 09:00 AM,2018,12,25,9,118.3,183,Unhealthy,148.0,UG/M3,1 Hr,Valid
Embassy Kathmandu,PM2.5 - Principal,2018-12-25 10:00 AM,2018,12,25,10,135.6,192,Unhealthy,153.0,UG/M3,1 Hr,Valid
Embassy Kathmandu,PM2.5 - Principal,2018-12-25 11:00 AM,2018,12,25,11,129.3,189,Unhealthy,123.0,UG/M3,1 Hr,Valid
Embassy Kathmandu,PM2.5 - Principal,2018-12-25 12:00 PM,2018,12,25,12,106.6,177,Unhealthy,84.0,UG/M3,1 Hr,Valid
Embassy Kathmandu,PM2.5 - Principal,2018-12-25 01:00 PM,2018,12,25,13,82.3,165,Unhealthy,58.0,UG/M3,1 Hr,Valid
Embassy Kathmandu,PM2.5 - Principal,2018-12-25 02:00 PM,2018,12,25,14,54.1,147,Unhealthy for Sensitive Groups,26.0,UG/M3,1 Hr,Valid
Embassy Kathmandu,PM2.5 - Principal,2018-12-25 03:00 PM,2018,12,25,15,42.5,118,Unhealthy for Sensitive Groups,31.0,UG/M3,1 Hr,Valid
Embassy Kathmandu,PM2.5 - Principal,2018-12-25 04:00 PM,2018,12,25,16,36.7,104,Unhealthy for Sensitive Groups,31.0,UG/M3,1 Hr,Valid
Embassy Kathmandu,PM2.5 - Principal,2018-12-25 05:00 PM,2018,12,25,17,35.3,100,Moderate,34.0,UG/M3,1 Hr,Valid
Embassy Kathmandu,PM2.5 - Principal,2018-12-25 06:00 PM,2018,12,25,18,36.1,102,Unhealthy for Sensitive Groups,37.0,UG/M3,1 Hr,Valid
Embassy Kathmandu,PM2.5 - Principal,2018-12-25 07:00 PM,2018,12,25,19,42.0,117,Unhealthy for Sensitive Groups,48.0,UG/M3,1 Hr,Valid
Embassy Kathmandu,PM2.5 - Principal,2018-12-25 08:00 PM,2018,12,25,20,68.0,157,Unhealthy,94.0,UG/M3,1 Hr,Valid
Embassy Kathmandu,PM2.5 - Principal,2018-12-25 09:00 PM,2018,12,25,21,63.0,155,Unhealthy,58.0,UG/M3,1 Hr,Valid
Embassy Kathmandu,PM2.5 - Principal,2018-12-25 10:00 PM,2018,12,25,22,91.0,169,Unhealthy,119.0,UG/M3,1 Hr,Valid
Embassy Kathmandu,PM2.5 - Principal,2018-12-25 11:00 PM,2018,12,25,23,96.4,172,Unhealthy,102.0,UG/M3,1 Hr,Valid
Embassy Kathmandu,PM2.5 - Principal,2018-12-26 12:00 AM,2018,12,26,0,80.2,164,Unhealthy,64.0,UG/M3,1 Hr,Valid
Embassy Kathmandu,PM2.5 - Principal,2018-12-26 01:00 AM,2018,12,26,1,72.1,160,Unhealthy,64.0,UG/M3,1 Hr,Valid
Embassy Kathmandu,PM2.5 - Principal,2018-12-26 02:00 AM,2018,12,26,2,68.5,158,Unhealthy,65.0,UG/M3,1 Hr,Valid
Embassy Kathmandu,PM2.5 - Principal,2018-12-26 03:00 AM,2018,12,26,3,58.2,152,Unhealthy,48.0,UG/M3,1 Hr,Valid
Embassy Kathmandu,PM2.5 - Principal,2018-12-26 04:00 AM,2018,12,26,4,51.1,139,Unhealthy for Sensitive Groups,44.0,UG/M3,1 Hr,Valid
Embassy Kathmandu,PM2.5 - Principal,2018-12-26 05:00 AM,2018,12,26,5,48.0,132,Unhealthy for Sensitive Groups,45.0,UG/M3,1 Hr,Valid
Embassy Kathmandu,PM2.5 - Principal,2018-12-26 06:00 AM,2018,12,26,6,47.0,129,Unhealthy for Sensitive Groups,46.0,UG/M3,1 Hr,Valid
Embassy Kathmandu,PM2.5 - Principal,2018-12-26 07:00 AM,2018,12,26,7,64.0,155,Unhealthy,81.0,UG/M3,1 Hr,Valid
Embassy Kathmandu,PM2.5 - Principal,2018-12-26 08:00 AM,2018,12,26,8,85.0,166,Unhealthy,106.0,UG/M3,1 Hr,Valid
Embassy Kathmandu,PM2.5 - Principal,2018-12-26 09:00 AM,2018,12,26,9,108.5,178,Unhealthy,132.0,UG/M3,1 Hr,Valid
Embassy Kathmandu,PM2.5 - Principal,2018-12-26 10:00 AM,2018,12,26,10,103.7,176,Unhealthy,99.0,UG/M3,1 Hr,Valid
Embassy Kathmandu,PM2.5 - Principal,2018-12-26 11:00 AM,2018,12,26,11,86.3,167,Unhealthy,69.0,UG/M3,1 Hr,Valid
Embassy Kathmandu,PM2.5 - Principal,2018-12-26 12:00 PM,2018,12,26,12,64.1,155,Unhealthy,42.0,UG/M3,1 Hr,Valid
Embassy Kathmandu,PM2.5 - Principal,2018-12-26 01:00 PM,2018,12,26,13,50.5,138,Unhealthy for Sensitive Groups,37.0,UG/M3,1 Hr,Valid
Embassy Kathmandu,PM2.5 - Principal,2018-12-26 02:00 PM,2018,12,26,14,43.2,120,Unhealthy for Sensitive Groups,36.0,UG/M3,1 Hr,Valid
Embassy Kathmandu,PM2.5 - Principal,2018-12-26 03:00 PM,2018,12,26,15,52.6,143,Unhealthy for Sensitive Groups,62.0,UG/M3,1 Hr,Valid
Embassy Kathmandu,PM2.5 - Principal,2018-12-26 04:00 PM,2018,12,26,16,51.3,140,Unhealthy for Sensitive Groups,50.0,UG/M3,1 Hr,Valid
Embassy Kathmandu,PM2.5 - Principal,2018-12-26 05:00 PM,2018,12,26,17,50.6,138,Unhealthy for Sensitive Groups,50.0,UG/M3,1 Hr,Valid
Embassy Kathmandu,PM2.5 - Principal,2018-12-26 06:00 PM,2018,12,26,18,49.3,135,Unhealthy for Sensitive Groups,48.0,UG/M3,1 Hr,Valid
Embassy Kathmandu,PM2.5 - Principal,2018-12-26 07:00 PM,2018,12,26,19,60.6,154,Unhealthy,72.0,UG/M3,1 Hr,Valid
Embassy Kathmandu,PM2.5 - Principal,2018-12-26 08:00 PM,2018,12,26,20,66.3,157,Unhealthy,72.0,UG/M3,1 Hr,Valid
Embassy Kathmandu,PM2.5 - Principal,2018-12-26 09:00 PM,2018,12,26,21,79.6,163,Unhealthy,93.0,UG/M3,1 Hr,Valid
Embassy Kathmandu,PM2.5 - Principal,2018-12-26 10:00 PM,2018,12,26,22,89.8,169,Unhealthy,100.0,UG/M3,1 Hr,Valid
Embassy Kathmandu,PM2.5 - Principal,2018-12-26 11:00 PM,2018,12,26,23,89.8,169,Unhealthy,-999.0,UG/M3,1 Hr,Missing
Embassy Kathmandu,PM2.5 - Principal,2018-12-27 12:00 AM,2018,12,27,0,89.8,169,Unhealthy,-999.0,UG/M3,1 Hr,Missing
Embassy Kathmandu,PM2.5 - Principal,2018-12-27 01:00 AM,2018,12,27,1,89.8,169,Unhealthy,-999.0,UG/M3,1 Hr,Missing
Embassy Kathmandu,PM2.5 - Principal,2018-12-27 02:00 AM,2018,12,27,2,89.8,169,Unhealthy,-999.0,UG/M3,1 Hr,Missing
Embassy Kathmandu,PM2.5 - Principal,2018-12-28 06:00 PM,2018,12,28,18,-999.0,-999,,63.0,UG/M3,1 Hr,Valid
Embassy Kathmandu,PM2.5 - Principal,2018-12-28 07:00 PM,2018,12,28,19,67.8,157,Unhealthy,72.0,UG/M3,1 Hr,Valid
Embassy Kathmandu,PM2.5 - Principal,2018-12-28 08:00 PM,2018,12,28,20,68.2,158,Unhealthy,69.0,UG/M3,1 Hr,Valid
Embassy Kathmandu,PM2.5 - Principal,2018-12-28 09:00 PM,2018,12,28,21,68.1,158,Unhealthy,68.0,UG/M3,1 Hr,Valid
Embassy Kathmandu,PM2.5 - Principal,2018-12-28 10:00 PM,2018,12,28,22,96.0,172,Unhealthy,123.0,UG/M3,1 Hr,Valid
Embassy Kathmandu,PM2.5 - Principal,2018-12-28 11:00 PM,2018,12,28,23,113.5,181,Unhealthy,130.0,UG/M3,1 Hr,Valid
Embassy Kathmandu,PM2.5 - Principal,2018-12-29 12:00 AM,2018,12,29,0,111.7,180,Unhealthy,110.0,UG/M3,1 Hr,Valid
Embassy Kathmandu,PM2.5 - Principal,2018-12-29 01:00 AM,2018,12,29,1,100.3,174,Unhealthy,89.0,UG/M3,1 Hr,Valid
Embassy Kathmandu,PM2.5 - Principal,2018-12-29 02:00 AM,2018,12,29,2,81.1,164,Unhealthy,62.0,UG/M3,1 Hr,Valid
Embassy Kathmandu,PM2.5 - Principal,2018-12-29 03:00 AM,2018,12,29,3,73.5,160,Unhealthy,66.0,UG/M3,1 Hr,Valid
Embassy Kathmandu,PM2.5 - Principal,2018-12-29 04:00 AM,2018,12,29,4,68.7,158,Unhealthy,64.0,UG/M3,1 Hr,Valid
Embassy Kathmandu,PM2.5 - Principal,2018-12-29 05:00 AM,2018,12,29,5,68.8,158,Unhealthy,69.0,UG/M3,1 Hr,Valid
Embassy Kathmandu,PM2.5 - Principal,2018-12-29 06:00 AM,2018,12,29,6,76.4,162,Unhealthy,84.0,UG/M3,1 Hr,Valid
Embassy Kathmandu,PM2.5 - Principal,2018-12-29 07:00 AM,2018,12,29,7,84.2,166,Unhealthy,92.0,UG/M3,1 Hr,Valid
Embassy Kathmandu,PM2.5 - Principal,2018-12-29 08:00 AM,2018,12,29,8,114.6,182,Unhealthy,145.0,UG/M3,1 Hr,Valid
Embassy Kathmandu,PM2.5 - Principal,2018-12-29 09:00 AM,2018,12,29,9,141.8,196,Unhealthy,169.0,UG/M3,1 Hr,Valid
Embassy Kathmandu,PM2.5 - Principal,2018-12-29 10:00 AM,2018,12,29,10,148.9,199,Unhealthy,156.0,UG/M3,1 Hr,Valid
Embassy Kathmandu,PM2.5 - Principal,2018-12-29 11:00 AM,2018,12,29,11,128.4,189,Unhealthy,108.0,UG/M3,1 Hr,Valid
Embassy Kathmandu,PM2.5 - Principal,2018-12-29 12:00 PM,2018,12,29,12,98.2,173,Unhealthy,68.0,UG/M3,1 Hr,Valid
Embassy Kathmandu,PM2.5 - Principal,2018-12-29 01:00 PM,2018,12,29,13,83.6,166,Unhealthy,69.0,UG/M3,1 Hr,Valid
Embassy Kathmandu,PM2.5 - Principal,2018-12-29 02:00 PM,2018,12,29,14,60.3,153,Unhealthy,37.0,UG/M3,1 Hr,Valid
Embassy Kathmandu,PM2.5 - Principal,2018-12-29 03:00 PM,2018,12,29,15,47.1,130,Unhealthy for Sensitive Groups,34.0,UG/M3,1 Hr,Valid
Embassy Kathmandu,PM2.5 - Principal,2018-12-29 04:00 PM,2018,12,29,16,44.5,123,Unhealthy for Sensitive Groups,42.0,UG/M3,1 Hr,Valid
Embassy Kathmandu,PM2.5 - Principal,2018-12-29 05:00 PM,2018,12,29,17,42.7,119,Unhealthy for Sensitive Groups,41.0,UG/M3,1 Hr,Valid
Embassy Kathmandu,PM2.5 - Principal,2018-12-29 06:00 PM,2018,12,29,18,49.8,136,Unhealthy for Sensitive Groups,57.0,UG/M3,1 Hr,Valid
Embassy Kathmandu,PM2.5 - Principal,2018-12-29 07:00 PM,2018,12,29,19,57.9,152,Unhealthy,66.0,UG/M3,1 Hr,Valid
Embassy Kathmandu,PM2.5 - Principal,2018-12-29 08:00 PM,2018,12,29,20,77.9,163,Unhealthy,98.0,UG/M3,1 Hr,Valid
Embassy Kathmandu,PM2.5 - Principal,2018-12-29 09:00 PM,2018,12,29,21,146.4,198,Unhealthy,215.0,UG/M3,1 Hr,Valid
Embassy Kathmandu,PM2.5 - Principal,2018-12-29 10:00 PM,2018,12,29,22,186.2,236,Very Unhealthy,226.0,UG/M3,1 Hr,Valid
Embassy Kathmandu,PM2.5 - Principal,2018-12-29 11:00 PM,2018,12,29,23,181.6,232,Very Unhealthy,177.0,UG/M3,1 Hr,Valid
Embassy Kathmandu,PM2.5 - Principal,2018-12-30 12:00 AM,2018,12,30,0,167.8,218,Very Unhealthy,154.0,UG/M3,1 Hr,Valid
Embassy Kathmandu,PM2.5 - Principal,2018-12-30 01:00 AM,2018,12,30,1,140.4,195,Unhealthy,113.0,UG/M3,1 Hr,Valid
Embassy Kathmandu,PM2.5 - Principal,2018-12-30 02:00 AM,2018,12,30,2,111.7,180,Unhealthy,83.0,UG/M3,1 Hr,Valid
Embassy Kathmandu,PM2.5 - Principal,2018-12-30 03:00 AM,2018,12,30,3,100.3,174,Unhealthy,89.0,UG/M3,1 Hr,Valid
Embassy Kathmandu,PM2.5 - Principal,2018-12-30 04:00 AM,2018,12,30,4,96.6,172,Unhealthy,93.0,UG/M3,1 Hr,Valid
Embassy Kathmandu,PM2.5 - Principal,2018-12-30 05:00 AM,2018,12,30,5,92.3,170,Unhealthy,88.0,UG/M3,1 Hr,Valid
Embassy Kathmandu,PM2.5 - Principal,2018-12-30 06:00 AM,2018,12,30,6,94.1,171,Unhealthy,96.0,UG/M3,1 Hr,Valid
Embassy Kathmandu,PM2.5 - Principal,2018-12-30 07:00 AM,2018,12,30,7,102.0,175,Unhealthy,110.0,UG/M3,1 Hr,Valid
Embassy Kathmandu,PM2.5 - Principal,2018-12-30 08:00 AM,2018,12,30,8,111.0,180,Unhealthy,120.0,UG/M3,1 Hr,Valid
Embassy Kathmandu,PM2.5 - Principal,2018-12-30 09:00 AM,2018,12,30,9,140.0,195,Unhealthy,169.0,UG/M3,1 Hr,Valid
Embassy Kathmandu,PM2.5 - Principal,2018-12-30 10:00 AM,2018,12,30,10,157.5,208,Very Unhealthy,175.0,UG/M3,1 Hr,Valid
Embassy Kathmandu,PM2.5 - Principal,2018-12-30 11:00 AM,2018,12,30,11,132.7,191,Unhealthy,108.0,UG/M3,1 Hr,Valid
Embassy Kathmandu,PM2.5 - Principal,2018-12-30 12:00 PM,2018,12,30,12,104.8,176,Unhealthy,77.0,UG/M3,1 Hr,Valid
Embassy Kathmandu,PM2.5 - Principal,2018-12-30 01:00 PM,2018,12,30,13,83.4,165,Unhealthy,62.0,UG/M3,1 Hr,Valid
Embassy Kathmandu,PM2.5 - Principal,2018-12-30 02:00 PM,2018,12,30,14,65.2,156,Unhealthy,47.0,UG/M3,1 Hr,Valid
Embassy Kathmandu,PM2.5 - Principal,2018-12-30 03:00 PM,2018,12,30,15,62.1,154,Unhealthy,59.0,UG/M3,1 Hr,Valid
Embassy Kathmandu,PM2.5 - Principal,2018-12-30 04:00 PM,2018,12,30,16,52.5,143,Unhealthy for Sensitive Groups,43.0,UG/M3,1 Hr,Valid
Embassy Kathmandu,PM2.5 - Principal,2018-12-30 05:00 PM,2018,12,30,17,47.7,131,Unhealthy for Sensitive Groups,43.0,UG/M3,1 Hr,Valid
Embassy Kathmandu,PM2.5 - Principal,2018-12-30 06:00 PM,2018,12,30,18,53.3,145,Unhealthy for Sensitive Groups,59.0,UG/M3,1 Hr,Valid
Embassy Kathmandu,PM2.5 - Principal,2018-12-30 07:00 PM,2018,12,30,19,68.1,158,Unhealthy,83.0,UG/M3,1 Hr,Valid
Embassy Kathmandu,PM2.5 - Principal,2018-12-30 08:00 PM,2018,12,30,20,95.0,171,Unhealthy,122.0,UG/M3,1 Hr,Valid
Embassy Kathmandu,PM2.5 - Principal,2018-12-30 09:00 PM,2018,12,30,21,150.5,201,Very Unhealthy,206.0,UG/M3,1 Hr,Valid
Embassy Kathmandu,PM2.5 - Principal,2018-12-30 10:00 PM,2018,12,30,22,262.8,313,Hazardous,375.0,UG/M3,1 Hr,Valid
Embassy Kathmandu,PM2.5 - Principal,2018-12-30 11:00 PM,2018,12,30,23,229.9,280,Very Unhealthy,197.0,UG/M3,1 Hr,Valid
Embassy Kathmandu,PM2.5 - Principal,2018-12-31 12:00 AM,2018,12,31,0,186.4,237,Very Unhealthy,143.0,UG/M3,1 Hr,Valid
Embassy Kathmandu,PM2.5 - Principal,2018-12-31 01:00 AM,2018,12,31,1,150.2,200,Unhealthy,114.0,UG/M3,1 Hr,Valid
Embassy Kathmandu,PM2.5 - Principal,2018-12-31 02:00 AM,2018,12,31,2,128.1,188,Unhealthy,106.0,UG/M3,1 Hr,Valid
Embassy Kathmandu,PM2.5 - Principal,2018-12-31 03:00 AM,2018,12,31,3,117.0,183,Unhealthy,106.0,UG/M3,1 Hr,Valid
Embassy Kathmandu,PM2.5 - Principal,2018-12-31 04:00 AM,2018,12,31,4,109.5,179,Unhealthy,102.0,UG/M3,1 Hr,Valid
Embassy Kathmandu,PM2.5 - Principal,2018-12-31 05:00 AM,2018,12,31,5,100.7,174,Unhealthy,92.0,UG/M3,1 Hr,Valid
Embassy Kathmandu,PM2.5 - Principal,2018-12-31 06:00 AM,2018,12,31,6,100.8,174,Unhealthy,101.0,UG/M3,1 Hr,Valid
Embassy Kathmandu,PM2.5 - Principal,2018-12-31 07:00 AM,2018,12,31,7,100.4,174,Unhealthy,100.0,UG/M3,1 Hr,Valid
Embassy Kathmandu,PM2.5 - Principal,2018-12-31 08:00 AM,2018,12,31,8,127.7,188,Unhealthy,155.0,UG/M3,1 Hr,Valid
Embassy Kathmandu,PM2.5 - Principal,2018-12-31 09:00 AM,2018,12,31,9,172.3,223,Very Unhealthy,217.0,UG/M3,1 Hr,Valid
Embassy Kathmandu,PM2.5 - Principal,2018-12-31 10:00 AM,2018,12,31,10,177.1,227,Very Unhealthy,182.0,UG/M3,1 Hr,Valid
Embassy Kathmandu,PM2.5 - Principal,2018-12-31 11:00 AM,2018,12,31,11,165.0,215,Very Unhealthy,153.0,UG/M3,1 Hr,Valid
Embassy Kathmandu,PM2.5 - Principal,2018-12-31 12:00 PM,2018,12,31,12,126.0,187,Unhealthy,87.0,UG/M3,1 Hr,Valid
Embassy Kathmandu,PM2.5 - Principal,2018-12-31 01:00 PM,2018,12,31,13,103.0,176,Unhealthy,80.0,UG/M3,1 Hr,Valid
Embassy Kathmandu,PM2.5 - Principal,2018-12-31 02:00 PM,2018,12,31,14,68.4,158,Unhealthy,34.0,UG/M3,1 Hr,Valid
Embassy Kathmandu,PM2.5 - Principal,2018-12-31 03:00 PM,2018,12,31,15,58.2,152,Unhealthy,48.0,UG/M3,1 Hr,Valid
Embassy Kathmandu,PM2.5 - Principal,2018-12-31 04:00 PM,2018,12,31,16,47.6,131,Unhealthy for Sensitive Groups,37.0,UG/M3,1 Hr,Valid
Embassy Kathmandu,PM2.5 - Principal,2018-12-31 05:00 PM,2018,12,31,17,45.8,126,Unhealthy for Sensitive Groups,44.0,UG/M3,1 Hr,Valid
Embassy Kathmandu,PM2.5 - Principal,2018-12-31 06:00 PM,2018,12,31,18,44.8,124,Unhealthy for Sensitive Groups,44.0,UG/M3,1 Hr,Valid
Embassy Kathmandu,PM2.5 - Principal,2018-12-31 07:00 PM,2018,12,31,19,50.9,139,Unhealthy for Sensitive Groups,57.0,UG/M3,1 Hr,Valid
Embassy Kathmandu,PM2.5 - Principal,2018-12-31 08:00 PM,2018,12,31,20,75.9,162,Unhealthy,101.0,UG/M3,1 Hr,Valid
Embassy Kathmandu,PM2.5 - Principal,2018-12-31 09:00 PM,2018,12,31,21,101.4,175,Unhealthy,127.0,UG/M3,1 Hr,Valid
Embassy Kathmandu,PM2.5 - Principal,2018-12-31 10:00 PM,2018,12,31,22,131.7,190,Unhealthy,162.0,UG/M3,1 Hr,Valid
Embassy Kathmandu,PM2.5 - Principal,2018-12-31 11:00 PM,2018,12,31,23,143.3,196,Unhealthy,155.0,UG/M3,1 Hr,Valid
Embassy Kathmandu,PM2.5 - Principal,2019-01-01 12:00 AM,2019,1,1,0,137.6,193,Unhealthy,132.0,UG/M3,1 Hr,Valid
